ticker,horizon_days,moneyness,hedge_interval_days,entry_date,exit_date,entry_spot,exit_spot,strike,entry_iv,realized_vol,iv_minus_realized,entry_premium,exit_value,gross_pnl_per_share,gross_pnl_pct_spot,gross_pnl_pct_premium,theta_pct_premium,gamma_pct_premium,vega_pct_premium,residual_pct_premium,theta_pnl,gamma_pnl,vega_pnl,residual_pnl,hedge_pnl,financing_pnl,cost_dollars,capital_dollars,short_net_pnl,short_return_on_capital,rebalances,entry_vix,in_sample,attribution_error
INDEX,21,1.0,1,2011-01-07,2011-02-08,1271.5,1324.5699462890625,1274.629616076967,0.17209411370701425,0.11261815727280766,0.059475956434206584,50.34040145043464,49.94033021209543,-11.384726380158293,-0.008953776154273136,-0.22615485876424207,-0.5982101503654955,0.27847942048891794,-0.02586023717831761,0.11943610829065304,-30.114139121123912,14.018765823096523,-1.3018147211599636,6.012461639029059,-12.550037396018997,1.5653822541999123,67.75229104262755,25430.0,1070.7203469732017,0.04210461450936696,20,0.1714,True,1.7763568394002505e-15
INDEX,21,1.0,1,2011-02-08,2011-03-10,1324.5699462890625,1295.1099853515625,1327.8301864770087,0.15853853075468813,0.1482265867407267,0.010311944013961433,48.311528508709536,32.72020112544624,-2.297467949945041,-0.001734501040418187,-0.04755527346916496,-0.9642176275266902,0.7269394819378738,0.24648783994731946,-0.05676496782766833,-46.58282740085596,35.11955750574813,11.908204306665157,-2.742402361502378,13.744424388196952,-0.4505649548786931,69.87953370304785,26491.39892578125,159.86726129145626,0.006034685512054047,20,0.15810000000000002,True,8.43769498715119e-15
INDEX,21,1.0,1,2011-03-10,2011-04-08,1295.1099853515625,1328.1700439453125,1298.2977140433413,0.21898145504052025,0.12432767833470913,0.09465377670581111,65.2410039068717,29.87232990197117,-30.515866779583256,-0.023562374720861725,-0.4677406071669765,-0.528372694435963,0.17289129715149829,-0.12248123463413811,0.0102220247516262,-34.471565021980986,11.279601792925016,-7.990798707284274,0.6668951567569841,3.647388798241794,1.205418427075473,79.9825905272718,25902.19970703125,2971.604087431054,0.11472400495099266,20,0.2188,True,7.105427357601002e-15
INDEX,21,1.0,1,2011-04-08,2011-05-10,1328.1700439453125,1357.1600341796875,1331.4391452606703,0.17916711366318125,0.09987576507107536,0.07929134859210589,54.744756202592974,25.72088891901717,-25.608312893876914,-0.019280899317535984,-0.4677765446449094,-0.6772554326778889,0.2479973114208257,-0.0941131765964215,0.05559475320857514,-37.076183548832645,13.57655235263163,-5.152202908222674,3.0435212105467695,2.6165634384509433,0.7989909512479436,74.13114628839918,26563.40087890625,2486.7001430992923,0.09361377161137367,20,0.1787,True,7.105427357601002e-15
INDEX,21,1.0,1,2011-05-10,2011-06-09,1357.1600341796875,1289.0,1360.500490225292,0.15963501466177943,0.13461946908613373,0.025015545575645698,49.84249162707396,71.50049022529197,-1.6993681161317655,-0.0012521501321389264,-0.03409476654671664,-0.4263029082028562,0.39365342431257944,0.13480497962966598,-0.1362502622861058,-21.24799913269814,19.620667505268734,6.719016068479503,-6.7910525571818585,-20.817482398988314,-2.5398843153614594,64.59433945723676,27143.20068359375,105.3424721559398,0.003880989327084491,20,0.1591,True,3.774758283725532e-15
INDEX,21,1.0,1,2011-06-09,2011-07-11,1289.0,1319.489990234375,1292.1726898334334,0.17801365988323153,0.16208979669709275,0.01592386318613878,52.788268335970805,27.317300400941576,-7.971820646411219,-0.0061845001135851195,-0.15101500575231197,-0.5552585749825636,0.38552643195119496,0.002951929045855181,0.015765208233201482,-29.311138652028333,20.35127274044907,0.15582722258134957,0.8322180425866961,16.69636616944485,0.802781119173158,71.62696728626064,25780.0,725.5550973548612,0.028144107732927123,20,0.1777,True,0.0
INDEX,21,1.0,1,2011-07-11,2011-08-09,1319.489990234375,1172.530029296875,1322.7377268343237,0.1842351206661978,0.3658338779952258,-0.18159875732902803,55.92503879062361,150.20769753744867,5.5458849028917925,0.0042030518942449135,0.09916640243478231,-0.5526245700543798,0.5585531032055785,0.2750070245589471,-0.18176915527536333,-30.905550516942885,31.237103963395167,15.379778516153095,-10.16544705971358,-87.46844016012349,-1.268333683809776,72.45856927867949,26389.7998046875,-627.0470595678588,-0.0237609631072866,20,0.1839,True,5.329070518200751e-15
INDEX,21,1.0,1,2011-08-09,2011-09-08,1172.530029296875,1185.9000244140625,1175.4160448929538,0.34983823482853504,0.3688214383446914,-0.018983203516156344,94.33778522051593,10.483979521108722,-11.153618116889373,-0.009512437070441433,-0.1182306547775913,-0.7784137163741872,0.7274752612345925,0.02810243744383235,-0.09539463708182884,-73.43382598801168,68.6284049475877,2.651121707749241,-8.999318784214633,72.49495806634278,0.20522951617506374,121.58458381829078,23450.6005859375,993.7772278706465,0.04237747447997471,20,0.3506,True,0.0
INDEX,21,1.0,1,2011-09-08,2011-10-07,1185.9000244140625,1155.4599609375,1188.8189483480633,0.34307772154458205,0.2952927215180312,0.04778500002655084,93.57117557608206,33.35898741056326,-19.96134471478267,-0.01683223231624884,-0.21332792488593072,-0.72575992433468,0.43432843675355015,0.15751166208632789,-0.07940809939112883,-67.91020930600436,40.64062241315169,14.738551388360294,-7.430309210290291,41.4208443725224,-1.1700009217862788,110.38214236151899,23718.00048828125,1885.752329116748,0.07950722195357375,20,0.3432,True,0.0
INDEX,21,1.0,1,2011-10-07,2011-11-07,1155.4599609375,1261.1199951171875,1158.3039609925859,0.36222783147935883,0.2852307362720112,0.07699709520734765,96.25379174965053,102.81603412460163,-11.097430032165832,-0.009604339749827214,-0.11529343239827353,-0.34291760131202703,0.2556270739409518,-0.21568621704878788,0.18768331202158958,-33.00711938397754,24.605075140684892,-20.760616219083953,18.065230430210764,-20.208262854662223,2.5485904475452834,112.60674462783045,23109.19921875,997.1362585887528,0.04314888842101076,20,0.36200000000000004,True,3.552713678800501e-15
INDEX,21,1.0,1,2011-11-07,2011-12-07,1261.1199951171875,1261.010009765625,1264.224062291158,0.29881715403568826,0.2746982333955826,0.02411892064010568,86.67747616074314,3.2140525255329067,-34.080839148136675,-0.02702426357530694,-0.39319141093741417,-0.7004954379040981,0.4020572736188225,0.0703209052759075,-0.16507415192804623,-60.71717661964178,34.84930974934887,6.095238590654348,-14.308210868498117,50.98013677453069,-1.597552287457136,104.6226682907119,25222.39990234375,3303.4612465229557,0.1309733117908414,20,0.2985,True,7.105427357601002e-15
INDEX,21,1.0,1,2011-12-07,2012-01-09,1261.010009765625,1280.699951171875,1264.1138062263242,0.287107445402378,0.18625684861835445,0.10085059678402353,83.27557751336136,16.586144945550814,-43.792128050508715,-0.034727819534634816,-0.5258700012435504,-0.6128706048737017,0.28001313663137906,-0.177265755138183,-0.01574677786304487,-51.0371535618206,23.31825566430585,-14.761908132474291,-1.3113220205196758,23.383868991003013,-0.4865644737011827,102.28523740244107,25220.2001953125,4276.92756764843,0.16958341069962451,20,0.2867,True,7.105427357601002e-15
INDEX,21,1.0,1,2012-01-09,2012-02-08,1280.699951171875,1349.9599609375,1283.8522116177724,0.21136036970985786,0.09066290761784576,0.1206974620920121,62.27052742045644,66.10774931972765,-24.76634173287507,-0.019338129676832735,-0.39772172741769807,-0.4670523054400416,0.10326372100611834,-0.10215266802928295,0.06821952504550814,-29.08359339269151,6.430286370449856,-6.361100515590248,4.24806580495683,-30.752257063534124,2.148693431387849,72.64973143331287,25613.9990234375,2403.9844418541943,0.09385431925934266,20,0.2107,True,0.0
INDEX,21,1.0,1,2012-02-08,2012-03-09,1349.9599609375,1370.8699951171875,1353.2826950287401,0.1821441307963604,0.0966845510447367,0.08545957975162372,56.56724078184321,17.587300088447364,-29.00732694118846,-0.021487546135104545,-0.5127937396320583,-0.8177511815733646,0.25435533650755143,0.0029741298130530414,0.04762797562070194,-46.2579279876973,14.388179564369418,0.16823831725142974,2.694183164888005,9.328774289343105,0.6438394628642866,76.16544139381806,26999.19921875,2824.5672527250276,0.10461670473409687,20,0.1816,True,1.0658141036401503e-14
INDEX,21,1.0,1,2012-03-09,2012-04-10,1370.8699951171875,1358.5899658203125,1374.2441962781395,0.17202841787266718,0.12465289621546204,0.04737552165720514,54.25387897799834,15.654230457826998,-6.431531920626739,-0.00469156954600713,-0.11854510759009375,-0.5982582137792092,0.469455481923414,-0.07431948774839049,0.08457711201409192,-32.45782872797067,25.46978090183079,-4.032120494008008,4.588636399521152,29.74906875925403,2.4190478402905766,70.94157831883533,27417.39990234375,572.2116137438386,0.020870382158117175,20,0.1711,True,2.6645352591003757e-15
INDEX,21,1.0,1,2012-04-10,2012-05-09,1358.5899658203125,1354.5799560546875,1361.9339414389028,0.2043750518371499,0.1318793902544431,0.07249566158270682,63.875197026968614,7.353985384215321,-29.540384980334824,-0.0217434146604332,-0.4624703539914349,-0.6626136638059492,0.30013475201173934,-0.12839034782826292,0.028398905631037908,-42.32457832836655,19.171166419390214,-8.200958763891325,1.8139856925328348,25.325170188803906,1.6556564736145607,84.48442264487677,27171.79931640625,2869.5540753886057,0.10560780469389003,20,0.2039,True,0.0
INDEX,21,1.0,1,2012-05-09,2012-06-08,1354.5799560546875,1325.6600341796875,1357.9140616056166,0.20110357317277366,0.1667825778992093,0.03432099527356436,62.66750468207579,32.25402742592905,-9.656050067732497,-0.007128445998755544,-0.15408384483664192,-0.5036830790840219,0.2734743340412229,0.20171287536075508,-0.125587975154598,-31.564561716780293,17.137954108955896,12.640842561105089,-7.870285021013188,23.18561560398733,-2.428188415573097,75.4134404465193,27091.59912109375,890.1915663267305,0.03285858329542533,20,0.20079999999999998,True,0.0
INDEX,21,1.0,1,2012-06-08,2012-07-10,1325.6600341796875,1341.469970703125,1328.9229574636524,0.21281438329013344,0.17049647579220636,0.042317907497927076,64.89986622449676,12.547013239472562,-14.014270680618647,-0.010571541963464725,-0.215936819224581,-0.5627953292131691,0.45858913645248967,-0.1322471732148125,0.020516546750911097,-36.52534157770629,29.76237360777407,-8.582823850209182,1.331521139522764,37.12240241129217,1.216179893113381,87.30808035157837,26513.20068359375,1314.1189877102863,0.0495647056495694,20,0.21230000000000002,True,5.329070518200751e-15
INDEX,21,1.0,1,2012-07-10,2012-08-08,1341.469970703125,1402.219970703125,1344.771807893122,0.18765917195973442,0.145625155601165,0.042034016358569404,57.91307188183977,57.44816281000294,-7.404129885236504,-0.005519415303315112,-0.1278490269061046,-0.5211514762086665,0.43420640585690357,-0.11294682994963617,0.07204287339529453,-30.181482902999413,25.14622679394615,-6.541097881699213,4.172224105515974,-8.725652336089126,1.7864315226894476,78.33657883031995,26829.3994140625,662.0764096933304,0.024677272848169174,20,0.18719999999999998,True,8.881784197001252e-16
INDEX,21,1.0,1,2012-08-08,2012-09-07,1402.219970703125,1437.9200439453125,1405.671335361998,0.1539276422890488,0.091487901550719,0.062439740738329794,49.656486814590856,32.24870858331451,-15.682383896959504,-0.01118396843905723,-0.3158174269459485,-0.7985331170699398,0.3983349662443185,0.03179118445809314,0.052589539421579415,-39.6523491987976,19.779914999101496,1.5786385318635276,2.6114117708730644,1.2180832081081459,0.5073111262086927,67.91087515452601,28044.3994140625,1500.3275145414245,0.053498293630388986,20,0.1532,True,7.105427357601002e-15
INDEX,21,1.0,1,2012-09-07,2012-10-08,1437.9200439453125,1455.8800048828125,1441.459279247652,0.14451976841870623,0.09090515661894458,0.05361461179976165,47.80897722298927,14.42072563516058,-21.38495195492021,-0.014872142609713514,-0.4472999256013599,-0.7687658710934645,0.2540145324851179,0.036461006782547545,0.030990406224439163,-36.75391002091895,12.144174997889271,1.7431634427940728,1.4816196253153968,10.9003389863718,1.1029606465366824,67.28646312071155,28758.40087890625,2071.2087323713095,0.07202099800655128,20,0.1438,True,3.552713678800501e-15
INDEX,21,1.0,1,2012-10-08,2012-11-08,1455.8800048828125,1377.510009765625,1459.4634460699272,0.15158807777294453,0.14889412673848904,0.002693951034455494,50.7732460490385,81.95343630430216,-2.990931501502694,-0.0020543805062721784,-0.05890762821455127,-0.5288625655229414,0.47415169682485514,0.17119112855991225,-0.1753878880763772,-26.852069165422048,24.074220767457476,8.691929291785007,-8.905012395323125,-31.76125837712812,-2.409863379638235,67.25404648301968,29117.60009765625,231.83910366724967,0.007962163876476585,20,0.15109999999999998,True,3.9968028886505635e-15
INDEX,21,1.0,1,2012-11-08,2012-12-10,1377.510009765625,1418.550048828125,1380.9005543765143,0.1851805779540675,0.10721777053502128,0.07796280741904622,58.683693864005825,37.649494451610735,-21.77046783357612,-0.015804217522368665,-0.3709798480652431,-0.5128455681784576,0.22333742047616073,-0.12784543517418306,0.046373734811236814,-30.095672322496736,13.106264811599763,-7.5024423796723605,2.7213820569932112,-2.2716755056510185,1.5354070844699899,74.82579208603381,27550.2001953125,2102.2209912715784,0.0763051076350893,20,0.18489999999999998,True,3.552713678800501e-15
INDEX,21,1.0,1,2012-12-10,2013-01-10,1418.550048828125,1472.1199951171875,1422.0416076474683,0.16077329691417142,0.14386446289426394,0.016908834019907476,52.46848893949011,50.078387469719246,-1.2629893639727223,-0.0008903382471532023,-0.02407138817032218,-0.5810959048990313,0.49378186123383355,-0.013345977696219672,0.07658863319109525,-30.48922405897782,25.907988124668236,-0.7002432831407835,4.0184898534776465,-0.4181911502226985,1.545303256020841,74.29091134777337,28371.0009765625,52.008025049498855,0.0018331402932333294,20,0.1605,True,3.552713678800501e-15
INDEX,21,1.0,1,2013-01-10,2013-02-11,1472.1199951171875,1517.010009765625,1475.7434087262661,0.13548241861372515,0.07943200386583454,0.0560504147478906,45.885706888441234,41.266601039358875,-11.965900787903928,-0.008128346077489008,-0.26077621114121224,-0.5409724020782943,0.19859815829328717,-0.04529678554415142,0.12689481818794646,-24.822901076500592,9.11281688003003,-2.078475024467514,5.822658433034152,-9.561682349084476,2.2148874102629055,62.275981892718896,29442.39990234375,1134.314096897674,0.03852655016778634,20,0.1349,True,5.329070518200751e-15
INDEX,21,1.0,1,2013-02-11,2013-03-13,1517.010009765625,1554.52001953125,1520.7439137494887,0.12977497248455092,0.11111519586842006,0.018659776616130858,45.29319413440026,33.776105781761316,-7.836666660229965,-0.005165863514269569,-0.17302084363880185,-0.6534867314136868,0.41679889072377896,0.06930195332388506,-0.005634956272779063,-29.5985013901748,18.8781530725548,3.1389068257918713,-0.2552251684018386,2.762103981552544,0.9183177108564331,66.75103816439919,30340.2001953125,716.9156278585973,0.023629231951124676,20,0.1294,True,3.552713678800501e-15
INDEX,21,1.0,1,2013-03-13,2013-04-12,1554.52001953125,1588.8499755859375,1558.346249059439,0.11890179991692036,0.09401394389117068,0.02488785602574968,42.524810054679705,30.50372652649844,-8.068710385674958,-0.005190483418867772,-0.18974124458874625,-0.7581775894881304,0.43958955262148175,0.08447311101109083,0.04437368126681155,-32.24135798069767,18.69346222725014,3.59220300047451,1.8869823672980601,3.168233335922764,0.7841398065835434,70.56664739084749,31090.400390625,736.3043911766483,0.023682692468594696,20,0.1183,True,3.552713678800501e-15
INDEX,21,1.0,1,2013-04-12,2013-05-13,1588.8499755859375,1633.77001953125,1592.7607034093608,0.12102779559231867,0.14045283834605118,-0.01942504275373251,44.24099436619073,41.00931612188924,3.835792684655276,0.002414194381845718,0.08670222583393412,-0.6412802220847246,0.6539211144151387,0.18546445520537122,-0.11140312170185142,-28.37087469239984,28.930120338773317,8.205131917869462,-4.928584879587669,6.563101050402134,0.5043698785546319,69.8397995127424,31776.99951171875,-453.41906797827,-0.014268781664268135,20,0.1206,True,7.105427357601002e-15
INDEX,21,1.0,1,2013-05-13,2013-06-12,1633.77001953125,1612.52001953125,1637.7913116422935,0.12605467199862536,0.12574063893479798,0.00031403306382737917,47.38106966156537,25.271292111043522,1.155112642616561,0.0007070227931762256,0.024379201458880666,-0.9512717881357808,0.7021565544955393,0.2442534000008447,0.029241035098277395,-45.072274860743285,33.26892862187787,11.572987360514214,1.3854715209677593,22.584969893629793,0.6799202995086124,81.13046976438096,32675.400390625,-196.64173402603706,-0.006018035943714285,20,0.1255,True,3.9968028886505635e-15
INDEX,21,1.0,1,2013-06-12,2013-07-12,1612.52001953125,1680.18994140625,1616.4890077951559,0.18599829171405835,0.15492277574227387,0.031075515971784484,68.9986918876832,63.700933611094115,-16.997432318867133,-0.010540912430847331,-0.24634426905564724,-0.5566180096559562,0.42642442340310077,-0.13526908682435904,0.019118404021567312,-38.40591454738679,29.42272740377351,-9.333390043722215,1.3191448684683662,-12.563667387613247,0.8639933453351851,96.00498164068948,32250.400390625,1603.7382502460239,0.04972770045708397,20,0.1859,True,3.552713678800501e-15
INDEX,21,1.0,1,2013-07-12,2013-08-12,1680.18994140625,1689.469970703125,1684.3254895407238,0.13878940028724793,0.0630724615932322,0.07571693869401573,53.64936499717931,5.1444811624012345,-36.05669513112971,-0.02145989226727053,-0.6720805573938375,-0.747869972851995,0.17208599990015305,-0.0673323360047963,-0.02896424843719949,-40.12274914396726,9.232304619547874,-3.6123370704340343,-1.553913536276296,11.259200579592282,1.1889881240560825,72.58533538582694,33603.798828125,3533.084177727144,0.10513942771166983,20,0.1384,True,1.4210854715202004e-14
INDEX,21,1.0,1,2013-08-12,2013-09-11,1689.469970703125,1689.1300048828125,1693.6283603074237,0.1286201388738948,0.10758612917811515,0.021034009695779662,49.9934902703165,4.498355424611191,-18.266727276588696,-0.010812105330872755,-0.36538211630794093,-0.6412896391016829,0.33790793609348563,0.1935255328779038,-0.2555259461776477,-32.06030733288476,16.893197115352404,9.6750168449893,-12.774633904045647,30.350041274478336,-3.1216337053617225,66.75997807711927,33789.3994140625,1759.9127495817504,0.052084759720508925,20,0.1281,True,7.105427357601002e-15
INDEX,21,1.0,1,2013-09-11,2013-10-10,1689.1300048828125,1692.56005859375,1693.2875577096854,0.13858487568663555,0.12303516758226868,0.015549708104366872,53.8553564974135,0.7274991159354158,-14.28990853569313,-0.008459922264352012,-0.265338667591578,-0.8004076230118325,0.4426267381720917,0.23560157163429274,-0.14315935438612976,-43.10623788054959,23.837820779545304,12.68840663171574,-7.709898066404575,39.09150422000404,-0.2535553742190853,80.7369413686363,33782.60009765625,1348.2539122006767,0.03990971412215885,20,0.1382,True,5.329070518200751e-15
INDEX,21,1.0,1,2013-10-10,2013-11-08,1692.56005859375,1770.6099853515625,1696.726054009092,0.16495081951037063,0.10620761612958297,0.05874320338078766,64.22978821677783,73.88393134247053,-16.566838933284586,-0.009788036087209226,-0.25793077313863955,-0.3038883580272079,0.11503611295144354,-0.1749708137150491,0.10589228565217389,-19.518684877631923,7.388745172152553,-11.23833830903489,6.801439081229671,-30.212923823829627,3.9919417648523314,77.98201434639894,33851.201171875,1578.7018789820597,0.04663650991190563,20,0.1648,True,3.552713678800501e-15
INDEX,21,1.0,1,2013-11-08,2013-12-10,1770.6099853515625,1802.6199951171875,1774.9680895404692,0.129372756422558,0.07085651286870678,0.05851624355385121,52.70107262393026,27.651905576718264,-19.17578295040987,-0.010830043379995078,-0.3638594433788169,-0.681873013300637,0.21902242017934945,0.019146282816780404,0.07984486692569001,-35.93543919425503,11.542716472140864,1.009029641205452,4.207910130498837,3.5809522896649075,2.2924318071372127,73.96134843883036,35412.19970703125,1843.6169466021568,0.052061633048909366,20,0.129,True,1.0658141036401503e-14
INDEX,21,1.0,1,2013-12-10,2014-01-10,1802.6199951171875,1842.3699951171875,1807.0568873841014,0.1393771033820205,0.09112012623860252,0.04825697714341798,57.802321123867905,35.3131077330861,-20.614089115079196,-0.011435626571832785,-0.35663081887151354,-0.6015073128640905,0.2265840907518842,-0.039163764561676556,0.05745616780236938,-34.76851885652504,13.097086375200039,-2.263756495613586,3.3210998618593948,-0.05232011213089738,1.9274443878335108,79.31513402131938,36052.39990234375,1982.0937774866002,0.05497813690227443,20,0.1391,True,3.552713678800501e-15
INDEX,21,1.0,1,2014-01-10,2014-02-11,1842.3699951171875,1819.75,1846.9047263452178,0.12179034920104598,0.1636980872779757,-0.04190773807692971,51.62336541250034,27.154726345217796,15.47936696305449,0.008401877475251595,0.29985195345877697,-0.4562012419090565,0.6002677558908366,0.4310956082935721,-0.27531016881657516,-23.550643412707686,30.98784170769421,22.254606114663183,-14.212437446595217,43.176320578361576,-3.2283145480245334,72.6173020558948,36847.39990234375,-1620.5539983613437,-0.043980145211230094,20,0.12140000000000001,True,1.7763568394002505e-15
INDEX,21,1.0,1,2014-02-11,2014-03-13,1819.75,1846.3399658203125,1824.229055333119,0.14536122935414272,0.0893384676998429,0.05602276165429983,60.85656086962839,22.11091048719345,-16.4852378833449,-0.009059067390215635,-0.2708867811091206,-0.5157650672753167,0.18608233179759237,-0.033403767347800734,0.09219972171640431,-31.38768821106829,11.324330751802567,-2.0328384008763405,5.610957976797157,19.373567993994563,2.886844505095476,79.22955313721772,36395.0,1569.2942351972724,0.04311840184633253,20,0.1451,True,7.105427357601002e-15
INDEX,21,1.0,1,2014-03-13,2014-04-11,1846.3399658203125,1815.68994140625,1850.8844685655567,0.16238907011041168,0.13038244508298868,0.03200662502742299,68.97753246083731,35.194527159306745,1.813239529212853,0.0009820724042049573,0.026287393365982438,-0.6731311596456979,0.6339798284624438,-0.09985311717071942,0.16529184171995603,-46.43092641486219,43.73036419728429,-6.88762163095909,11.40142337774985,34.3780059781627,1.218238852580718,113.7898570219179,36926.79931640625,-295.1138099432032,-0.007991859988040901,20,0.16219999999999998,True,4.884981308350689e-15
INDEX,21,1.0,1,2014-04-11,2014-05-13,1815.68994140625,1897.449951171875,1820.1590034836488,0.17025180286754013,0.08378910899867563,0.0864626938688645,71.11621795738205,77.2909476882262,-22.259586604612508,-0.012259574774849763,-0.31300295831187275,-0.3178395419650387,0.09792336125092542,-0.19764534215854615,0.10455856456078681,-22.60354614186017,6.963939101840272,-14.055789231208518,7.435809666615917,-32.81120068213184,4.376884346675183,86.44627373627098,36313.798828125,2139.51238672498,0.05891733874639218,20,0.1703,True,7.105427357601002e-15
INDEX,21,1.0,1,2014-05-13,2014-06-12,1897.449951171875,1930.1099853515625,1902.1202538635212,0.12171593156769059,0.07523348630252688,0.04648244526516371,53.13422736390611,27.989731488041343,-16.79510262156293,-0.008851407443548214,-0.31608820631824563,-0.5161891137401695,0.18797820093956488,-0.03189188246598817,0.04401458894834703,-27.42730973224336,9.98807646818087,-1.6945505340107863,2.3386811765103404,6.505478196155074,1.8439150581467656,73.35695318135045,37948.9990234375,1606.1533089749423,0.04232399668784343,20,0.1213,True,3.552713678800501e-15
INDEX,21,1.0,1,2014-06-12,2014-07-14,1930.1099853515625,1977.0999755859375,1934.8606760636908,0.12593233832346815,0.06516619972199003,0.060766138601478115,55.920927184165706,42.23929952224671,-19.92541474152454,-0.01032346078345126,-0.35631409822486854,-0.5059872104639125,0.14181735702644088,-0.1160006204269866,0.12385637563958973,-28.295273952471575,7.930558095726431,-6.486862248215562,6.926163363436173,-9.652540714342312,3.408753634736766,76.14917768199713,38602.19970703125,1916.392296470457,0.04964463971003687,20,0.12560000000000002,True,7.105427357601002e-15
INDEX,21,1.0,1,2014-07-14,2014-08-12,1977.0999755859375,1933.75,1981.966325463535,0.11843476814383416,0.113869419710924,0.004565348432910163,53.8723159584891,48.216325463534986,1.3587680594861036,0.0006872530859666903,0.025222009399653283,-0.5628512781215577,0.4612192439480674,0.2876137527250525,-0.16075970915190912,-30.322101892603975,24.846948836105746,15.494418960810783,-8.660497844826459,9.321730417455523,-2.306971863015309,76.15577877520347,39541.99951171875,-212.03258472381384,-0.0053622120110788886,20,0.1182,True,7.993605777301127e-15
INDEX,21,1.0,1,2014-08-12,2014-09-11,1933.75,1997.449951171875,1938.5096500895283,0.14163472349283232,0.06120854161600836,0.08042618187682396,63.01134776525485,58.94030108234665,-18.301661164074684,-0.00946433673643164,-0.290450241316159,-0.3245190538104739,0.07613550987847124,-0.14362562276191507,0.10155892537775882,-20.448382956103224,4.797401090237347,-9.050044063852333,6.399364765643527,-18.90836435526588,4.6777498740993995,75.0377253481642,38675.0,1755.128391059304,0.04538147100347263,20,0.1413,True,0.0
INDEX,21,1.0,1,2014-09-11,2014-10-10,1997.449951171875,1906.1300048828125,2002.3663896147573,0.12840743984152017,0.1562227690297415,-0.027815329188221327,59.00926194381371,96.23638473194478,7.686355322958009,0.003848084062606192,0.1302567608840228,-0.609814260860622,0.7144335341943198,0.2684239015706068,-0.24278641402028195,-35.984689456197586,42.1581955607172,15.839496319760407,-14.326647101322024,-27.168089970629723,-2.372677494543339,88.96571235353251,39948.9990234375,-857.6012446493334,-0.021467402578627594,20,0.128,True,7.993605777301127e-15
INDEX,21,1.0,1,2014-10-10,2014-11-10,1906.1300048828125,2038.260009765625,1910.8216722898676,0.212143108398471,0.13871672521653997,0.07342638318193104,93.02347031257912,127.43833747575741,-23.683306137422992,-0.012424811569386646,-0.2545949539169193,-0.33990729306048545,0.2348707657185215,-0.21388320331888497,0.0643247767439296,-31.6193559850412,21.84849370210961,-19.89615781429362,5.983713959802214,-61.146015398853265,3.047842098251991,112.79321355267831,38122.60009765625,2255.5374001896207,0.05916536108271087,20,0.21239999999999998,True,3.552713678800501e-15
INDEX,21,1.0,1,2014-11-10,2014-12-10,2038.260009765625,2026.1400146484375,2043.2768963528067,0.1272230008189466,0.07868233323561223,0.048540667583334376,59.65952135586406,17.136881704369216,-11.455796749358296,-0.0056203804688664686,-0.19201958864244695,-0.7673268905705682,0.3862418106727874,0.07872717216221811,0.11033831909311581,-45.77835501492358,23.043001552360764,4.696825408898638,6.582731304305885,28.983228344209827,2.0836145579267114,80.65341102849523,40765.2001953125,1064.9262639073345,0.026123415531019226,20,0.1267,True,7.105427357601002e-15
INDEX,21,1.0,1,2014-12-10,2015-01-12,2026.1400146484375,2028.260009765625,2031.1270695945877,0.1854253408746675,0.17516598363552727,0.010259357239140232,86.43022571190569,2.867059828962738,-16.34514308123071,-0.00806713403963191,-0.18911373823913524,-0.711906571971247,0.6507840324611215,-0.042140688509497044,-0.08585051021951276,-61.53024570126391,56.24741081531889,-3.6422292195309405,-7.420078975754754,65.63451992366123,1.5835028780510043,128.49221305437806,40522.80029296875,1506.022095068693,0.037164808063129044,20,0.18530000000000002,True,7.105427357601002e-15
INDEX,21,1.0,1,2015-01-12,2015-02-11,2028.260009765625,2068.530029296875,2033.2522827776831,0.19618186219127798,0.1493811804036665,0.04680068178761149,91.53841722404623,35.27774651919185,-26.49483134966169,-0.013062837714146567,-0.28943947419162674,-0.6977962694310604,0.4484269915160094,-0.06756370640849632,0.027493510131920588,-63.875166048563386,41.04829704391631,-6.184674746423902,2.516712401409289,29.17524733349164,0.590592021701049,132.12768749275926,40565.2001953125,2517.3554474734096,0.06205702018855812,20,0.196,True,0.0
INDEX,21,1.0,1,2015-02-11,2015-03-13,2068.530029296875,2053.39990234375,2073.6214212240293,0.1702001220887769,0.10717849726739465,0.06302162482138227,80.99476858878499,20.22151888027929,-25.69127105265816,-0.012420061922616138,-0.31719667208501073,-0.6540517216074233,0.3987341398468486,-0.10525387279740363,0.04337478247296747,-52.97476783668968,32.295379385343736,-8.525013070299119,3.513130468986888,33.546816397645955,1.5351622582015865,113.26839157641511,41370.6005859375,2455.8587136894007,0.05936241386169735,20,0.1696,True,1.4210854715202004e-14
INDEX,21,1.0,1,2015-03-13,2015-04-14,2053.39990234375,2095.840087890625,2058.4540536192653,0.1604042542905909,0.11431347306001127,0.046090781230579636,75.77563326664063,37.38603427135968,-22.77747644474671,-0.011092567219248674,-0.3005910404548772,-0.588583149346535,0.3212092316838548,-0.13887163515415724,0.10565451236196031,-44.60026087180741,24.33983294193518,-10.523086096580137,8.006037581705653,13.109477793811427,2.5026447567228107,109.27036568688429,41067.998046875,2168.477278787787,0.052802117997392706,20,0.16,True,0.0
INDEX,21,1.0,1,2015-04-14,2015-05-13,2095.840087890625,2098.47998046875,2100.998699635662,0.1371751598555985,0.10610207100954269,0.031073088846055807,66.14304676159911,2.5187191669119784,-30.971596164700863,-0.014777652333137914,-0.46825173137748693,-0.8218122012125049,0.4616045173777652,-0.011368878474113005,-0.09667516906863437,-54.3571628540514,30.531929178282912,-0.751972260540194,-6.394390228392183,32.325642434731016,0.32708899525526064,107.08088220215637,41916.8017578125,2990.07873426793,0.07133365640689979,20,0.1367,True,3.552713678800501e-15
INDEX,21,1.0,1,2015-05-13,2015-06-12,2098.47998046875,2094.110107421875,2103.6450899332162,0.1381575157983055,0.09119703681400707,0.04696047898429845,66.70056553892506,9.53498251134124,-29.71138952115975,-0.014158528934130188,-0.4454443419047294,-0.7995926595061301,0.37420150948516945,-0.012052428234697836,-0.008000763649070833,-53.333282589832024,24.959452308180232,-0.8039037793716539,-0.5336554601362983,26.695413516828012,0.758779989596063,98.07831655220524,41969.599609375,2873.0606355637697,0.06845575517289416,20,0.1376,True,3.552713678800501e-15
INDEX,21,1.0,1,2015-06-12,2015-07-14,2094.110107421875,2108.949951171875,2099.2644610664893,0.13819406736326684,0.13023466448610657,0.007959402877160265,66.57927584923206,9.685490105385725,-14.663927684184562,-0.007002462588864435,-0.2202476295685589,-0.8427005253085691,0.6251314945545197,0.16397757119603099,-0.16665617001054042,-56.10639073281199,41.62080221798807,10.917507945747637,-11.095847115108286,43.17999647480199,-0.9501384151402111,100.06961672901694,41882.2021484375,1366.3231516894393,0.03262300169525381,20,0.1378,True,3.552713678800501e-15
INDEX,21,1.0,1,2015-07-14,2015-08-12,2108.949951171875,2086.050048828125,2114.1408309773856,0.13415489470382408,0.09967898060761858,0.0344759140962055,65.09154947348915,28.090782149260576,-19.51462512859488,-0.009253242409925961,-0.29980274377310534,-0.6503421619273925,0.4125205631281218,0.005699968516752176,-0.06768111349058686,-42.33177900779276,26.851602643685744,0.37101978270550484,-4.405468547193369,19.03245577320267,-1.5463135775689762,100.34178869331734,42178.9990234375,1851.1207241661707,0.043887260651623405,20,0.13369999999999999,True,0.0
INDEX,21,1.0,1,2015-08-12,2015-09-11,2086.050048828125,1961.050048828125,2091.184563786969,0.13659406009688274,0.3072263157510521,-0.17063225565416934,65.55523158278284,130.1345149588442,58.208301782082415,0.02790359790973469,0.8879276356239737,-0.4860648660005691,0.9523712550124194,1.0416738809770034,-0.62005263436488,-31.864094854921614,62.432918175124684,68.28717250118362,-40.647694039304284,-2.0943628748775307,-4.276618719101387,85.04319585830957,41721.0009765625,-5905.873374066551,-0.1415563681557947,20,0.1361,True,1.4210854715202004e-14
INDEX,21,1.0,1,2015-09-11,2015-10-12,1961.050048828125,2017.4599609375,1965.8768940979242,0.23230862325440302,0.1711857843954414,0.06112283885896161,104.7976602727723,51.58306683957585,-34.04222204334085,-0.017359180640842714,-0.32483761521711596,-0.5980559580463197,0.3778888872512771,-0.09005112540326043,-0.01461941901881267,-62.674865115445584,39.601871227015295,-9.437147247191703,-1.5320809077188364,19.117627758452233,0.05474363140337629,136.1657988430827,39221.0009765625,3268.056405491002,0.08332414584329226,20,0.23199999999999998,True,2.1316282072803006e-14
INDEX,21,1.0,1,2015-10-12,2015-11-10,2017.4599609375,2081.719970703125,2022.4256511682413,0.16238311334317226,0.11842124789323774,0.04396186544993452,75.3676510282543,59.2943195348837,-11.267756785084178,-0.005585120400529846,-0.1495038870305252,-0.4127771204126921,0.26516264374464504,-0.08816035497439426,0.08627094461191603,-31.11004196371148,19.984685599475725,-6.644438868237169,6.502038447388744,1.3249846399886849,3.4805900682977384,96.8802249528202,40349.19921875,1029.8954535555974,0.02552455745087035,20,0.1617,True,5.329070518200751e-15
INDEX,21,1.0,1,2015-11-10,2015-12-10,2081.719970703125,2052.22998046875,2086.843827791647,0.15350016108152717,0.1497592493018346,0.003740911779692574,73.51476391856333,34.61384732289707,-5.760652122971557,-0.00276725602100355,-0.07836047911890152,-0.7854793933006533,0.6185640265501877,0.1625461422093075,-0.07399125457774364,-57.744332161393885,45.47358838035299,11.949541270390464,-5.439449612321142,34.22918578522419,-1.088921312529481,115.237025099649,41634.3994140625,460.8281871975066,0.011068448054563664,20,0.15289999999999998,True,1.3322676295501878e-14
INDEX,21,1.0,1,2015-12-10,2016-01-12,2052.22998046875,1938.6800537109375,2057.2812521482692,0.1936974623001043,0.18974914295441522,0.003948319345689066,91.44760534104394,118.60119843733173,-0.38320260279131635,-0.00018672498035711817,-0.004190406094967755,-0.5178637938870936,0.5481666910588611,0.08068013560748516,-0.11517343887422032,-47.35740384380266,50.12853122505669,7.37800519989521,-10.532335183940548,-25.521295522366753,-2.0155001767123544,126.01866874638223,41044.599609375,-87.6984084672506,-0.002136661322119936,20,0.1934,True,1.0769163338864018e-14
INDEX,21,1.0,1,2016-01-12,2016-02-11,1938.6800537109375,1829.0799560546875,1943.4518384252035,0.22471214894300479,0.225638192140238,-0.0009260431972332173,100.21564073199083,114.371882370516,1.3952204623478592,0.0007196754614961807,0.013922182726737554,-0.5486345887937294,0.5667001419230012,0.11629767030881029,-0.12044104071134482,-54.98176684369591,56.79221782572371,11.654845545635249,-12.070076065315213,-9.831174269290884,-2.9298469068864352,131.15332517220423,38773.60107421875,-270.67537140699017,-0.006980919076587059,20,0.22469999999999998,True,2.0872192862952943e-14
INDEX,21,1.0,1,2016-02-11,2016-03-14,1829.0799560546875,2019.6400146484375,1833.5819757452318,0.28131568968024867,0.1741476168325967,0.10716807284765198,118.35490814496487,186.05803890320567,-25.73153267017351,-0.014068019599141115,-0.2174099331702975,-0.19858157494988674,0.15379652533799235,-0.2856669891395852,0.11304210558118197,-23.5031040624763,18.202573629392845,-33.810090259664285,13.379088022574212,-98.3753861718611,4.940722743446761,133.28177452150717,36581.59912109375,2439.871492495844,0.06669668770955835,20,0.2814,True,2.1316282072803006e-14
INDEX,21,1.0,1,2016-03-14,2016-04-13,2019.6400146484375,2082.419921875,2024.6110707707576,0.16974202466693394,0.10137854448724776,0.06836348017968619,78.8676410574541,57.80885110424242,-28.5575514339569,-0.014139921583464945,-0.36209465696017307,-0.5959342584203325,0.27434820773130875,-0.17093704619611305,0.13042843992496403,-46.99992918693488,21.63719597210871,-13.481401602816494,10.286583383685777,-10.093564905379967,2.594803424634743,110.7132486857245,40392.80029296875,2745.0418947099656,0.06795869250956092,20,0.16920000000000002,True,1.4210854715202004e-14
INDEX,21,1.0,1,2016-04-13,2016-05-12,2082.419921875,2064.110107421875,2087.5455017935974,0.1391748647369908,0.08700394633950741,0.052170918397483404,66.67743160026515,23.435394371722396,-24.44477413902349,-0.011738638245937228,-0.36661241371100267,-0.7503544094053715,0.33477799991274165,0.06588090595517027,-0.01691691017354314,-50.03170480908401,22.322137190455404,4.392769600589366,-1.1279761209842523,19.88982833827865,-1.0925652487593933,97.86338129383543,41648.3984375,2346.6140326085133,0.05634343985951773,20,0.1384,True,3.552713678800501e-15
INDEX,21,1.0,1,2016-05-12,2016-06-13,2064.110107421875,2079.06005859375,2069.190620341118,0.1448517211339233,0.09624840862884242,0.04860331250508089,68.7865984608716,9.86943825263188,-29.635492653529376,-0.014357515399478783,-0.43083236148662235,-0.6307672686679752,0.2478311466278823,0.029956527803322724,-0.0778527672498522,-43.38833483212473,17.047461569189533,2.0606076492890963,-5.355227039883278,27.213245942913908,2.068421611796443,92.29534988915702,41282.2021484375,2871.2539154637807,0.06955185930100523,20,0.1441,True,0.0
INDEX,21,1.0,1,2016-06-13,2016-07-13,2079.06005859375,2152.429931640625,2084.1773686876195,0.20988581925248706,0.19179501944751098,0.018090799804976077,100.3835753385695,68.25256295300551,-6.927125729538528,-0.0033318545565364515,-0.0690065651295544,-0.5186206797621224,0.6048719210314981,-0.18721804029692402,0.031960233897993864,-52.06099807904115,60.71920605505065,-18.793616252885613,3.2082825473375696,24.295683115708844,0.9082035403166107,137.92422664706217,41581.201171875,554.7883463067906,0.013342287636511145,20,0.2097,True,1.5987211554602254e-14
INDEX,21,1.0,1,2016-07-13,2016-08-11,2152.429931640625,2185.7900390625,2157.7278312226995,0.13105740641760016,0.05595981214485502,0.07509759427274515,64.8998427245615,28.06220783980052,-36.196160673492464,-0.01681641764101609,-0.5577233958348861,-0.7063936411808722,0.1544861275350841,-0.07615822643748885,0.0703423442483908,-45.84483621426893,10.026125380153506,-4.942656917974567,4.565207078597526,-1.23098793997959,1.8724621512480983,85.76542906894454,43048.5986328125,3533.8506382803016,0.0820897950342739,20,0.1304,True,0.0
INDEX,21,1.0,1,2016-08-11,2016-09-12,2185.7900390625,2159.0400390625,2191.1700497955903,0.11764243003172957,0.10854732036345258,0.009095109668276993,59.16031974115421,32.13001073309033,-7.841508553231757,-0.0035874939555470904,-0.1325467574810435,-0.7606271726069671,0.828108378630852,0.19749184587519822,-0.39751980938012677,-44.99894673523827,48.99115646013,11.683680748247474,-23.517399026370974,20.554970754784613,-1.3661702999524947,83.68176220308027,43715.80078125,700.4690931200955,0.01602324744376023,20,0.1168,True,1.3322676295501878e-14
INDEX,21,1.0,1,2016-09-12,2016-10-11,2159.0400390625,2136.72998046875,2164.3542084821347,0.15205568792689003,0.11325703118382631,0.03879865674306372,75.5279078936953,27.62422801338471,-23.411715007338046,-0.010843576118905093,-0.3099743612690792,-0.7589457048777857,0.5386413083463525,-0.049959251201322205,-0.03971071353632384,-57.32158129432505,40.68245112452284,-3.77331772317145,-2.999267114364386,25.22367387412071,-0.7317090011481654,111.34474382559229,43180.80078125,2229.8267569082122,0.05163930998418281,20,0.1516,True,3.552713678800501e-15
INDEX,21,1.0,1,2016-10-11,2016-11-09,2136.72998046875,2163.260009765625,2141.989236858064,0.153935570514215,0.10120939595267976,0.052726174561535236,75.67141415334632,21.270772907560968,-31.609291213733336,-0.014793301681852649,-0.4177177282517525,-0.8532143405797079,0.3301898572824728,0.09405668804146923,0.011250067004013172,-64.56393572758135,24.985933439656314,7.117402594678114,0.8513084795135768,23.889646212194783,-1.0982961801427673,98.41543371596916,42734.599609375,3062.5136876573642,0.07166356338074871,20,0.1536,True,1.4210854715202004e-14
INDEX,21,1.0,1,2016-11-09,2016-12-09,2163.260009765625,2259.530029296875,2168.5845660418518,0.14420901497479274,0.07528573452975337,0.06892328044503937,71.7709551463796,90.94546325502324,-30.51414036239691,-0.014105627721423517,-0.4251600149414502,-0.5244088570607652,0.14697107642275553,-0.12082089523988865,0.07309866093644794,-37.63732455847238,10.548254533752717,-8.671431053007478,5.2463607153302165,-52.810314762726485,3.121666291685934,93.12965657608049,43265.2001953125,2958.2843796636103,0.06837560825580373,20,0.1438,True,1.7763568394002505e-14
INDEX,21,1.0,1,2016-12-09,2017-01-11,2259.530029296875,2275.320068359375,2265.0915405088904,0.1183025672453043,0.06851076642538473,0.049791800819919574,61.499294703363574,10.228527850484625,-38.78903412245771,-0.017166859311238344,-0.6307232352753506,-0.8557839716844581,0.23171108948598898,0.01671952665097178,-0.02336987972785328,-52.630110677037436,14.250068578336286,1.0282390968088548,-1.4372311205654111,12.403688174767648,0.07804455565358973,89.37811530940796,45190.6005859375,3789.525296936363,0.08385649333714752,20,0.1175,True,7.105427357601002e-15
INDEX,21,1.0,1,2017-01-11,2017-02-10,2275.320068359375,2316.10009765625,2280.920444502657,0.11333921834419361,0.06001229006404091,0.0533269282801527,59.33108529280297,35.17965315359288,-29.172802491717253,-0.012821406050689111,-0.4916950759917415,-0.758313958819321,0.20916541112891976,0.0025351072071828204,0.05491836449147686,-44.99159016943221,12.410010847994137,0.15041066193576344,3.2583661677850557,-6.026465571345104,1.005095218837936,86.74027491611172,45506.4013671875,2830.5399742556137,0.06220091875462122,20,0.11259999999999999,True,3.552713678800501e-15
INDEX,21,1.0,1,2017-02-10,2017-03-14,2316.10009765625,2365.449951171875,2321.8008480309963,0.10920376177186938,0.06805919077877895,0.041144570993090435,58.191009797631985,43.64910314087865,-10.049709965428907,-0.004339065472860431,-0.1727021063971615,-0.5216390518614152,0.1710672768085951,0.08464653586253536,0.09322313279312325,-30.354703177695075,9.95457758082318,4.925667397712402,5.424748233730583,-0.29085477581901387,4.783051467143442,76.47493076774423,46322.001953125,928.4960657751465,0.02004438553227313,20,0.1085,True,3.552713678800501e-15
INDEX,21,1.0,1,2017-03-14,2017-04-12,2365.449951171875,2344.929931640625,2371.2721691793063,0.12351471753129775,0.06395757599490244,0.05955714153639531,67.21843872835083,26.342237538681275,-38.09175724975463,-0.016103387531358874,-0.5666861350900226,-0.7985780073081414,0.17085331331000037,0.08128199588138407,-0.020243436973265912,-53.679166854050806,11.484492972263988,5.46364885987088,-1.3607322278387066,4.1434399857435915,-1.3589960458286625,89.07023586262449,47308.9990234375,3720.1054891128383,0.07863420418744961,20,0.12300000000000001,True,2.1316282072803006e-14
INDEX,21,1.0,1,2017-04-12,2017-05-12,2344.929931640625,2390.89990234375,2350.701642543829,0.1576024224485266,0.06816367388123962,0.08943874856728698,85.02257563705436,40.198259799920834,-41.73980258097656,-0.01780002123635882,-0.49092611307326245,-0.3893610914050562,0.11342446086000699,-0.290698657716476,0.07570917518826274,-33.104482844112425,9.643639802562056,-24.71594861328926,6.436989073863068,-0.6868126750038548,3.771325931160826,106.62438666811273,46898.5986328125,4067.3558714295427,0.08672659716923453,20,0.1577,True,7.105427357601002e-15
INDEX,21,1.0,1,2017-05-12,2017-06-13,2390.89990234375,2440.35009765625,2396.7847617796874,0.10458228279567905,0.08346035429845011,0.021121928497228937,57.52835705622814,43.565335876562585,-13.578503995121462,-0.005679244029334199,-0.2360314928140543,-0.618973438755871,0.328197153301494,0.025374977117558224,0.02936981552276471,-35.6085249930691,18.88064301996599,1.4597807439125081,1.6895972340691598,-2.47508985631427,2.8596070408583674,82.88097153855705,47817.998046875,1274.969427973589,0.026662961229028507,20,0.10400000000000001,True,1.7763568394002505e-14
INDEX,21,1.0,1,2017-06-13,2017-07-13,2440.35009765625,2447.830078125,2446.3566717019075,0.10471761571529353,0.08032867120936786,0.024388944505925672,58.79417461942533,1.473406423092456,-30.269600937343704,-0.01240379442540441,-0.5148401373652887,-0.7842483070686497,0.4232952165715945,0.051919592571524384,-0.20580663943975802,-46.10923191078288,24.88729287867779,3.0525695918196227,-12.10023149705824,28.85474581454048,-1.8035785555513115,93.64403280118337,48807.001953125,2933.3160609331867,0.060100312323022605,20,0.1042,True,7.105427357601002e-15
INDEX,21,1.0,1,2017-07-13,2017-08-11,2447.830078125,2441.320068359375,2453.8550630767763,0.09960574515740889,0.0601438756813461,0.03946186947606279,56.095709806635924,12.534994717401332,-18.053117984793506,-0.0073751516276088554,-0.32182707103668534,-0.8247517807638761,0.32270154807291435,0.12925714423635662,0.05096601741791966,-46.26503655623661,18.102172394850374,7.250771253517144,2.858974923075573,22.88157075991872,2.6260263445223653,85.21837110281207,48956.6015625,1720.0934273765383,0.035135066006993905,20,0.099,True,1.0658141036401503e-14
INDEX,21,1.0,1,2017-08-11,2017-09-12,2441.320068359375,2496.47998046875,2447.329029849709,0.15528289217243182,0.09304145623234508,0.06224143594008674,87.21494779267407,49.15095061904094,-36.50124981520952,-0.014951439710131586,-0.41852057174854573,-0.5549667470540275,0.3223846730211568,-0.2721184268062791,0.08617992909060414,-48.40139587098716,28.11676242669849,-23.732794387334234,7.516178016413393,-0.03668818077744085,1.5994355392010444,124.61775259155783,48826.4013671875,3525.5072289293944,0.07220493688274596,20,0.1551,True,7.105427357601002e-15
INDEX,21,1.0,1,2017-09-12,2017-10-11,2496.47998046875,2555.239990234375,2502.624710223136,0.10648525661358016,0.03814777845472413,0.06833747815885603,61.161682453900944,52.615280011239065,-28.65952757050832,-0.011479974922581628,-0.46858631778335574,-0.5362467348200699,0.08424768061486333,-0.08450735868048986,0.06792009510234057,-32.79775251200634,5.152729889243937,-5.16861223663403,4.154107288888106,-22.847943038809394,2.734817910962947,80.70600536755713,49929.599609375,2785.246751683275,0.055783478607353075,20,0.1058,True,1.0658141036401503e-14
INDEX,21,1.0,1,2017-10-11,2017-11-09,2555.239990234375,2584.6201171875,2561.5293493802237,0.09904045198052254,0.04668029692420448,0.05236015505631806,58.22486236692509,23.09076780727628,-28.326378725687412,-0.011085604026997568,-0.4864997111917322,-0.6909136019488088,0.1341176670835183,0.007512320959681346,0.0627839027138767,-40.228349380905854,7.808982706910932,0.437403853933613,3.655584094373885,4.556654021246702,2.2510618127146893,84.3289752492396,51104.7998046875,2748.3088973195017,0.05377790164178312,20,0.09849999999999999,True,1.0658141036401503e-14
INDEX,21,1.0,1,2017-11-09,2017-12-11,2584.6201171875,2659.989990234375,2590.981791329539,0.10559925835889719,0.06853040831133125,0.03706885004756594,62.7942280339744,69.00819890483581,-18.136038062120452,-0.007016906639980618,-0.28881696025163445,-0.5853853553784626,0.2320704549411639,0.0170035155816429,0.04749442460402141,-36.758821493384325,14.572685067523627,1.0677226348129212,2.9823757289273245,-27.39351731304601,3.0435083800641514,87.74854198706362,51692.40234375,1725.8552642249815,0.033387019870893084,20,0.105,True,0.0
INDEX,21,1.0,1,2017-12-11,2018-01-11,2659.989990234375,2767.56005859375,2666.5371765796435,0.0940855745715875,0.06965079442229379,0.02443478014929372,57.57960059862514,101.02288201410647,-9.195846609807052,-0.0034570982009585662,-0.1597066758748345,-0.5425489453086355,0.25072314605345886,0.022232081264477795,0.10988704211586435,-31.23975157607655,14.436538610588919,1.2801143596848084,6.327251995995769,-56.49557402307511,3.856445997786723,86.40278407582807,53199.7998046875,833.1818769048772,0.01566137241049288,20,0.0934,True,0.0
INDEX,21,1.0,1,2018-01-11,2018-02-12,2767.56005859375,2656.0,2774.37201333488,0.09931292417416519,0.24374912179067335,-0.14443619761650817,63.23636587096752,118.3720133348802,102.93466534507606,0.03719329053960228,1.6277764214836774,-0.8620702848580731,2.1078682974191536,1.1735458075286986,-0.791567398606102,-54.5141919397743,133.29393086341096,74.21077205122481,-50.05584562978545,46.492795499618545,1.3062223815448297,110.99575195875332,55351.201171875,-10404.46228646636,-0.18797175248570874,20,0.09880000000000001,True,2.842170943040401e-14
INDEX,21,1.0,1,2018-02-12,2018-03-14,2656.0,2749.47998046875,2662.537365552831,0.255573216008702,0.14682170351128546,0.10875151249741652,156.14348687580429,86.94261491591897,-61.06100363776979,-0.022989835706991636,-0.3910570005800971,-0.38672283834679455,0.2249623011406458,-0.34962947368131997,0.12033301030737163,-60.3842524339765,35.12639811570516,-54.59236513515354,18.789215815655105,3.591248233514836,4.548620088600719,193.4612087317258,53120.0,5912.639155045254,0.11130721300913504,20,0.2561,True,7.105427357601002e-15
INDEX,21,1.0,1,2018-03-14,2018-04-13,2749.47998046875,2656.300048828125,2756.247433673763,0.17262722530689042,0.2261004227559581,-0.05347319744906767,109.19276636710086,99.94738484563823,20.30556346318708,0.007385237793120883,0.18596070178239416,-0.3902434786707125,0.5901387040548031,0.30110996003542734,-0.31504448363712373,-42.61176499277582,64.43887763603979,32.87902951695549,-34.40057869703238,35.48051971294639,-5.929574728296664,134.7864019991133,54989.599609375,-2165.3427483178216,-0.039377314323064454,20,0.1723,True,3.552713678800501e-15
INDEX,21,1.0,1,2018-04-13,2018-05-14,2656.300048828125,2730.1298828125,2662.838152908393,0.17433791327165155,0.11319239871511243,0.06114551455653912,106.53740045772567,67.29172990410689,-39.64698984143574,-0.014925644359689986,-0.3721415171676521,-0.5881492905249364,0.32443444616871736,-0.15291241784547324,0.04448574503404026,-62.65989649358239,34.56440251375708,-16.29089149496226,4.739395633351828,-1.7635505878776292,1.362231300060677,148.45016188872603,53126.0009765625,3816.2488222548477,0.07183391845997321,20,0.1741,True,0.0
INDEX,21,1.0,1,2018-05-14,2018-06-13,2730.1298828125,2775.6298828125,2736.849708509282,0.12964311182966615,0.09410345528558633,0.03553965654407981,81.43036171279374,38.78017430321779,-27.679364096685973,-0.010138478858072312,-0.33991454187949643,-0.6557544042487027,0.31576853150777884,0.011464850240421865,-0.011393519378994424,-53.39831833272943,25.713145738196136,0.9335869020605627,-0.9277784042132411,13.784528887031048,1.1862944258589323,119.32520200779555,54602.59765625,2648.6112076608015,0.048507055000113763,20,0.1293,True,3.552713678800501e-15
INDEX,21,1.0,1,2018-06-13,2018-07-13,2775.6298828125,2801.31005859375,2782.4617002760947,0.12983030863822162,0.09673205685834615,0.033098251779875465,82.90699595689279,18.84835831765531,-31.728748186732794,-0.011431188424366788,-0.382702904869814,-0.7892614452988012,0.3989705550258377,0.10889543122571788,-0.1013074458225682,-65.43529545431906,33.0774501924464,9.028193076354688,-8.399096001214797,34.46556393000471,-2.135674477500032,126.33695450421085,55512.59765625,3046.5378641690686,0.054880117176899355,20,0.1294,True,2.4868995751603507e-14
INDEX,21,1.0,1,2018-07-13,2018-08-13,2801.31005859375,2821.929931640625,2808.2050841509226,0.12232234862548648,0.0686053440944253,0.05371700453106118,78.83578231772995,13.72484748970237,-38.151747669646554,-0.013619252018392647,-0.4839394821489116,-0.6758225194569086,0.19818554692808588,0.0007466038917078958,-0.007049113511796826,-53.278997029324664,15.624112636142833,0.058859101884253695,-0.5557223783489835,24.118027591228326,2.8411595671526957,112.49990499403027,56026.201171875,3702.674861970625,0.06608827271032892,20,0.12179999999999999,True,7.105427357601002e-15
INDEX,21,1.0,1,2018-08-13,2018-09-12,2821.929931640625,2888.919921875,2828.8757100772254,0.14810285029716616,0.06757063992205939,0.08053221037510677,96.1513796430735,60.04421179777455,-40.74040532915805,-0.01443707190329571,-0.42371108433796545,-0.5015747908023392,0.1209982056850699,-0.134389224377877,0.09125472515718092,-48.22710812983089,11.63414441095585,-12.92170933309544,8.774267722812432,-9.573912460478729,4.940674976619634,123.39814277018634,56438.5986328125,3950.6423901456187,0.06999894550621918,20,0.1478,True,7.105427357601002e-15
INDEX,21,1.0,1,2018-09-12,2018-10-11,2888.919921875,2728.3701171875,2896.0305866273166,0.13187653934945862,0.14882814527435834,-0.01695160592489972,87.65077764371763,167.66046943981655,10.302495872916749,0.0035662102624949552,0.11754026775203609,-0.7265277728687076,1.088186616280247,0.203373290630261,-0.447491866289764,-63.68072427170048,95.3804031384494,17.82582707570417,-39.22301006953633,-70.63343052792901,0.926234604746828,126.71659238997924,57778.3984375,-1156.9661796816542,-0.020024199544630278,20,0.13140000000000002,True,8.881784197001252e-15
INDEX,21,1.0,1,2018-10-11,2018-11-09,2728.3701171875,2781.010009765625,2735.085611471941,0.24915492425757993,0.21153668630897854,0.03761823794860139,156.3716821793658,45.924398293684135,-24.802567795896145,-0.009090617009639259,-0.15861291155930915,-0.5459115772185471,0.5702483075495662,-0.21954721203678032,0.03659757014645207,-85.36511165085496,89.17068711146202,-34.330966863981246,5.722823607478048,84.82325269360041,0.8214633961851053,212.36582093783767,54567.40234375,2267.8909586517766,0.041561277635411106,20,0.2498,True,7.105427357601002e-15
INDEX,21,1.0,1,2018-11-09,2018-12-12,2781.010009765625,2651.070068359375,2787.855069645113,0.1738293355176193,0.2154717035291554,-0.04164236801153609,111.21388473675609,136.78500128573796,46.78557105452688,0.01682323001004582,0.42068102526288514,-0.4819913319058685,0.8896811262506328,0.25444331860901914,-0.24145208769089824,-53.60412843069481,98.94489422730521,28.29762990782116,-26.85282464990468,26.467548792060306,-5.253094286515313,153.42738598679426,55620.2001953125,-4831.984491439483,-0.08687463321728042,20,0.1736,True,0.0
INDEX,21,1.0,1,2018-12-12,2019-01-14,2651.070068359375,2582.610107421875,2657.595299587927,0.21462636632829543,0.2889766702278508,-0.07435030389955535,130.8922016729208,74.985192166052,-4.688992894127233,-0.0017687170739432907,-0.03582331746427717,-0.4020041020175716,0.39971680836926987,0.16848835702318823,-0.2020243808391638,-52.619201994625406,52.31981309312671,22.053812007018237,-26.443415999646785,57.56130587161348,-6.343289258871905,153.58690157771838,53021.4013671875,315.312387835005,0.005946888986418554,20,0.2146,True,8.881784197001252e-15
INDEX,21,1.0,1,2019-01-14,2019-02-13,2582.610107421875,2753.030029296875,2588.9668342112777,0.19087774588661555,0.12682357736237038,0.06405416852424517,113.40655499357084,164.06319508559727,-18.713774764768583,-0.007246070442839651,-0.16501493027302955,-0.36081578893917066,0.18401038455849106,-0.11679966707151242,0.12859014117916256,-40.91887561087871,20.867983795820635,-13.245847866976238,14.582964917265736,-74.88942703514418,5.519012178349146,139.06195869146518,51652.2021484375,1732.3155177853932,0.033538076707883335,20,0.1907,False,3.552713678800501e-15
INDEX,21,1.0,1,2019-02-13,2019-03-15,2753.030029296875,2822.47998046875,2759.8062204412404,0.1567757495774691,0.08932980163834135,0.06744594793912774,99.29599333571905,62.673760027509616,-39.9746879029447,-0.014520251314931808,-0.4025810766381133,-0.6370904066172529,0.2552813477997945,-0.09434695421932966,0.07357493639867474,-63.26052476971728,25.34841500986177,-9.368274537407949,7.30569639431876,-6.049323213937219,2.696868619201948,137.86509331986815,55060.6005859375,3859.603696974602,0.07009737736061576,20,0.1565,False,0.0
INDEX,21,1.0,1,2019-03-15,2019-04-15,2822.47998046875,2905.580078125,2829.4271127721654,0.12925846041571554,0.1035758685702816,0.025682591845433936,83.9350991162464,76.1529653528346,-12.981576224684389,-0.004599351036859593,-0.15466207059224985,-0.6128066269261986,0.33386462611739526,0.04212463445979719,0.08215529575675633,-51.43598497014311,28.02296048457212,3.535735368618726,6.89571289226788,-8.317043531009096,3.117601069736517,120.32505730632107,56449.599609375,1177.8325651621178,0.020865206720908372,20,0.1288,False,7.105427357601002e-15
INDEX,21,1.0,1,2019-04-15,2019-05-15,2905.580078125,2850.9599609375,2912.7317494780596,0.12368602610172894,0.12420766974589557,-0.0005216436441666389,82.68169467557556,61.771788540559555,6.805060168160838,0.0023420659507523236,0.08230431409107385,-0.7713222204927692,0.6902647781013627,0.3286370732133795,-0.16527531673089912,-63.774228331270116,57.07226162828078,27.172270146503415,-13.665243275353246,28.33828478510264,-0.6233184819258031,121.6194478650882,58111.6015625,-802.125464681172,-0.013803189778180054,20,0.1232,False,7.993605777301127e-15
INDEX,21,1.0,1,2019-05-15,2019-06-14,2850.9599609375,2886.97998046875,2857.977192654794,0.16461896352086822,0.12954247139675712,0.0350764921241111,107.97148395624113,29.00278781395582,-41.65021894206382,-0.014609191119038974,-0.38575202836837824,-0.6988769686577302,0.3453056286372669,0.01578308625144147,-0.04796377459935649,-75.45878340881455,37.28316114240842,1.7041232439774827,-5.178719919635185,38.18344859835516,-0.8649713981336817,150.79561040645822,57019.19921875,4014.2262837999237,0.07040130936247696,20,0.16440000000000002,False,1.4210854715202004e-14
INDEX,21,1.0,1,2019-06-14,2019-07-16,2886.97998046875,3004.0400390625,2894.085870331713,0.1530782039241186,0.08115703395026924,0.07192116997384937,101.67185518702381,109.95416873078693,-27.981105453640023,-0.009692171626731133,-0.2752099428319589,-0.42233409810674305,0.13745115292265303,-0.09380044873952238,0.10347345109165354,-42.939491263251085,13.974913715241442,-9.536865640722569,10.52033773509219,-41.81250384880509,5.549084851401956,127.54973214686797,57739.599609375,2670.560813217134,0.04625180692772805,20,0.1528,False,3.552713678800501e-15
INDEX,21,1.0,1,2019-07-16,2019-08-14,3004.0400390625,2840.60009765625,3011.43405558008,0.12911997273126,0.19751881770835322,-0.06839884497709323,89.23864247866328,170.83395792382998,15.48389503282401,0.005154357076297898,0.17351110015513926,-0.5511293481625875,0.6394101019516752,0.42850674649626713,-0.3432764001302157,-49.18203486017988,57.06008948531118,38.23936035027558,-30.633519942582883,-62.22062674836468,-3.8907936639780116,126.82625872658609,60080.80078125,-1675.2157620089872,-0.02788271361609062,20,0.1286,False,1.2434497875801753e-14
INDEX,21,1.0,1,2019-08-14,2019-09-13,2840.60009765625,3007.389892578125,2847.59183004623,0.22084109661550294,0.15109268385284286,0.06974841276266008,144.30966073235345,159.79806253189508,-25.931782117715,-0.00912898022467543,-0.17969539936629642,-0.3717939706525659,0.2883168699076596,-0.24027654356723208,0.14405824494584218,-53.653461767206366,41.606909679788444,-34.674226484129804,20.788996453832755,-46.59677217821002,5.176588260953409,183.01589887658469,56812.001953125,2410.162312894915,0.042423470922280035,20,0.221,False,2.842170943040401e-14
INDEX,21,1.0,1,2019-09-13,2019-10-14,3007.389892578125,2966.14990234375,3014.792154282821,0.1380541153101818,0.13235388715364851,0.005700228156533288,95.51889864488315,48.642251939070775,-10.857747906067187,-0.0036103559212135408,-0.11367120077916461,-0.6241369901832158,0.3916121778933013,0.3049308437298537,-0.18607723221910397,-59.61687790583302,37.4063639282922,29.126658355930598,-17.773892284456977,40.416762331168904,-4.39786353142372,123.11788746455271,60147.7978515625,962.6569031421659,0.01600485699439715,20,0.1374,False,1.2434497875801753e-14
INDEX,21,1.0,1,2019-10-14,2019-11-12,2966.14990234375,3091.840087890625,2973.450657688673,0.14625970481457357,0.06865912042201486,0.07760058439255871,99.80780016135269,118.38943020195211,-30.06478368262477,-0.010135962332473018,-0.30122679423873705,-0.4009311742550407,0.11555827144822477,-0.11181578472038506,0.09596189328846391,-40.01605851850358,11.533616863695766,-11.160087496257026,9.577745468440058,-54.36587509760851,5.719461374384307,124.46393597865165,59322.998046875,2882.0144322838255,0.04858173941253873,20,0.1457,False,7.105427357601002e-15
INDEX,21,1.0,1,2019-11-12,2019-12-12,3091.840087890625,3168.570068359375,3099.4502117179736,0.12742963163100066,0.07846004935916713,0.048969582271833526,90.64459606215506,69.11985664140138,-33.26796408438874,-0.010759923908964339,-0.3670154154758092,-0.7859031950980601,0.25868466424949427,0.05690833050844585,0.1032947848643106,-71.2378776636207,23.448366898369613,5.158432631509689,9.363114049352642,-14.745824088097763,3.002599424462704,132.15494008651504,61836.8017578125,3194.6414683523585,0.05166246276552855,20,0.1268,False,1.4210854715202004e-14
INDEX,21,1.0,1,2019-12-12,2020-01-14,3168.570068359375,3283.14990234375,3176.3690521005738,0.1398675121638478,0.07193624068886997,0.06793127147497782,101.95995117132945,106.78085024317625,-32.75983585927609,-0.010338996819545955,-0.32130101557451474,-0.4795497808014132,0.13094634486834839,-0.09220312549537023,0.1195055458539203,-48.89487223473383,13.351282928840867,-9.40102617335191,12.184779619968786,-43.135192784124314,5.55445785300144,131.43570586732622,63371.4013671875,3144.5478800602823,0.049620930139134795,20,0.1394,False,0.0
INDEX,21,1.0,1,2020-01-14,2020-02-13,3283.14990234375,3373.93994140625,3291.230908020091,0.12439531283447103,0.12956953769507884,-0.005174224860607812,93.96158791080076,82.70903338615881,5.389949060171977,0.0016417005682025794,0.05736332452457851,-0.7676770415982662,0.5913998979399667,0.21738853224646737,0.01625193593641047,-72.13215383123894,55.568873500724784,20.42617168347639,1.5270577072097342,14.269876512121334,2.372627072692594,149.73183728447572,65662.998046875,-688.7267433016734,-0.010488810498875034,20,0.12390000000000001,False,6.217248937900877e-15
INDEX,21,1.0,1,2020-02-13,2020-03-16,3373.93994140625,2386.1298828125,3382.2444138272854,0.14182574531877157,0.8173648364490032,-0.6755390911302316,110.08826915531336,996.1145310147854,125.58356138997407,0.037221635112340244,1.1407533459609565,-0.3870577167186607,1.1354676422830199,1.1921280860587071,-0.7997846656621098,-42.610514096764945,125.00166742080215,131.2393176056395,-88.04690953970265,-752.6971455786564,-7.745554890841494,137.03399792356376,67478.798828125,-12695.390136920969,-0.1881389467120977,20,0.14150000000000001,False,1.4210854715202004e-14
INDEX,21,1.0,1,2020-03-16,2020-04-15,2386.1298828125,2783.360107421875,2392.00300152503,0.8241388956094476,0.6358588213788204,0.1882800742306272,451.38818880707134,391.35710589684504,-89.51999250178753,-0.03751681463218234,-0.19832152174466716,-0.3371419889821814,0.45900367136917214,-0.36716345480489737,0.04698025067323949,-152.18191177748045,207.1888358751268,-165.73324686052962,21.20633026109577,-32.744154571312045,3.2552449797508216,493.84608858122687,67708.2283210607,8458.153161597525,0.12492060967081323,20,0.8269,False,4.263256414560601e-14
INDEX,21,1.0,1,2020-04-15,2020-05-14,2783.360107421875,2852.5,2790.210951731884,0.4080904477466661,0.26807766985440684,0.14001277789225924,261.1882917730079,62.28904826811595,-108.2136176762446,-0.03887877008357317,-0.41431266670364497,-0.6165841597290391,0.304841396335235,-0.20836789926843452,0.1057979959585939,-161.04456341392319,79.6210035704985,-54.423255670252594,27.633197837432736,87.8393137096494,2.8463121189979756,307.87805339339207,55667.2021484375,10513.483714231068,0.18886316014583762,20,0.40840000000000004,False,4.263256414560601e-14
INDEX,21,1.0,1,2020-05-14,2020-06-15,2852.5,3066.590087890625,2859.52102230401,0.32657898674865704,0.28831490644922514,0.0382640802994319,214.25552825664786,207.06906558661512,-43.7218308536046,-0.015327548064366205,-0.20406395675929548,-0.3253794085151535,0.14891575333855814,-0.18003307324189438,0.1524327716591943,-69.71433705524984,31.906023397289445,-38.57308121110986,32.659564015465655,-42.970185312893335,6.434817129321487,241.51698014436204,57050.0,4130.666105216098,0.07240431385129006,20,0.3261,False,7.105427357601002e-15
INDEX,21,1.0,1,2020-06-15,2020-07-15,3066.590087890625,3226.56005859375,3074.1380624407866,0.34442235520814163,0.1981706616186356,0.14625169358950602,242.91098595607502,152.4219961529634,-105.83548089839796,-0.034512431679839424,-0.4356965597164713,-0.5967418329661207,0.23605519328273306,-0.13821118135279686,0.06320126131971306,-144.9551470070358,57.340399740360546,-33.573014332561776,15.352280700839046,-18.000429177244726,2.6539380819584,288.5466246217664,61331.8017578125,10295.00146521803,0.16785747638510626,20,0.344,False,2.842170943040401e-14
INDEX,21,1.0,1,2020-07-15,2020-08-13,3226.56005859375,3373.429931640625,3234.501776433054,0.2784198115106354,0.1125102468884388,0.16590956462219658,206.63408426250206,138.92815520757085,-104.96337849711841,-0.03253104749051694,-0.5079673998205249,-0.5218797493496695,0.11238177688380514,-0.1469306596059835,0.048461232251323025,-107.83814410201306,23.221905554177898,-30.3608822977678,10.013742348484564,-40.51352306725154,3.256073625064319,239.96486222092744,64531.201171875,10256.372987490913,0.1589366508175429,20,0.2776,False,1.4210854715202004e-14
INDEX,21,1.0,1,2020-08-13,2020-09-14,3373.429931640625,3383.5400390625,3381.7331487452925,0.22268374921778242,0.2084718523967831,0.014211896820999326,172.80822106781375,1.8068903172074897,-59.2370600272084,-0.017559890446101307,-0.3427907518587468,-0.8912331971891855,0.5225044791105656,0.06622645862732322,-0.04028849240745027,-154.0124233628432,90.29306953506149,11.444476503008893,-6.9621827024356016,109.82508323237924,1.9391874910186404,229.37154646824513,67468.5986328125,5694.3344562525945,0.08439977369684432,20,0.2213,False,2.842170943040401e-14
INDEX,21,1.0,1,2020-09-14,2020-10-13,3383.5400390625,3511.929931640625,3391.868140756021,0.2595181114858297,0.19139862449808245,0.06811948698774725,201.98373255306552,120.06179088460385,-60.21665131601564,-0.017796937710452,-0.2981262429151091,-0.6994605265879128,0.36771266415102855,0.03354977901033341,7.184051144182135e-05,-141.27964793375935,74.27197641225655,6.776509590837635,0.014510614649540288,22.309515845907143,-0.6042254934611186,259.57708527546146,67670.80078125,5762.088046326103,0.08514880834575025,20,0.2585,False,1.4210854715202004e-14
INDEX,21,1.0,1,2020-10-13,2020-11-11,3511.929931640625,3572.659912109375,3520.5740467607543,0.2611807747215493,0.2143591310008189,0.046821643720730416,210.99061799748358,52.0858653486207,-86.06359066331979,-0.024506067130762633,-0.4079024531050297,-0.815513367210413,0.3678323376237175,0.14692372179206659,-0.10714514531040056,-172.0656693329338,77.60917223468718,30.999526859398475,-22.606620424471593,76.19382354211004,-3.352661556566935,249.42737395979645,70238.5986328125,8356.931692372184,0.11897919171280531,20,0.2607,False,5.684341886080802e-14
INDEX,21,1.0,1,2020-11-11,2020-12-11,3572.659912109375,3663.4599609375,3581.453505423157,0.23495866750088187,0.12202857081107023,0.11293009668981165,193.09848143795583,82.00645551434309,-88.55248183259482,-0.024786149258833746,-0.4585871477246572,-0.5835120913159425,0.16512916719177279,-0.07174823935621279,0.03154401575572525,-112.6752987337943,31.88619142584564,-13.854476065531667,6.091101540885497,18.602376254035725,3.9371678369821987,231.7176067880952,71453.1982421875,8623.530576471387,0.1206878178810458,20,0.2345,False,1.4210854715202004e-14
INDEX,21,1.0,1,2020-12-11,2021-01-13,3663.4599609375,3809.840087890625,3672.4770456335877,0.23368590542435091,0.10885231776645209,0.12483358765789883,196.93394405045058,137.36304225703725,-80.74731864008,-0.02204127232208546,-0.4100223505369604,-0.6112836383093722,0.14373492653783213,-0.023918956127464377,0.08144531736204405,-120.38249782577375,28.306285980897055,-4.710454367751252,16.039347572547975,-25.175988082671985,3.9995712360053144,236.6705057089457,73269.19921875,7838.061358299054,0.10697621158514381,20,0.23309999999999997,False,1.4210854715202004e-14
INDEX,21,1.0,1,2021-01-13,2021-02-12,3809.840087890625,3934.830078125,3819.2174664118493,0.222825009180394,0.16086561869109112,0.06195939048930288,195.28764408667794,115.61261171315073,-73.55036578433834,-0.019305368227426206,-0.37662580307279037,-0.7335392092175388,0.28969309725507886,0.06332347021636153,0.0038968386733081307,-143.2511440132979,56.573482471117224,12.366291313946162,0.7610044438962005,3.957293366843704,2.167373222345148,241.91321189701415,76196.8017578125,7113.12336653682,0.09335199381655815,20,0.22210000000000002,False,1.4210854715202004e-14
INDEX,21,1.0,1,2021-02-12,2021-03-16,3934.830078125,3962.7099609375,3944.5151016976574,0.20123051040293427,0.17702264292409392,0.02420786747884035,182.15357710426647,18.19485923984257,-86.57257667052522,-0.022001604885509625,-0.475272448923527,-0.8791465676105287,0.4072630737926779,0.19066284585835935,-0.19405180096403554,-160.13969208919565,74.18442571381512,34.729919393979536,-35.34722968912422,80.48861198410253,-3.102470790203831,235.23975117315234,78696.6015625,8422.01791587937,0.10701882608222535,20,0.1997,False,0.0
INDEX,21,1.0,1,2021-03-16,2021-04-15,3962.7099609375,4170.419921875,3972.4636068691616,0.19901544113996048,0.12314759194305563,0.07586784919690484,181.4254838404998,197.9563150058384,-58.53377504553516,-0.014771147932231509,-0.3226325971768945,-0.4870230921440276,0.21370746063258675,-0.07815175507562067,0.028834789410167178,-88.35840013372652,38.77197944559161,-14.178719977578714,5.2313656201785,-78.77288082719193,3.708274616318172,222.67921326231084,79254.19921875,5630.698291291205,0.07104605619381606,20,0.1979,False,3.552713678800501e-14
INDEX,21,1.0,1,2021-04-15,2021-05-14,4170.419921875,4173.85009765625,4180.684816279408,0.16665168596731,0.1417208635766617,0.02493082239064831,159.89194007215033,6.834718623157642,-52.745218134052436,-0.012647459757562842,-0.32988040616838754,-0.8680780965767418,0.5484929906315957,0.2327409022017196,-0.243036202424961,-138.79869099579474,87.69960838806162,37.213394387175555,-38.85952991349486,101.18330237573076,-0.8712990607904936,223.27155030896932,83408.3984375,5051.2502630962745,0.0605604514380084,20,0.16570000000000001,False,7.105427357601002e-15
INDEX,21,1.0,1,2021-05-14,2021-06-15,4173.85009765625,4246.58984375,4184.123434949585,0.1888600951449524,0.07232969848856761,0.11653039665638477,181.3435948523097,62.46640880041468,-115.45678545536038,-0.02766193867867776,-0.6366741849878457,-0.6774189265457258,0.0901486252862517,-0.07856248461519152,0.02915860088681982,-122.84558336079463,16.34787578040271,-14.246803380648107,5.287725505679652,0.9530740751400844,2.467326521394565,218.09144949302282,83477.001953125,11327.587096043015,0.13569710017141987,20,0.1881,False,1.4210854715202004e-14
INDEX,21,1.0,1,2021-06-15,2021-07-15,4246.58984375,4360.02978515625,4257.04221956383,0.17101773085310426,0.09863379958652879,0.07238393126657547,167.07686106207584,102.98756559241974,-59.07297047284847,-0.013910684254046866,-0.3535676340657397,-0.5634454595914009,0.1883944407935858,-0.050684194646728034,0.0721675793788035,-94.13869876820996,31.476351809337405,-8.468156147034588,12.057532633058681,0.44863289722496447,4.567692099582663,214.53521013376948,84931.796875,5692.761837151077,0.06702745080890621,20,0.1702,False,0.0
INDEX,21,1.0,1,2021-07-15,2021-08-13,4360.02978515625,4468.0,4370.761377222062,0.17102150051944268,0.10629327439686445,0.06472822612257823,171.5437966225399,97.23862277793796,-79.67874411689492,-0.018274816467575915,-0.4644804748738176,-0.7082918723960686,0.19601128730063133,0.02126247127699975,0.02653763894461998,-121.50307690770917,33.62452040442174,3.6474450484342418,4.552367337958284,-8.82629287435713,3.452722602064157,222.34522724516606,87200.595703125,7745.529184444326,0.08882426916914686,20,0.17010000000000003,False,1.4210854715202004e-14
INDEX,21,1.0,1,2021-08-13,2021-09-14,4468.0,4443.0498046875,4478.997345365229,0.15562001713324206,0.08435996974503568,0.07126004738820638,159.963558928334,35.947540677729194,-99.10362306662907,-0.022180757176953687,-0.6195387482659656,-0.966582046225852,0.1911526955647213,0.18613716950566167,-0.03024656711049651,-154.61790411051874,30.577465481277187,29.775164082972207,-4.838348520359718,23.731769547054686,1.1806256369210446,202.11153752221338,89360.0,9708.250769140694,0.1086420184550212,20,0.1545,False,1.4210854715202004e-14
INDEX,21,1.0,1,2021-09-14,2021-10-13,4443.0498046875,4363.7998046875,4453.985738702062,0.1952732978199715,0.14810146659055007,0.047171831229421424,199.59308774696152,90.18593401456201,-63.092200151507846,-0.014200200971176241,-0.3161041339843109,-0.6654813622241254,0.3363843540458747,0.09823455736528466,-0.08524168317134488,-132.82547992436733,67.13999189378323,19.606938627993188,-17.01365074891693,51.30076382285918,-4.98581024196754,257.2516465287982,88860.99609375,6051.968368621987,0.06810601540226995,20,0.1946,False,7.105427357601002e-15
INDEX,21,1.0,1,2021-10-13,2021-11-11,4363.7998046875,4649.27001953125,4374.540676119207,0.18703098222086703,0.09502969189877229,0.09200129032209474,187.76064950344343,274.7293434120429,-37.05802544240672,-0.008492146088507495,-0.1973684344425273,-0.2488107620025407,0.0983896634473493,-0.14597907040804772,0.09903173452071183,-46.716870277043725,18.47370711329951,-27.409125073723942,18.594262795061432,-135.65005883266943,11.62333948166325,214.87436715882177,87275.99609375,3490.9281770818507,0.03999872053401683,20,0.1864,False,0.0
INDEX,21,1.0,1,2021-11-11,2021-12-13,4649.27001953125,4668.97021484375,4660.713535220819,0.17742953133849515,0.16885197640921645,0.008577554929278697,189.776379654243,8.256679622931188,-67.92826733364278,-0.014610523167783544,-0.35793847188676753,-0.9711957221019833,0.5561173257593116,0.24146236544825622,-0.18432244099235198,-184.31000807620265,105.53793274560144,45.82385353751984,-34.98004554056139,113.28296543428719,0.3084672633818075,266.74318003429426,92985.400390625,6526.083553329983,0.07018395926580275,20,0.1766,False,1.4210854715202004e-14
INDEX,21,1.0,1,2021-12-13,2022-01-12,4668.97021484375,4726.35009765625,4680.462219757046,0.20398899932607512,0.1481333252663121,0.05585567405976302,219.10084805078822,45.887877899203886,-94.23761229388654,-0.020183810981334406,-0.43011066881878063,-0.7276421294904072,0.34250901845034054,-0.09961838117033696,0.05464082339162299,-159.42700764882966,75.04401640751269,-21.8264717958675,11.971850743297942,75.94288839663871,3.032469461059075,294.08299370419525,93379.404296875,9129.67823568446,0.09776972025500477,20,0.20309999999999997,False,0.0
INDEX,21,1.0,1,2022-01-12,2022-02-11,4726.35009765625,4418.64013671875,4737.983334975165,0.17708852828265045,0.21949362006924458,-0.04240509178659413,192.55197671421072,319.34319825641523,37.532842378060664,0.007941189628900497,0.19492317356870148,-0.44361540882840733,0.4249488969400203,0.4397000216651641,-0.2261103362080758,-85.41902387079256,81.82475010832432,84.66510833290863,-43.53799219237977,-77.92654368220819,-11.331835481935618,230.80041171582207,94527.001953125,-3984.0846495218884,-0.042147582883222685,20,0.17620000000000002,False,3.552713678800501e-14
INDEX,21,1.0,1,2022-02-11,2022-03-15,4418.64013671875,4262.4501953125,4429.515989813683,0.27390507579806767,0.24243775656323568,0.03146731923483198,278.39058547594817,167.0657945011826,-34.8917128266201,-0.00789648211825877,-0.12533366660717987,-0.6092436381976619,0.38527748603406775,0.16367105307910834,-0.06503856752269402,-169.60769313534385,107.25762490772557,45.56448029215796,-18.106124891159777,82.04395897191719,-5.61088082377173,341.38704607362826,88372.802734375,3147.7842365883816,0.035619377672673556,20,0.2736,False,7.105427357601002e-15
INDEX,21,1.0,1,2022-03-15,2022-04-13,4262.4501953125,4446.58984375,4272.941609121797,0.29874576884557064,0.17498860421253654,0.1237571646330341,292.89062139472895,173.64823462820277,-85.17979415340135,-0.01998376291811579,-0.2908245875124983,-0.2666256191153056,0.13313856813837077,-0.2715814004414197,0.11424386390585616,-78.09214326243617,38.99503795365188,-79.54364513453814,33.46095628992106,23.032257255050993,11.030335358073843,332.9952788054179,85249.00390625,8184.9841365347165,0.09601266597244824,20,0.2983,False,1.4210854715202004e-14
INDEX,21,1.0,1,2022-04-13,2022-05-13,4446.58984375,4023.889892578125,4457.5344910663025,0.2190148529933588,0.3175356055991515,-0.09852075260579271,224.03055995952766,433.6445984881775,90.42959916648753,0.020336842916508883,0.4036484985924426,-0.42864234158449405,0.7226417447939962,0.4261506393322157,-0.3165015439492752,-96.02898380753733,161.89383473632907,95.470766356707,-70.90601811901118,-110.25523050816898,-8.929208853993329,273.5530858939001,88931.796875,-9316.513002542653,-0.10476020197407772,20,0.2182,False,4.263256414560601e-14
INDEX,21,1.0,1,2022-05-13,2022-06-14,4023.889892578125,3735.47998046875,4033.794124194136,0.2890815351637021,0.3015187644318209,-0.012437229268118799,267.558892861019,298.3141437253862,35.70488873850748,0.008873227074220759,0.13344683989649356,-0.5817003576753591,0.8186832851571615,-0.0384595594287478,-0.06507652815656104,-155.63910367647784,219.04599338047203,-10.290197140678325,-17.4118038248084,4.892451182443333,0.05718669169695656,356.4620555566149,80477.7978515625,-3926.9509294073628,-0.04879545706072175,20,0.2887,False,1.4210854715202004e-14
INDEX,21,1.0,1,2022-06-14,2022-07-15,3735.47998046875,3863.159912109375,3744.6743321809513,0.3270203630469487,0.22844653419723016,0.09857382884971855,280.9563943979492,118.4855799284237,-102.78999467493277,-0.027517212034966945,-0.36585746658372925,-0.6164380241180761,0.3753285542786334,-0.1810879125776142,0.056339915833327654,-173.19220462601075,105.45095732471981,-50.87780698685752,15.82905961321567,55.760437102082484,3.920382692510271,328.6387630206729,74709.599609375,9950.360704472603,0.1331871775046158,20,0.32689999999999997,False,1.4210854715202004e-14
INDEX,21,1.0,1,2022-07-15,2022-08-15,3863.159912109375,4297.14013671875,3872.6685297804975,0.24290944871283332,0.19751737103443892,0.0453920776783944,215.86243741002284,424.47160693825253,-11.141578544098987,-0.0028840583350367775,-0.05161425340035406,-0.3272600156508172,0.2661907049934823,-0.07973385098154102,0.08918890823852178,-70.64314464522762,57.46057439578542,-17.211543416962986,19.252535122306178,-228.2275294506206,8.476781378291943,254.18623943993404,77263.1982421875,859.9716149699645,0.011130416997162306,20,0.24230000000000002,False,2.1316282072803006e-14
INDEX,21,1.0,1,2022-08-15,2022-09-14,4297.14013671875,3946.010009765625,4307.716934875931,0.20023766853628716,0.24817362784829455,-0.04793595931200739,197.94466033238066,361.70692511030575,30.995096044151865,0.007212959097912824,0.15658465346883393,-0.30232767487878576,0.4070980027728485,0.2402995655030746,-0.1884852399283035,-59.84414891295966,80.58287588086206,47.56601587152476,-37.309646795275306,-122.9859823495571,-9.781186384216124,229.6605123012431,85942.802734375,-3329.1701167164297,-0.03873704383374553,20,0.19949999999999998,False,7.105427357601002e-15
INDEX,21,1.0,1,2022-09-14,2022-10-13,3946.010009765625,3669.909912109375,3955.7225511470137,0.2618692765309967,0.2557768731785794,0.006092403352417286,237.69403546737655,285.81263903763875,-4.4778573607200265,-0.001134781044558473,-0.01883874516209563,-0.36731284566910544,0.2768956772014135,0.15172633157800447,-0.0801479082724081,-87.30807256609536,65.81645091747603,36.06444403943713,-19.050679751537814,-43.70956297857509,-8.88689795240711,275.1261773409851,78920.2001953125,172.6595587310175,0.0021877739577917683,20,0.2616,False,1.0658141036401503e-14
INDEX,21,1.0,1,2022-10-13,2022-11-11,3669.909912109375,3992.929931640625,3678.9428724412337,0.31937175029398696,0.30391819370968204,0.015453556584304917,269.5734186966364,313.9870591993913,-0.46919758189664584,-0.0001278498909056224,-0.0017405187208930858,-0.5057191594852931,0.8625087422260709,-0.1724471116504767,-0.18608298981119414,-136.32844272283995,232.50943029761783,-46.487157431979554,-50.16302772469496,-49.98469731305282,5.101859228401247,336.15383490675805,73398.1982421875,-289.23407671709344,-0.003940615487082198,20,0.3194,False,1.7763568394002505e-15
INDEX,21,1.0,1,2022-11-11,2022-12-13,3992.929931640625,4019.64990234375,4002.7579597242,0.22589661554180487,0.17556835335198429,0.05032826218982059,207.4929862852438,16.89194261954981,-77.10982501417288,-0.019311589818579614,-0.3716261758755008,-0.7792866186138209,0.49078040280682006,-0.01574216634492074,-0.06737779372357931,-161.69650766831154,101.83349138866194,-3.2663891055066654,-13.980419629016628,114.62171377933969,-1.1304951278185777,278.02337693088447,79858.5986328125,7432.959124486404,0.09307650336644314,20,0.22519999999999998,False,1.4210854715202004e-14
INDEX,21,1.0,1,2022-12-13,2023-01-13,4019.64990234375,3999.090087890625,4029.5436978279454,0.2258651385281676,0.18245690863140263,0.04340822989676499,208.8523963496964,30.45360993732038,-66.74082527679798,-0.016603641336496295,-0.31955977735131696,-0.4446131862459446,0.2804419323367472,-0.031553757836131735,-0.12383476560598788,-92.8585293961394,58.57096960546906,-6.590077937914123,-25.86318754821353,120.70740253842109,-9.049441402843064,248.84905694963308,80392.998046875,6425.233470730164,0.07992279958241864,20,0.2255,False,2.842170943040401e-14
INDEX,21,1.0,1,2023-01-13,2023-02-14,3999.090087890625,4136.1298828125,4008.9332783210634,0.18410607754403363,0.1652713214708968,0.018834756073136838,169.37806046368172,127.19660449143657,-13.389759417037451,-0.003348201496530943,-0.0790525017253253,-0.6188304291044202,0.43664952960196957,0.04334896558610993,0.05977943219101555,-104.81629783761458,73.95885042636058,7.342363714082185,10.125324280134393,24.216371931038466,4.57532462416923,234.80211685404757,79981.8017578125,1104.1738248496974,0.013805313216038465,20,0.18350000000000002,False,3.019806626980426e-14
INDEX,21,1.0,1,2023-02-14,2023-03-16,4136.1298828125,3960.280029296875,4146.3103771716615,0.18957693376581172,0.17451955953587783,0.01505737422993389,180.38666223624747,186.03034787478646,-12.287607146779258,-0.0029707981845153975,-0.068118157930582,-0.37423193949883027,0.2845383237578885,0.14488400083480027,-0.12330854302444051,-67.5064504683913,51.326918500982266,26.135141322023316,-22.24321650139354,-9.125390123177056,-8.805902662141175,214.3322472094759,82722.59765625,1014.4284674684499,0.012263015139875821,20,0.1891,False,7.105427357601002e-15
INDEX,21,1.0,1,2023-03-16,2023-04-17,3960.280029296875,4151.31982421875,3970.0276942980386,0.23022808846914522,0.12963314265449377,0.10059494581465145,209.74095074980235,181.29212992071143,-76.13149958277516,-0.0192237667588097,-0.36297870926308323,-0.44549442170005255,0.1885284085671068,-0.15558852813341698,0.0495758320032796,-93.4384235611024,39.54212765621216,-32.633285816465246,10.398082138580342,-53.30538479336935,5.622706039685112,249.31963397014178,79205.6005859375,7363.830324307374,0.0929710812093101,20,0.2299,False,1.4210854715202004e-14
INDEX,21,1.0,1,2023-04-17,2023-05-16,4151.31982421875,4109.89990234375,4161.5377064543045,0.17008845258436572,0.1304910213050542,0.039597431279311535,162.44126108241935,51.6378041105545,-69.02582985823395,-0.0166274420620493,-0.424927936401649,-0.7953366798650863,0.3642853710498576,0.05556205144933364,-0.04943867903575425,-129.19549326238905,59.17497506721592,9.025569705756022,-8.030881368816889,44.72223341248128,-2.944606298850372,213.3375311230609,83026.396484375,6689.2454547003335,0.08056769579249659,20,0.16949999999999998,False,5.684341886080802e-14
INDEX,21,1.0,1,2023-05-16,2023-06-15,4109.89990234375,4425.83984375,4120.015835343436,0.18053492671825674,0.12690600616267964,0.05362892055557711,170.69558357486622,305.82400840656373,-33.719655822540545,-0.008204495638278504,-0.1975426376966061,-0.38309396605608115,0.21815804876583128,-0.1365962448755568,0.10398952446920057,-65.39244809995276,37.23861544563769,-23.3163757331685,17.75055256494302,-176.8568060119046,8.008725357666554,212.8544658760067,82197.998046875,3159.111116378048,0.0384329447363974,20,0.17989999999999998,False,0.0
INDEX,21,1.0,1,2023-06-15,2023-07-18,4425.83984375,4554.97998046875,4436.733417897921,0.14559082329524975,0.09642145821007067,0.04916936508517908,148.2438501858011,118.24656257082916,-53.6322323166759,-0.012117978555508118,-0.36178385983267475,-0.6260926880753784,0.2966219943113596,-0.04751291035751472,0.01519974428885884,-92.8143906534719,43.97238648650674,-7.04349676493081,2.253268615220076,-23.67725786821822,0.042313166514264866,215.04264037111795,88516.796875,5148.180591296472,0.058160493522676084,20,0.145,False,7.105427357601002e-15
INDEX,21,1.0,1,2023-07-18,2023-08-16,4554.97998046875,4404.330078125,4566.191414662331,0.13363166166011353,0.0996318722368751,0.03399978942323843,140.03863416565042,161.86133653733123,-31.77557570461593,-0.0069760077631221395,-0.2269057813505157,-0.643343941374675,0.3109060869041754,0.1561194426518413,-0.05058736953185742,-90.09300684885577,43.53886376384774,21.862753515666444,-7.084186135274352,-49.187274644995654,-4.411003431301077,194.917558236767,91099.599609375,2982.640012224826,0.03274042943123852,20,0.133,False,3.552713678800501e-15
INDEX,21,1.0,1,2023-08-16,2023-09-15,4404.330078125,4450.31982421875,4415.170709049711,0.16827109504775747,0.11535415126558371,0.052916943782173764,170.50049193742757,35.14911516903885,-65.36826677911048,-0.014841818305983755,-0.38339048782979557,-0.5750674221544965,0.29235338833082675,-0.15135978532192051,0.05068333131579475,-98.04927837452998,49.84639652997976,-25.806917856930877,8.641532922370633,65.29185647465023,4.691253514628024,236.09448100393115,88086.6015625,6300.732196907117,0.0715288373616794,20,0.1678,False,1.4210854715202004e-14
INDEX,21,1.0,1,2023-09-15,2023-10-16,4450.31982421875,4373.6298828125,4461.2736523505,0.13838654905809575,0.1252989281014455,0.013087620956650253,141.68868740963896,87.64376953800002,-11.584876280589695,-0.0026031558939976656,-0.08176288800739914,-0.4806770964374192,0.2856154602060917,0.28377937738904757,-0.17048062916511927,-68.10650686209436,40.4684796605011,40.208327496178725,-24.15517657517516,51.97006765989854,-9.510026068849278,175.67440002689113,89006.396484375,982.8132280320783,0.01104205165978841,20,0.1379,False,1.7763568394002505e-15
INDEX,21,1.0,1,2023-10-16,2023-11-14,4373.6298828125,4495.7001953125,4384.394949580847,0.17243384681210006,0.1642956961517885,0.008138150660311566,173.4996738581105,111.30524573165258,0.9464746853264465,0.00021640484235895333,0.00545519576077406,-0.6419734383042305,0.7497395596459345,0.06578622394983691,-0.16809714953076704,-111.3821821713538,130.07956907709303,11.41388839965332,-29.164800620066114,68.19056300327088,-5.049660191486503,239.7756810265349,87472.59765625,-334.42314955917954,-0.0038231761548158925,20,0.1721,False,1.7763568394002505e-14
INDEX,21,1.0,1,2023-11-14,2023-12-14,4495.7001953125,4719.5498046875,4506.765720761556,0.1420623647538364,0.07643844955231355,0.06562391520152286,146.93487965977343,212.7840839259443,-60.07422853779205,-0.013362596687481345,-0.40884933976802146,-0.5093866994240583,0.12020804815253558,-0.09353067647374945,0.0738599879772509,-74.8466733801632,17.662755089429066,-13.742918692167578,10.852608445109672,-132.64312089578056,6.719688091817633,186.73041930272953,89914.00390625,5820.692434476476,0.06473621662478178,20,0.1416,False,2.1316282072803006e-14
INDEX,21,1.0,1,2023-12-14,2024-01-17,4719.5498046875,4739.2099609375,4731.16630405423,0.12530931537817908,0.0978988314442148,0.02741048393396428,136.06273776092522,8.04365688327016,-58.75659460248836,-0.012449618508979559,-0.43183457550096577,-0.7908178887177003,0.40735076408354376,0.059876627107462534,-0.10824407797427199,-107.600847009245,55.42526019021173,8.14697781213138,-14.727985595586512,66.11187960291944,3.150606672247253,201.84050055227607,94390.99609375,5673.81895969656,0.06010974769310911,20,0.12480000000000001,False,3.552713678800501e-14
INDEX,21,1.0,1,2024-01-17,2024-02-15,4739.2099609375,5029.72998046875,4750.87485097751,0.14823842209338242,0.12429309899299541,0.02394532310038701,161.62649311876166,278.8551294912404,-9.743428290366282,-0.0020559182586708732,-0.06028360884627312,-0.29709497923229305,0.2165572651773562,-0.10427063574267582,0.12452474095133965,-48.018419616506854,35.00139133000581,-16.852897190352497,20.126497186487278,-139.0043088868126,12.032244223967568,201.19210991119976,94784.19921875,773.1507191254285,0.008156957863209816,20,0.1479,False,1.7763568394002505e-14
INDEX,21,1.0,1,2024-02-15,2024-03-18,5029.72998046875,5149.419921875,5042.109944141324,0.14047547991240678,0.11535847849751935,0.02511700141488743,162.5527763526093,107.30997773367562,-23.463186537706594,-0.00466489983136628,-0.14434196120286666,-0.6019736591579496,0.382465822866844,-0.0014023926404513104,0.07656826772869037,-97.85248958726405,62.17088136699078,-0.2279628172418271,12.446384499808516,25.288426148809453,6.491185932417642,225.96010476171128,100594.599609375,2120.358549008948,0.021078254272521996,20,0.1401,False,1.7763568394002505e-14
INDEX,21,1.0,1,2024-03-18,2024-04-17,5149.419921875,5022.2099609375,5162.094485284009,0.14370681817172454,0.11465323070028076,0.02905358747144378,170.2485784292597,139.88452434650935,-12.678908726393223,-0.0024622013583573887,-0.07447291979393214,-0.7251503765323216,0.49118053123532535,0.10187430107067087,0.057622624432393285,-123.45582075207017,83.62278719494273,17.343954935756127,9.810169894978085,15.481038274835289,2.204107081521848,265.68785620169416,102988.3984375,1002.2030164376281,0.00973122246430339,20,0.1433,False,1.7763568394002505e-15
INDEX,21,1.0,1,2024-04-17,2024-05-16,5022.2099609375,5297.10009765625,5034.5714151535085,0.18221494695819318,0.12170650580259265,0.06050844115560053,210.52697544071165,262.5286825027415,-56.77658933176211,-0.011305100697375779,-0.26968795430090364,-0.38170045243406936,0.2677750275039206,-0.2255490430140307,0.06978651364327586,-80.35824177529585,56.373866638953785,-47.48415783929086,14.691943643870825,-116.28467895836799,7.506382564576029,273.2769412145922,100444.19921875,5404.381991961618,0.053804819332491406,20,0.1821,False,1.4210854715202004e-14
INDEX,21,1.0,1,2024-05-16,2024-06-17,5297.10009765625,5473.22998046875,5310.138154775345,0.12458975686097594,0.08248895313267769,0.04210080372829825,151.83645787403162,163.09182569340464,-47.40130911455717,-0.008948539434912757,-0.3121866103718174,-0.62523963927136,0.2561875837969009,0.01903990659066917,0.037825538511972685,-94.93417214940058,38.898615275028085,2.8909519749796364,5.743295784835701,-62.139490950061514,3.4828140161313415,211.98679003827135,105942.001953125,4528.144121417446,0.04274172696322054,20,0.1242,False,1.4210854715202004e-14
INDEX,21,1.0,1,2024-06-17,2024-07-18,5473.22998046875,5544.58984375,5486.701556198057,0.12794475071995182,0.09032471158332607,0.037620039136625746,161.10923586682378,57.888287551942994,-53.068613386736935,-0.009696032064450527,-0.32939522741330945,-0.5403098741275418,0.18677433998151158,-0.007049036379804315,0.031189343112525133,-87.048910951988,30.091071193951684,-1.135664864747715,5.024891236047107,43.70051543175074,6.451819496393117,215.11942787922823,109464.599609375,5091.741910794465,0.04651496400630316,20,0.1275,False,7.105427357601002e-15
INDEX,21,1.0,1,2024-07-18,2024-08-16,5544.58984375,5554.25,5558.2370616148755,0.159429863481918,0.21515804523413395,-0.055728181752215944,203.36664505952047,3.987061614875529,0.5231376833613623,9.435101569344325e-05,0.00257238684941797,-0.669339583863067,0.7662298960932797,0.3736474157002096,-0.4679653410810041,-136.1213455757675,155.82560331279527,75.98742136611162,-95.168541419778,208.8948980618307,-8.992176933824432,287.2328195605006,110891.796875,-339.5465878966369,-0.003061963079914579,20,0.1593,False,3.552713678800501e-14
INDEX,21,1.0,1,2024-08-16,2024-09-17,5554.25,5634.580078125,5567.920994963031,0.1486690592493347,0.13852150157903237,0.010147557670302343,189.97289498926955,66.65908316196874,-35.565696384020974,-0.006403330131704726,-0.18721458335427205,-0.8926146915695904,0.50829428587005,0.1810211898794928,0.016084632465775923,-169.57259706742903,96.56213699323676,34.38911949580951,3.055644194361845,86.5869923651244,1.1611230781554418,285.8362882109779,111085.0,3270.73335019112,0.02944351937877409,20,0.14800000000000002,False,6.394884621840902e-14
INDEX,21,1.0,1,2024-09-17,2024-10-16,5634.580078125,5842.47021484375,5648.448794129293,0.1766452062868098,0.10592791475264342,0.07071729153416638,228.97881979665868,194.02142071445724,-63.98137467468483,-0.011355127407467016,-0.27942049282768844,-0.6398759684773431,0.19592904128101502,0.06637836046535173,0.09814807390328803,-146.518044078186,44.86360063641764,15.199238639393425,22.473830127690128,-36.59052033949369,7.566544747010312,293.87540414041587,112691.6015625,6104.262063328068,0.05416785260561389,20,0.1761,False,2.1316282072803006e-14
INDEX,21,1.0,1,2024-10-16,2024-11-14,5842.47021484375,5949.169921875,5856.850622797801,0.19595240965427055,0.1293938120928854,0.06655859756138516,263.3711313805473,92.3192990771986,-89.26103882243365,-0.015277962153003604,-0.33891732307387773,-0.5602620252097696,0.30690009911503324,-0.09812664390622979,0.012571246927088548,-147.55684344905373,80.8286263247284,-25.843725224159826,3.3109035260515394,79.53855935231417,2.252234128600903,331.0413115776248,116849.404296875,8595.062570665741,0.07355675129355885,20,0.19579999999999997,False,2.842170943040401e-14
INDEX,21,1.0,1,2024-11-14,2024-12-16,5949.169921875,6074.080078125,5963.81295595452,0.1436180056468835,0.08083064468708469,0.06278736095979882,196.56813413912246,110.26712217048043,-80.26568993136021,-0.01349191416372637,-0.4083352079567058,-0.6356371907879432,0.18884030083661751,-0.022590934622556555,0.0610526166171764,-124.9460165826194,37.11998558572447,-4.440657867214843,12.000998932749548,-0.5403810216515446,6.575703058933364,262.14376270871827,118983.3984375,7764.425230427303,0.06525637469084249,20,0.1431,False,0.0
INDEX,21,1.0,1,2024-12-16,2025-01-17,6074.080078125,5996.66015625,6089.030560755976,0.1475380906735905,0.1717088909956397,-0.024170800322049213,206.17253039383624,92.37040450597578,13.876837649170664,0.002284599062028548,0.06730691825270205,-0.5069513170778581,0.5442934828695103,0.33059788792126027,-0.3006331354602102,-104.51943582843,112.21836464008109,68.1602030955841,-61.98229425806448,139.29958025378204,-11.620616716750929,269.7646533305059,121481.6015625,-1657.4484182475721,-0.013643616785829467,20,0.1469,False,3.907985046680551e-14
INDEX,21,1.0,1,2025-01-17,2025-02-19,5996.66015625,6144.14990234375,6011.420080774662,0.1601794066937668,0.10539500608975369,0.0547844006040131,220.9817362000512,132.72982156908802,-77.33627634513752,-0.012896558139039118,-0.3499668238425199,-0.6826572887132658,0.28363141656380936,-0.032955373752761676,0.0820144220596982,-150.8547928894771,62.67736287315055,-7.282535709006872,18.123689380195884,4.975965476188282,5.939672809637377,313.8137737397158,119933.203125,7419.813860774037,0.06186621942416363,20,0.1597,False,2.842170943040401e-14
INDEX,21,1.0,1,2025-02-19,2025-03-20,6144.14990234375,5662.89013671875,6159.2728518629565,0.1532836346398461,0.2064542322401469,-0.053170597600300795,216.67116357697745,496.3827151442065,72.48672117419261,0.011797681099307455,0.33454715421067105,-0.2938769977896956,0.37293897667384673,0.4860459390010209,-0.230560763674501,-63.674671059602176,80.80512201912963,105.3121391552158,-49.95586894055065,-191.77915017537188,-15.445680217664526,258.5181259278028,122882.998046875,-7507.190243347063,-0.06109218006288687,20,0.1527,False,0.0
INDEX,21,1.0,1,2025-03-20,2025-04-21,5662.89013671875,5158.2001953125,5676.828533898438,0.1981881575651955,0.47013687645343194,-0.27194871888823646,258.18770771487215,518.6283385859379,220.35228938585536,0.03891163064546651,0.8534577084870358,-0.6076290355860025,1.4816594520817392,0.7080920686586917,-0.7286647766673927,-156.88234783894845,382.5462575470577,182.82066805806946,-188.1322883803234,-31.902498933884274,-8.185842551326148,338.9964312107773,113257.802734375,-22374.225369796313,-0.19755129297599808,20,0.198,False,5.684341886080802e-14
INDEX,21,1.0,1,2025-04-21,2025-05-20,5158.2001953125,5940.4599609375,5170.896370113495,0.3378091998340163,0.18810595821984105,0.14970324161417525,400.75279943076356,769.5635908240047,-101.61038310414851,-0.019698805640868042,-0.2535487793185168,-0.17377094903625073,0.09624999963100506,-0.26104432266796723,0.08501649275469614,-69.63919428601803,38.572456797335235,-104.61424308469539,34.0705974692297,-484.902029946875,14.480855449485489,431.71998257080645,103164.00390625,9729.318327844045,0.09430923538684613,20,0.3382,False,4.263256414560601e-14
INDEX,21,1.0,1,2025-05-20,2025-06-20,5940.4599609375,5967.83984375,5955.081556689233,0.18146959632424597,0.12465285619240979,0.056816740131836185,248.0008915328733,12.758287060766634,-156.35931013965237,-0.026321078025577056,-0.6304788227703868,-0.8559212625021481,0.2884471556768626,0.06017635204907701,-0.12318106799417831,-212.2692361824752,71.53515176798342,14.923788957367146,-30.54901468252771,77.52009977838523,1.363194554069101,328.8188323920029,118809.19921875,15307.112181573235,0.1288377691477406,20,0.1809,False,2.842170943040401e-14
INDEX,21,1.0,1,2025-06-20,2025-07-22,5967.83984375,6309.6201171875,5982.528831181982,0.2065927152162693,0.084890304531448,0.1217024106848213,283.6264694374457,327.09128600551776,-88.24787434439402,-0.014787239043757896,-0.31114117987445894,-0.2836573280087241,0.07713648832603826,-0.1954204380197053,0.09080009782793214,-80.4527264731739,21.877949848716973,-55.42640889144819,25.753311171511072,-146.41826441035246,14.705573497886359,322.7654345734826,119356.796875,8502.02199986592,0.0712319886463602,20,0.20620000000000002,False,2.842170943040401e-14
INDEX,21,1.0,1,2025-07-22,2025-08-20,6309.6201171875,6395.77978515625,6325.1503480630845,0.16566762831768628,0.10421479675337064,0.061452831564315635,240.47970722927354,70.6294370931655,-99.0304456220407,-0.015695151813067205,-0.41180375160563965,-0.6297833445158129,0.24689091495359686,-0.05424526382161451,0.025333941778190754,-151.4501143070354,59.37225494560845,-13.044885162396561,6.092298901782774,64.37599761073517,6.44382690333215,311.3661371719526,126192.40234375,9591.678425032118,0.07600836696098583,20,0.165,False,4.263256414560601e-14
INDEX,21,1.0,1,2025-08-20,2025-09-19,6395.77978515625,6664.35986328125,6411.522085777851,0.15766264284785947,0.08845668989005258,0.06920595295780689,231.98706691402955,252.83777750339868,-73.17970032455779,-0.01144187304484718,-0.31544732772399303,-0.5217609452763979,0.1668000225450725,-0.03214065776225798,0.07165425276959034,-121.04179132496303,38.695447991425375,-7.456216922953867,16.622859931933743,-103.42020923399068,9.389798320063772,299.08613367899613,127915.595703125,7018.883898776783,0.054871213007260465,20,0.15689999999999998,False,1.4210854715202004e-14
INDEX,21,1.0,1,2025-09-19,2025-10-20,6664.35986328125,6735.1298828125,6680.763235495815,0.15517134384002534,0.13036879963655623,0.024802544203469112,237.90995036026408,54.366647316684976,-65.02010390040265,-0.009756391496600469,-0.27329711851876526,-1.0022531261908607,0.5526795656442678,0.2141472705213148,-0.03787082849348721,-238.44599150048714,131.48796802756007,50.94776649951205,-9.009846926987617,118.81613099163435,-0.2929318484579025,324.40957537449907,133287.197265625,6177.600814665766,0.046348043483535536,20,0.1545,False,1.4210854715202004e-14
INDEX,21,1.0,1,2025-10-20,2025-11-18,6735.1298828125,6617.31982421875,6751.707445346288,0.18274406780612626,0.12676187049682544,0.05598219730930082,283.1508430926822,134.3876211275383,-83.77534683503825,-0.01243856440672749,-0.2958682584872846,-0.8002074901847062,0.3951684534139246,0.05847890105839605,0.050691877225101004,-226.57942549487876,111.89228074778406,16.558350137818387,14.353447774238084,62.10360895216996,2.8842661779357033,391.6026587699524,134702.59765625,7985.932024733873,0.05928565717131393,20,0.18230000000000002,False,0.0
INDEX,21,1.0,1,2025-11-18,2025-12-18,6617.31982421875,6774.759765625,6633.607414079786,0.24686975760739716,0.11904401240055731,0.12782574520683984,375.78295206945,141.1523515452136,-169.79849758166696,-0.02565970847596347,-0.4518525831110236,-0.37947414535551255,0.14041694366736993,-0.3007736841363469,0.0879783027134657,-142.59991457572607,52.766293611893936,-113.02562292956075,33.06074631172584,52.21265801549689,12.619444927072465,439.9410769336003,132346.396484375,16539.908681233097,0.12497437875602319,20,0.2469,False,8.526512829121202e-14
INDEX,21,1.0,1,2025-12-18,2026-01-21,6774.759765625,6875.6201171875,6791.434871468563,0.16929333091328674,0.10746604047006753,0.06182729044321922,263.85752562927087,84.18524571893704,-61.593077984212854,-0.009091551599620542,-0.23343309173130541,-0.6213315340932845,0.30497248063301324,-0.13745184594196302,0.2203778076709289,-163.943001181293,80.4692841248476,-36.2677039634221,58.14834303565465,107.16405274406652,10.915149182054462,352.7454066006633,135495.1953125,5806.562391820622,0.04285437855142117,20,0.16870000000000002,False,1.4210854715202004e-14
INDEX,21,1.0,1,2026-01-21,2026-02-20,6875.6201171875,6909.509765625,6892.5434764150805,0.16953282140708498,0.11593978232496717,0.05359303908211781,268.1644950460835,16.966289209919523,-156.71647733314836,-0.022793068066892252,-0.5844042750932295,-0.9100944750000118,0.3329462118585864,0.10548613317883236,-0.11274214513063636,-244.05502533260866,89.28435278056418,28.287635638265495,-30.233440419369366,93.26415111474223,1.2175773882734062,354.6065652869227,137512.40234375,15317.041168027914,0.11138661609400703,20,0.16899999999999998,False,0.0
INDEX,21,1.0,1,2026-02-20,2026-03-23,6909.509765625,6581.0,6926.516539393353,0.19132514806764167,0.14082987172313247,0.050495276344509205,304.11864657024955,345.516539393353,-62.483034292657194,-0.00904304884313385,-0.205456110624325,-0.6245350078372655,0.22110747181698184,0.2904844663811623,-0.09251304098520376,-189.93274131920936,67.24290507555011,88.34174276552024,-28.134940814518192,-94.62807069289745,-9.252856422863204,366.39078046565766,138190.1953125,5881.912648800062,0.04256389272407384,20,0.1909,False,0.0
INDEX,21,1.0,1,2026-03-23,2026-04-22,6581.0,7137.89990234375,6597.198193788849,0.26148989857747107,0.18358444043434122,0.07790545814312985,395.84271781177995,540.7017085549014,-109.74183212534255,-0.01667555570967065,-0.2772359505108388,-0.3895121409553851,0.23960213742562564,-0.1634545312404061,0.03612858425932677,-154.18554449646476,94.84476127207125,-64.70228588485284,14.3012369839038,-262.7801523784145,8.179329509950477,459.06037995495996,131620.0,10515.122832579294,0.07989000784515495,20,0.2615,False,1.4210854715202004e-14
INDEX,21,1.0,1,2026-04-22,2026-05-21,7137.89990234375,7445.72021484375,7155.468825890865,0.18969725569788443,0.11017644998204024,0.07952080571584419,311.4986671317253,290.25138895288455,-93.93426469829467,-0.013159930229261282,-0.30155591214318783,-0.4562054736265056,0.1645307490029046,-0.07144090840648774,0.061559720886900864,-142.10739697285396,51.251109016589226,-22.253747747300604,19.17577100527065,-84.18864565627484,11.50165913682091,375.7376624392985,142757.998046875,9017.688807390168,0.06316766087199671,20,0.1892,False,2.842170943040401e-14
INDEX,21,1.0,1,2026-05-21,2026-06-23,7445.72021484375,7365.4599609375,7464.0467942294945,0.1683169817353817,0.16561208498621738,0.002704896749164326,288.31741828369485,98.58683329199448,16.088188302785998,0.0021607296324018016,0.055800264855853245,-0.8452049770769053,0.8172608655852913,0.05751506578376983,0.026229310563697414,-243.68731691134283,235.63054282984893,16.58259527919339,7.562367105086484,203.59929014767656,2.219483146809827,431.6057026446141,148914.404296875,-2040.424532923214,-0.013701995737466968,20,0.16760000000000003,False,2.1316282072803006e-14
AAPL,21,1.0,1,2011-01-07,2011-02-08,12.00428581237793,12.685713768005371,12.041857881323113,0.3169784813144947,0.22350635237369787,0.09347212894079682,0.8757559515908795,0.6438558866822586,-0.3110728063175417,-0.025913478834099942,-0.3552049012655335,-0.5961318986787303,0.3490502566198755,-0.15690912057312717,0.04878586136644841,-0.5220660582010692,0.30568283963917975,-0.13741409620080702,0.042724508445154755,-0.08869290259883861,0.009520161189917763,2.5576568651113405,240.0857162475586,28.549623766642828,0.11891429533110821,20,0.1714,True,5.551115123125783e-17
AAPL,21,1.0,1,2011-02-08,2011-03-10,12.685713768005371,12.381071090698242,12.72541863006546,0.23946237282871297,0.21735680644704308,0.022105566381669883,0.699252791456656,0.3443475393672184,-0.1534509296151105,-0.012096357557911245,-0.21944986346847117,-0.966648343047095,0.5190189330756525,0.25641915177391833,-0.028239605270946818,-0.6759315522326323,0.3629254377720053,0.17930180766086032,-0.01974662281534366,0.2057971460891555,-0.004342823614828439,2.3857453390774666,253.71427536010742,12.959347622433583,0.051078511857639196,20,0.15810000000000002,True,1.3877787807814457e-16
AAPL,21,1.0,1,2011-03-10,2011-04-08,12.381071090698242,11.966428756713867,12.41982245532797,0.31416032329624916,0.2449950733091681,0.06916524998708107,0.8952188616658645,0.4533936986141036,-0.3352132059725873,-0.0270746531957505,-0.374448328030988,-0.7180378082999452,0.3306495906474519,0.04772679848175897,-0.034786908860253596,-0.6428009893793292,0.296003750149696,0.04272593020779637,-0.031141896950750397,0.11504391525448937,-0.008431958175315783,2.5260189302488283,247.62142181396484,30.9953016670099,0.1251721334929428,20,0.2188,True,1.1102230246251565e-16
AAPL,21,1.0,1,2011-04-08,2011-05-10,11.966428756713867,12.48035717010498,12.003882337318494,0.30950692774383914,0.1720965300514693,0.13741039769236985,0.8524305002773538,0.4764748327864865,-0.35098794990774695,-0.029331052483876793,-0.4117496379981085,-0.4974079478080734,0.1829837638816821,-0.1601349437003091,0.06280948962859174,-0.4240057057919679,0.15598094138829546,-0.13650391017034036,0.05354072466626572,0.009071022468178133,0.01589669511494209,2.4390409995819047,239.32857513427734,32.65975399119279,0.1364640807010561,20,0.1787,True,1.1102230246251565e-16
AAPL,21,1.0,1,2011-05-10,2011-06-09,12.48035717010498,11.838929176330566,12.519419289033555,0.22906771745621773,0.19550434011991216,0.03356337733630557,0.6580823830875333,0.680490112702989,-0.04633283937422352,-0.0037124610091454446,-0.07040583453524947,-0.5336799661317604,0.38448508526000136,0.11133896954058535,-0.03254992320407569,-0.35120538391806294,0.2530228611695151,0.07327021440577869,-0.021420531031454325,-0.04731589587293121,-0.02142467311674793,2.2743117507129615,249.6071434020996,2.3589721867093902,0.00945073988891917,20,0.1591,True,5.551115123125783e-17
AAPL,21,1.0,1,2011-06-09,2011-07-11,11.838929176330566,12.64285659790039,11.875983697540947,0.23701762480794927,0.2495235973682171,-0.012505972560267836,0.6459171853943013,0.7668729003594432,0.024566026218512147,0.0020750209628440652,0.03803278001268192,-0.6114593567947251,0.5357746078123248,0.14330843064737137,-0.029590901652289146,-0.39495210672385866,0.3460660266838725,0.09256537816702454,-0.019113271908526186,-0.10056798583839893,0.0041782970917692,2.327331646354457,236.77858352661133,-4.783934268205671,-0.02020425241570891,20,0.1777,True,2.42861286636753e-17
AAPL,21,1.0,1,2011-07-11,2011-08-09,12.64285659790039,13.357500076293945,12.682427321822223,0.3029510630204362,0.3797497441350279,-0.0767986811145917,0.8815517106827024,0.6750727544717225,0.6261895391625477,0.04952911822685227,0.710326497668079,-0.49642893933332505,0.9517754154088768,-0.09701847257805092,0.3519984941705782,-0.4376277807016922,0.8390392456394351,-0.08552680046900364,0.31030487469380846,0.8043965993935872,0.028271895979940596,2.4835124442767675,252.8571319580078,-65.10246636053154,-0.25746739218470277,20,0.1839,True,0.0
AAPL,21,1.0,1,2011-08-09,2011-09-08,13.357500076293945,13.71928596496582,13.399307554193573,0.4068141709629028,0.3178326344584083,0.08898153650449447,1.2503748585397876,0.3199784107722472,-0.468558015314624,-0.035078271580637414,-0.3747340344493293,-0.7153177462652348,0.4113598448008841,-0.05773629141952823,-0.013039841565450525,-0.8944153257973927,0.5143540077518545,-0.07219200721630456,-0.016304690052781443,0.4576043511167423,0.004234081336173998,3.0334935351254786,267.1500015258789,43.82230799633692,0.16403633818468025,20,0.3506,True,2.7755575615628914e-16
AAPL,21,1.0,1,2011-09-08,2011-10-07,13.71928596496582,13.20714282989502,13.762225792141784,0.3626707382761491,0.23315192818702843,0.12951881008912067,1.1450229743575373,0.5550829622467646,-0.49716062820691337,-0.0362380833431481,-0.43419270996362846,-0.9344909874815822,0.27209995848193225,0.19111678330917026,0.03708153572685107,-1.0700136499964734,0.3115607037835445,0.21883310767431108,0.0424592103317043,0.08802038817354135,0.004758995730317969,2.774225853217236,274.3857192993164,46.941836967474096,0.17107973799564666,20,0.3432,True,1.6653345369377348e-16
AAPL,21,1.0,1,2011-10-07,2011-11-07,13.20714282989502,14.276070594787598,13.248479706468055,0.47589932776680405,0.35390084502727087,0.12199848273953318,1.4459425272865258,1.0275908883195424,-0.27175895724156723,-0.02057666527437164,-0.187945891425957,-0.26748327556624807,0.24055604119249474,-0.2370491010957945,0.07603044404359084,-0.386765443479139,0.3478302101559175,-0.34275937632945225,0.10993565241110653,0.11317565007077043,0.033417031654645796,3.0225758359478907,264.1428565979004,24.153319888208834,0.0914403675317897,20,0.36200000000000004,True,0.0
AAPL,21,1.0,1,2011-11-07,2011-12-07,14.276070594787598,13.896071434020996,14.320753095440873,0.308327247715216,0.28067797065844097,0.027649277056775057,1.0130846579644694,0.42468166141987673,-0.18180926521488566,-0.012735245599112328,-0.17946107838626651,-0.6192955476871362,0.34011692396341153,0.16926343129907742,-0.06954588596161922,-0.6273988181075412,0.34456723758140023,0.17147818540351834,-0.070455870092263,0.4325172892475567,-0.025923557917849664,2.667798215728488,285.52141189575195,15.513128305760077,0.0543326267643428,20,0.2985,True,5.551115123125783e-17
AAPL,21,1.0,1,2011-12-07,2012-01-09,13.896071434020996,15.061785697937012,13.939564579897937,0.334975376655373,0.18373392349339657,0.15124145316197646,1.071283027023753,1.122221118039075,-0.386222408439231,-0.027793640114260186,-0.3605232218718495,-0.5267645650083023,0.184087018398321,-0.05140352507841651,0.03355784981654827,-0.5643139377309445,0.19720929830553063,-0.055067723945697436,0.03594995493188032,-0.4508483069838601,0.013687807529306862,2.6445405403972715,277.9214286804199,35.97770030352583,0.12945277546373135,20,0.2867,True,0.0
AAPL,21,1.0,1,2012-01-09,2012-02-08,15.061785697937012,17.0242862701416,15.108927398786633,0.32150450162320565,0.2608781091970575,0.060626392426148146,1.114489948191165,1.915358871354968,-0.0976155484513504,-0.0064810076579910865,-0.08758764366585987,-0.36789346052901717,0.3930745808100658,-0.2252592034633943,0.11249043951648574,-0.41001356376485276,0.43807766920227414,-0.2510491179975014,0.12536946410872957,-0.9222956622055398,0.023811190590386222,2.719281766875259,301.23571395874023,7.042273078259781,0.023377948735601613,20,0.2107,True,5.551115123125783e-17
AAPL,21,1.0,1,2012-02-08,2012-03-09,17.0242862701416,19.47035789489746,17.077570377791286,0.24774008979460913,0.2372376648479907,0.010502424946618433,0.9708254277398448,2.392787517106175,0.1897331587296165,0.011144852460709847,0.19543488799147923,-0.37811146032227816,0.2729684642018114,0.2461886903020961,0.05438919380985007,-0.36708022020071307,0.26500472601821207,0.23900624056724465,0.05280241234487301,-1.2743075610924453,0.04207863045573153,2.5244775520512173,340.48572540283203,-21.497793425012865,-0.06313860412085885,20,0.1816,True,1.6653345369377348e-16
AAPL,21,1.0,1,2012-03-09,2012-04-10,19.47035789489746,22.444286346435547,19.5312979325347,0.29599746476746475,0.26681919319248126,0.029178271574983483,1.3264726645854135,2.912988413900848,0.14028203087586277,0.00720490253097125,0.1057556892208613,-0.3286346705572678,0.25966520313756264,0.1627650380341178,0.011960118606448512,-0.4359249071292486,0.3444387939059954,0.2159033737024624,0.01586477039665334,-1.4964712670047982,0.05023754856522559,2.887521078365577,389.4071578979492,-16.915724165951854,-0.04343968471782665,20,0.1711,True,1.942890293094024e-16
AAPL,21,1.0,1,2012-04-10,2012-05-09,22.444286346435547,20.327856063842773,22.514534446756866,0.4293980981218001,0.4479116519313941,-0.01851355380959402,2.2174632343611274,2.186678382914092,0.015451253917668665,0.0006884270535125538,0.006967986516412445,-0.34792360676802536,0.42481248277339845,-0.022354021096574056,-0.047566868392386615,-0.7715078063744145,0.9420060620476808,-0.04956921992178598,-0.1054777818338117,0.09244267451241511,-0.04620656914771128,4.060838388778503,448.88572692871094,-5.60596378054537,-0.0124886211439636,20,0.2039,True,8.673617379884035e-17
AAPL,21,1.0,1,2012-05-09,2012-06-08,20.327856063842773,20.7257137298584,20.391479974625614,0.333403284408448,0.29369701170615925,0.03970627270228877,1.5597763706170924,0.3342337552327841,-0.5310098361576091,-0.026122274503021403,-0.34043972338645334,-0.8122976994066331,0.4848933174323258,0.002524483439450893,-0.015559824851597034,-1.267002757441092,0.7563251388010748,0.003937629616869668,-0.02426984713446166,0.7061279864016614,-0.011595207174962294,3.4692682395629255,406.55712127685547,49.63171537619799,0.12207808639613031,20,0.20079999999999998,True,1.1102230246251565e-16
AAPL,21,1.0,1,2012-06-08,2012-07-10,20.7257137298584,21.721786499023438,20.790582890537113,0.2916048238299567,0.1957188447725567,0.09588597905740004,1.3910555369717053,0.9312036084863244,-0.3916748824224352,-0.018898016614895666,-0.28156667509846667,-0.6095277652436962,0.32084485605941465,0.001925153434597649,0.005191080651217258,-0.8478869727802334,0.44631301353033853,0.0026779953447171553,0.007221081482742452,0.061719728783318245,0.006457317279627365,3.2771904404424643,414.51427459716797,35.890297801801054,0.08658398516355041,20,0.21230000000000002,True,5.551115123125783e-17
AAPL,21,1.0,1,2012-07-10,2012-08-08,21.721786499023438,22.13785743713379,21.789773255812612,0.351459966287836,0.22644019258233636,0.12501977370549963,1.7569267203931584,0.3480841813211768,-0.6815014645990198,-0.03137409828743407,-0.38789407474349075,-0.5862903850852593,0.325219001761999,-0.2006612997285115,0.07383860830828111,-1.0300692434658867,0.5713859541752457,-0.35254719924184225,0.12972902393346336,0.7352724744726847,-0.007931399999722836,3.730067479853039,434.43572998046875,64.42007898004896,0.14828448613778875,20,0.18719999999999998,True,0.0
AAPL,21,1.0,1,2012-08-08,2012-09-07,22.13785743713379,24.301429748535156,22.207146449318834,0.2417427593651771,0.1854987524600246,0.05624400690515252,1.2318828980494052,2.094283299216322,-0.10156066184633236,-0.004587646394179758,-0.08244343842028012,-0.3890969508033144,0.22695491886370564,0.07296659232280371,0.006732001196524924,-0.4793218793777738,0.2795818831763893,0.08988629721140491,0.008293037143647188,-1.011384693924123,0.04742363091087379,2.8691600983762604,442.7571487426758,7.286906086256975,0.016458020174152,20,0.1532,True,2.7755575615628914e-17
AAPL,21,1.0,1,2012-09-07,2012-10-08,24.301429748535156,22.791786193847656,24.37749049952436,0.28702952615008687,0.2446949746513529,0.04233455149873397,1.605471723728735,1.5857043056767033,-0.2608025685368657,-0.010731984547229628,-0.16244606783303997,-0.7511834299844287,0.44665128414079497,0.16223000459648831,-0.02014392658589444,-1.2060037561735641,0.7170860070551751,0.2604556851200447,-0.03234050453852104,-0.2305357240291399,-0.010499426455694011,3.703653947153887,486.0285949707031,22.376602906532682,0.046039683957034463,20,0.1438,True,2.7755575615628914e-16
AAPL,21,1.0,1,2012-10-08,2012-11-08,22.791786193847656,19.20535659790039,22.863121929737595,0.39527268459655956,0.3555408685269608,0.03973181606959875,2.073041964628377,3.6577653318372043,-0.45234348210805964,-0.019846776301813668,-0.21820276184768347,-0.4061841984455711,0.30472352027624494,-0.09627373955545836,-0.02046834412289896,-0.8420368887466092,0.6317046451419419,-0.1995795021901681,-0.04243173631322416,-2.0028708465304166,-0.03419600278647041,3.8991976618789974,455.8357238769531,41.33515054892696,0.09067992784191009,20,0.15109999999999998,True,1.1102230246251565e-16
AAPL,21,1.0,1,2012-11-08,2012-12-10,19.20535659790039,18.922143936157227,19.26546721118395,0.37697117112985945,0.3960782094280109,-0.01910703829815147,1.6660373978173524,0.343323275026723,0.16045753100333915,0.008354832162860284,0.09631088186468795,-0.6039107290194871,0.6306304530925918,-0.08719112109500865,0.15678227888659185,-1.0061378594896064,1.0506539190547595,-0.14526366850190586,0.2612051399400919,1.458998656191723,0.024172997602245803,3.6901562155090146,384.1071319580078,-19.735909315842928,-0.051381262345320214,20,0.18489999999999998,True,5.551115123125783e-17
AAPL,21,1.0,1,2012-12-10,2013-01-10,18.922143936157227,18.696786880493164,18.98136812555689,0.41750972058458974,0.31496491775097557,0.10254480283361417,1.817785432819548,0.28458124506372684,-0.7263910446714694,-0.0383884113302537,-0.3996021926222458,-0.7229109025809566,0.4208127093668839,-0.04619100052740952,-0.05131299888076376,-1.3140969079380942,0.7649472130324477,-0.08396532788608509,-0.09327602187973813,0.8164232977697348,-0.009610154685383144,3.7732166042948774,378.44287872314453,68.86588786285206,0.1819716837986319,20,0.1605,True,3.3306690738754696e-16
AAPL,21,1.0,1,2013-01-10,2013-02-11,18.696786880493164,17.140356063842773,18.75530572757051,0.40634682410017203,0.5592841100809847,-0.15293728598081263,1.7481689201489627,1.6149496637277352,0.8856691129738214,0.04737012400231522,0.5066267354177381,-0.21886143727326726,0.7866026108859071,-0.1334479673792018,0.07233352918430011,-0.3826067624602576,1.375114236858771,-0.23328958902937325,0.12645122760468142,1.0643908766754218,-0.04550250728037267,3.3819007027660177,373.9357376098633,-91.94881200014817,-0.24589468925294514,20,0.1349,True,1.1102230246251565e-16
AAPL,21,1.0,1,2013-02-11,2013-03-13,17.140356063842773,15.298213958740234,17.194003456935636,0.3087922258732089,0.24837375573113066,0.06041847014207827,1.218178444196441,1.895789498195402,-0.1411265538961737,-0.008233583559788309,-0.11585047705327474,-0.23216212267932826,0.1597033946221669,0.0012408448146568214,-0.044632593810770234,-0.28281489340684735,0.19454723279372152,0.0015115704058078678,-0.054370463688855786,-0.775536447179259,-0.043201160715875785,2.72705214383266,342.80712127685547,11.385603245784711,0.03321285509874094,20,0.1294,True,2.7755575615628914e-17
AAPL,21,1.0,1,2013-03-13,2013-04-12,15.298213958740234,15.350000381469727,15.346095653543209,0.29680221061256623,0.2349067857698541,0.06189542484271213,1.0450655252829435,0.003904727926517637,-0.5471202022123345,-0.035763665202221316,-0.5235271750679996,-0.8754204334188592,0.38087356928784283,0.12514678659916564,-0.15412709753614875,-0.9148717150943022,0.398037836754189,0.13078659227472947,-0.16107291614695077,0.47926460411027927,0.014775991033812177,2.7488807817696954,305.9642791748047,51.96313943946375,0.16983400670042262,20,0.1183,True,0.0
AAPL,21,1.0,1,2013-04-12,2013-05-13,15.350000381469727,16.240713119506836,15.398044161970729,0.3622805489952491,0.3314890098380193,0.030791539157229764,1.2797466750476967,0.842668957536107,-0.027514150471923706,-0.0017924527549288106,-0.021499685061419083,-0.4074993674424399,0.46204026419751915,-0.07534117594939484,-0.0006994058671036189,-0.5214959605685021,0.5912944918449344,-0.09641761941542154,-0.0008950623329347074,0.40464315763951825,0.004920409400147641,3.043404352427438,307.00000762939453,-0.2919893052350675,-0.0009511052051423799,20,0.1206,True,2.220446049250313e-16
AAPL,21,1.0,1,2013-05-13,2013-06-12,16.240713119506836,15.435357093811035,16.291544731031436,0.2669747555158137,0.20565864953001087,0.06131610598580281,0.9980132434542073,0.8561876372204011,-0.2789992890408473,-0.017179004824962967,-0.27955469616335693,-0.6050296124173552,0.2927790881257896,0.0706737335465747,-0.03797790541836597,-0.6038275658744866,0.2921974073559845,0.07053332204383543,-0.037902452566180536,-0.11255554961408185,-0.02461813319295933,2.678571039692494,324.8142623901367,25.22135786439224,0.07764855421926851,20,0.1255,True,1.1102230246251565e-16
AAPL,21,1.0,1,2013-06-12,2013-07-12,15.435357093811035,15.232500076293945,15.483668031253412,0.2724439743611516,0.22407349429635157,0.04837048006480002,0.9679444908582339,0.25116795495946675,-0.29663493578972194,-0.01921788618085556,-0.306458622980238,-0.5917792413861341,0.2970077066190664,0.059424697408325226,-0.07111178562149552,-0.5728094565039735,0.2874869733643639,0.05751980847730597,-0.06883226112741836,0.4473789279694883,-0.027237327860443142,2.62637987788948,308.7071418762207,27.037113701082713,0.08758175640757777,20,0.1859,True,5.551115123125783e-17
AAPL,21,1.0,1,2013-07-12,2013-08-12,15.232500076293945,16.691429138183594,15.280176094011209,0.2965319773478267,0.24932935981521606,0.04720261753261065,1.0396295705665506,1.4112530441723852,-0.15870104222276177,-0.010418581416568987,-0.1526515277323989,-0.35082080575932606,0.3090401984175899,-0.16252258960144228,0.051651669210779544,-0.3647236836373794,0.32128732876868055,-0.16896329003471117,0.05369860268064826,-0.5566801044309527,0.026355588602356334,2.6269448228207555,304.6500015258789,13.243159399455422,0.04347007823116805,20,0.1384,True,0.0
AAPL,21,1.0,1,2013-08-12,2013-09-11,16.691429138183594,16.703929901123047,16.743671440322622,0.24509114675345609,0.3149273205803757,-0.06983617382691962,0.9416706917192279,0.039741539199575016,0.18454337766853823,0.011056175965566286,0.19597443064901332,-0.530213139067792,0.4175130163823602,0.2063935812681535,0.10228097206629172,-0.49928617342459086,0.3931597709385585,0.19435478643919077,0.09631499371537995,1.0478843844260757,0.038588145762115424,2.5586876456418266,333.8285827636719,-21.013025412495647,-0.06294555498673836,20,0.1281,True,1.1102230246251565e-16
AAPL,21,1.0,1,2013-09-11,2013-10-10,16.703929901123047,17.48714256286621,16.756211329248774,0.2957212723588193,0.2779387052280395,0.017782567130779803,1.1369407954381818,0.7309312336174365,-0.05147432311880713,-0.0030815696320269153,-0.04527440947263108,-0.6715104276638271,0.5480788605413955,0.04591923228494317,0.03223792536485741,-0.7634675997731453,0.6231332156667866,0.05220744847995393,0.03665261250759772,0.337893612042208,0.016641626659730156,3.0327202863099028,334.07859802246094,2.1147120255708107,0.006329983537073612,20,0.1382,True,1.0408340855860843e-16
AAPL,21,1.0,1,2013-10-10,2013-11-08,17.48714256286621,18.591428756713867,17.5418753588272,0.32980154750404805,0.18929795042837577,0.14050359707567228,1.3273211871036878,1.049553397886669,-0.40225011905464253,-0.02300262136072574,-0.30305409343489936,-0.38890693237144763,0.12826452928378435,-0.0676162418555961,0.02520455150836003,-0.5162044111481235,0.17024822727224836,-0.08974847040725989,0.03345453522849248,-0.1600425199608746,0.03556019012325106,2.8654407138931255,349.7428512573242,37.35957119157112,0.10682011385583323,20,0.1648,True,5.551115123125783e-17
AAPL,21,1.0,1,2013-11-08,2013-12-10,18.591428756713867,20.198213577270508,18.64961784467414,0.22845824738805204,0.1918101204703678,0.03664812691768424,0.977708498175216,1.5485957325963682,-0.08417576005300341,-0.004527664933906991,-0.08609494569200134,-0.4478323673134937,0.3426789572877213,0.03614897437485455,-0.01709051004108344,-0.4378495112803276,0.33504012868602695,0.03534315944661341,-0.01670953690531614,-0.6784999501972229,0.023436955723067497,2.6697553573226083,371.82857513427734,5.747820647977732,0.015458254239610386,20,0.129,True,1.3877787807814457e-17
AAPL,21,1.0,1,2013-12-10,2014-01-10,20.198213577270508,19.033571243286133,20.261431721602946,0.2566101809930658,0.19828048517942534,0.058329695813640475,1.1930428349883018,1.2278604783168134,-0.18920633876955814,-0.009367478863698925,-0.1585914044497936,-0.6325783615081269,0.3263234389834276,0.17291835306529765,-0.02525483499039197,-0.7546930817659104,0.38931784076792053,0.2062990021625308,-0.030130099934098997,-0.19871409445215857,-0.025309887645911293,2.9828278170663287,403.96427154541016,15.937806059889486,0.03945350414014992,20,0.1391,True,5.551115123125783e-17
AAPL,21,1.0,1,2014-01-10,2014-02-11,19.033571243286133,19.141429901123047,19.093144187666415,0.30557940993936245,0.35000626075208413,-0.044426850812721685,1.3386654618824207,0.04828571345663235,0.24083497256284686,0.012653167893954664,0.17990676492406596,-0.4664452220473837,0.7518251415940503,-0.1303235766761617,0.024850422053560972,-0.6244141086149092,1.0064423504268158,-0.17445967096536308,0.033266401716303295,1.5496194734253257,-0.018404752436690316,3.215698182982528,380.67142486572266,-27.299195439267216,-0.07171327726765066,20,0.12140000000000001,True,0.0
AAPL,21,1.0,1,2014-02-11,2014-03-13,19.141429901123047,18.951786041259766,19.2013404310117,0.22350165588497065,0.14155933028881532,0.08194232559615533,0.9848005502025641,0.24955438975193545,-0.4883873667133879,-0.025514675195959822,-0.4959251562287727,-0.7203289656865047,0.3002925374938457,-0.06689799880371822,-0.008990729232395576,-0.7093803617349137,0.29572825614566334,-0.06588118602935217,-0.00885407509478544,0.2608732660633926,-0.014014472326151842,2.7071055289618013,382.82859802246094,46.13163114237698,0.12050205073673831,20,0.1451,True,5.551115123125783e-17
AAPL,21,1.0,1,2014-03-13,2014-04-11,18.951786041259766,18.5575008392334,19.0111030071256,0.20684082543040108,0.139394442323664,0.06744638310673709,0.9023819042007007,0.4536021678922033,-0.29638740816072723,-0.015639022491888883,-0.32845007948520105,-0.8661870473022788,0.34748312457702174,0.1692198078248458,0.02103403541521015,-0.7816315171386128,0.3135624836334222,0.152700892413461,0.018980732931002314,0.15133376971885676,0.0010585584289135143,2.7896791808363517,379.0357208251953,26.84906163523637,0.07083517505100446,20,0.16219999999999998,True,5.551115123125783e-17
AAPL,21,1.0,1,2014-04-11,2014-05-13,18.5575008392334,21.205713272094727,18.615583736615186,0.28122038841244296,0.3251121105086768,-0.04389172209623382,1.2012005730193782,2.590129535479541,0.36739692525635587,0.019797758784395283,0.3058581002278867,-0.22979266322920713,0.7439920308226692,-0.24253678483200775,0.034195517466432235,-0.2760270787465726,0.8936836537460411,-0.29133532491848535,0.041075675175372556,-1.0637146962548882,0.04218265905108151,2.796784708154166,371.15001678466797,-39.53647723378975,-0.10652425015712133,20,0.1703,True,1.6653345369377348e-16
AAPL,21,1.0,1,2014-05-13,2014-06-12,21.205713272094727,23.072500228881836,21.27208477753401,0.1802158393203399,0.16386671481919068,0.016349124501149226,0.8797623112433087,1.8004154513478277,0.03892659378444447,0.001835665383426136,0.04424671674037973,-0.4127413736246425,0.23747235266234507,0.19296866958303205,0.02654706811964508,-0.3631143048057535,0.20891922583461078,0.16976656274991464,0.023355110005672513,-0.9256825252156149,0.043955978895540246,2.4772371583950523,424.11426544189453,-6.3698965368395,-0.015019293279848902,20,0.1213,True,4.85722573273506e-17
AAPL,21,1.0,1,2014-06-12,2014-07-14,23.072500228881836,24.112499237060547,23.144714568234157,0.21576942043957278,0.12865945445318624,0.08710996598638654,1.145995297137756,0.9677846688263898,-0.4075540142256297,-0.017664059385963694,-0.35563323448493966,-0.734727656505584,0.2230127328925912,0.15011983436142426,0.005961854766628934,-0.841994439032444,0.25557154309674807,0.17203662418529111,0.006832257524775072,-0.23809508764940893,0.008751701735145426,2.915754553707548,461.4500045776367,37.83964686885542,0.08200161771260549,20,0.12560000000000002,True,0.0
AAPL,21,1.0,1,2014-07-14,2014-08-12,24.112499237060547,23.99250030517578,24.187968656727428,0.2831612984555629,0.1808854754999666,0.10227582295559631,1.5715337369199456,0.19546835155164644,-0.8642516168626574,-0.03584247358043731,-0.5499414976330748,-0.7210666434057729,0.28760743293547403,-0.04501505486544341,-0.07146723229733253,-1.1331805566797961,0.45198478384703816,-0.07074267739034666,-0.1123131666395528,0.5244716604704345,-0.012657891964792816,3.511156120042218,482.24998474121094,82.91400556622352,0.17193158774430556,20,0.1182,True,1.1102230246251565e-16
AAPL,21,1.0,1,2014-08-12,2014-09-11,23.99250030517578,25.357500076293945,24.067594141637414,0.2672315448208712,0.21470998092787874,0.05252156389299245,1.4757882097216266,1.289905934656531,-0.2736170115589317,-0.011404272505100508,-0.1854039826016385,-0.5858131259478311,0.3619933638770298,-0.08975336365754212,0.12816914312670485,-0.8645361043739793,0.5342255384071911,-0.1324569558686582,0.18915051027651467,-0.13183985446952687,0.04410511797569097,3.332176992542046,479.8500061035156,24.029524163351123,0.0500771571484931,20,0.1413,True,0.0
AAPL,21,1.0,1,2014-09-11,2014-10-10,25.357500076293945,25.1825008392334,25.43686620902644,0.25390564862413084,0.21228332434639516,0.041622324277735684,1.48200638100596,0.25436536979304236,-0.5458749775113542,-0.021527160637640232,-0.3683351060478051,-0.796151246930225,0.46256424943842483,0.08984893423686266,-0.12459704279286767,-1.1799012281964452,0.6855231692929782,0.13315669386561532,-0.18465361247350254,0.6995861683704945,-0.017820134668931,3.480311291275102,507.1500015258789,51.107186459860316,0.10077331421885526,20,0.128,True,0.0
AAPL,21,1.0,1,2014-10-10,2014-11-10,25.1825008392334,27.207500457763672,25.26131924397083,0.29654090811443523,0.18541637727414015,0.11112453084029508,1.718776327460569,1.9461812137928405,-0.48002392945980443,-0.01906180535937658,-0.279282371877336,-0.3362443254837288,0.20216993806683597,-0.18514520592731892,0.0399372214668759,-0.5779287868843795,0.34748490367344703,-0.31822319709068797,0.06864315084181635,-0.7470917661675431,0.039662950375467305,3.4792590944376998,503.65001678466797,44.523133851542745,0.08840093788893548,20,0.21239999999999998,True,3.3306690738754696e-16
AAPL,21,1.0,1,2014-11-10,2014-12-10,27.207500457763672,27.987499237060547,27.292656884310194,0.22442257839806287,0.21800668870911252,0.006415889688950349,1.405554633186318,0.6948423527503529,-0.008478835479104892,-0.00031163595833682883,-0.006032377026771147,-0.4464225997872688,0.25784236467444055,0.05760454409851878,0.1249433139875382,-0.627471353490077,0.36241153029987616,0.08096633385025864,0.17561465386083722,0.6372519019045831,0.06498154305227728,3.265833981901402,544.1500091552734,-2.417950433990913,-0.0044435365125592595,20,0.1267,True,7.632783294297951e-17
AAPL,21,1.0,1,2014-12-10,2015-01-12,27.987499237060547,27.3125,28.07509697235054,0.30410556444582537,0.27522407518800995,0.028881489257815418,1.9589236290246121,0.7625969723505399,-0.19368875741807784,-0.0069205453398136635,-0.09887509372405671,-0.8042994205447193,0.6092418216213873,0.16162370638197723,-0.06544120118270197,-1.5755611397158542,1.1934582001641334,0.3166084974421912,-0.12819431530854827,1.0210886562971042,-0.018450757041109874,4.11439894774336,559.7499847412109,15.254476794064423,0.02725230408200372,20,0.18530000000000002,True,2.7755575615628914e-17
AAPL,21,1.0,1,2015-01-12,2015-02-11,27.3125,31.219999313354492,27.39798506334356,0.4078781063415601,0.328494638799542,0.07938346754201808,2.5633594907248027,3.8220142500109304,-0.33479149187626556,-0.012257812059542903,-0.1306065314239641,-0.3669227883879422,0.3631716396537299,-0.2133099669588048,0.08645458426905289,-0.94055501197744,0.9309394692684767,-0.5467901282700464,0.22161417910274395,-1.6353888512515085,0.04194260008911529,4.542983124932599,546.25,28.936166062693957,0.05297238638479443,20,0.196,True,1.1102230246251565e-16
AAPL,21,1.0,1,2015-02-11,2015-03-13,31.219999313354492,30.897499084472656,31.317714411528883,0.2625256600142927,0.20949477782600115,0.05303088218829158,1.886553874470662,0.42021532705622633,-0.5733711375214419,-0.018365507691609072,-0.3039251331649996,-0.7995814718331677,0.444060033512079,0.03964156159812857,0.011954743557960489,-1.508453523641817,0.8377431767197847,0.07478594162301687,0.02255326777757355,0.8673835618691166,0.025583848023877247,4.234128284357544,624.3999862670898,53.10298546778664,0.08504642318341052,20,0.1696,True,0.0
AAPL,21,1.0,1,2015-03-13,2015-04-14,30.897499084472656,31.575000762939453,30.994204793082037,0.2776998652405855,0.19267805244132416,0.08502181279926133,1.974927702346545,0.5807959698574159,-0.8280372527965231,-0.026799491134628692,-0.41927471664541244,-0.8495002925501077,0.2979474203343547,0.13932938154779587,-0.0070512259774553904,-1.677701660908702,0.5884246142610073,0.2751654553695536,-0.013925661518382246,0.5409233207368073,0.025171158955798828,4.169369748001267,617.9499816894531,78.63435553165104,0.1272503566011403,20,0.16,True,2.220446049250313e-16
AAPL,21,1.0,1,2015-04-14,2015-05-13,31.575000762939453,31.502500534057617,31.673826975856354,0.35703673647858053,0.23120544456644276,0.12583129191213777,2.5943738719714244,0.1713264417987368,-1.3820095421288303,-0.04376910558149336,-0.5326948274724425,-0.6687620794864828,0.3654652248447509,-0.18618528270186013,-0.043212690128850345,-1.7350188655850078,0.9481534304513837,-0.48303423278731916,-0.11210987420788682,1.0354428971185385,0.005594990925319056,5.0075878419891,631.5000152587891,133.19336637089393,0.2109158561402587,20,0.1367,True,2.220446049250313e-16
AAPL,21,1.0,1,2015-05-13,2015-06-12,31.502500534057617,31.792499542236328,31.601099829385195,0.24870360947122291,0.16280401419511759,0.08589959527610533,1.8034426381187214,0.19139971285113333,-0.8028564737665984,-0.025485484014153847,-0.4451799335320728,-0.5849786989053207,0.26972342472503197,-0.16450497522468596,0.03458031587290194,-1.0549755279970687,0.48643072464852805,-0.29667528650286257,0.062363616084804965,0.7562244876299287,0.05296196387106116,3.899366154311282,630.0500106811523,76.38628122234856,0.12123844127828315,20,0.1376,True,1.1102230246251565e-16
AAPL,21,1.0,1,2015-06-12,2015-07-14,31.792499542236328,31.40250015258789,31.89200650195141,0.21541426465623884,0.18851420180096692,0.02690006285527191,1.5765133209764726,0.4895063493635199,-0.4311636378108235,-0.013561803696435466,-0.2734919090590152,-0.7699624070127834,0.3998441708485418,0.23481895809522924,-0.1381926309900028,-1.2138559913067617,0.6303596616575187,0.370195215454945,-0.21786252361652553,0.6810452761291381,-0.025201942327009192,3.637251523161977,635.8499908447266,39.47911225792037,0.06208872033712288,20,0.1378,True,5.551115123125783e-17
AAPL,21,1.0,1,2015-07-14,2015-08-12,31.40250015258789,28.809999465942383,31.500786457931238,0.27633700823809393,0.33009393216484023,-0.0537569239267463,1.9973612536250558,2.6907869919888547,-0.042236739511417994,-0.0013450119992416353,-0.02114626957680369,-0.3922724481675048,0.44780061728568904,0.07595160634597174,-0.1526260450409598,-0.783509788834417,0.8944196023158177,0.15170279566602687,-0.3048493486588457,-0.6948648910454166,-0.04079758682980032,3.9437446892874877,628.0500030517578,0.2799292618543121,0.0004457117434823785,20,0.13369999999999999,True,1.5959455978986625e-16
AAPL,21,1.0,1,2015-08-12,2015-09-11,28.809999465942383,28.552499771118164,28.900171534748754,0.3447469481504719,0.43136264263825996,-0.08661569448778805,2.285772323888165,0.34767176363058994,-0.2631261540219827,-0.009133153727858834,-0.11511476942480321,-0.7619912320316791,0.7709283221754649,0.3069990607459887,-0.4310509203145777,-1.741738469223457,1.7621666225302164,0.7017299565128425,-0.9852842638415844,1.7110028543248839,-0.03602844808929135,4.405419077765589,576.1999893188477,21.90719632443268,0.03802012622445581,20,0.1361,True,2.220446049250313e-16
AAPL,21,1.0,1,2015-09-11,2015-10-12,28.552499771118164,27.899999618530273,28.641865894744747,0.36818914125277585,0.2070240643771729,0.16116507687560294,2.4192414160250055,0.7418662762144734,-1.1672020877066889,-0.04087915583795412,-0.48246614826249506,-0.7179821249751577,0.20052394677851526,0.0665967252279419,-0.031604695293794546,-1.736972092705543,0.4851158369513781,0.16111355584307435,-0.07645938779559834,0.5341928059633321,-0.024019753859488728,4.287033521237232,571.0499954223633,112.43317524943166,0.196888496892944,20,0.23199999999999998,True,0.0
AAPL,21,1.0,1,2015-10-12,2015-11-10,27.899999618530273,29.1924991607666,27.987323489822735,0.39817504292249717,0.2767863843705541,0.12138865855194308,2.556275689178602,1.2051756709438664,-0.6321186180496254,-0.02265658160187905,-0.2472810818979942,-0.35860923735169126,0.2487963667290326,-0.28172889953573577,0.14426068826040023,-0.9167040753570074,0.6359921038253901,-0.720176736822242,0.3687700903042341,0.6730989872944644,0.04588241289064605,4.4625147858200025,557.9999923706055,58.74934701914254,0.10528556957420733,20,0.1617,True,2.220446049250313e-16
AAPL,21,1.0,1,2015-11-10,2015-12-10,29.1924991607666,29.042499542236328,29.283868410740606,0.3068999296443614,0.2338146211985063,0.07308530844585512,2.0620278875706557,0.24136886850427786,-0.7401190500889817,-0.025353055454863837,-0.358927759682698,-0.6941507958429989,0.4966157153095168,-0.11398450830693396,-0.04740817084228187,-1.4313582992076284,1.024035454374073,-0.2350392348799269,-0.09775697037549924,1.0806268404558,-8.68714784037633e-05,4.504231644941784,583.849983215332,69.50767336395639,0.11905057011592135,20,0.15289999999999998,True,3.3306690738754696e-16
AAPL,21,1.0,1,2015-12-10,2016-01-12,29.042499542236328,24.989999771118164,29.133399310218877,0.2710162011293083,0.29045492842797616,-0.019438727298667857,1.8117028957637002,4.143399539100713,0.07855325192120242,0.002704768981986654,0.043358793599592556,-0.25483145401145824,0.22473693439663867,0.18346297577300424,-0.11000966255859211,-0.4616788831642331,0.407156554831447,0.33238040447337736,-0.19930482421938883,-2.177427275061197,-0.07571611635461317,3.449463949273101,580.8499908447266,-11.304789141393343,-0.01946249344852852,20,0.1934,True,1.3877787807814457e-17
AAPL,21,1.0,1,2016-01-12,2016-02-11,24.989999771118164,23.424999237060547,25.068215669091238,0.38112060508312917,0.3880443739033246,-0.006923768820195408,2.1916851824960832,1.643216432030691,0.14509924896204257,0.005806292528651359,0.0662044212010371,-0.45128255246279364,0.5988339439611082,-0.07502259347768596,-0.006324376819591321,-0.9890692833517162,1.3124554817552507,-0.1644259064774716,-0.013861042964020001,0.7342586281383606,-0.040690628710926026,4.265846116037358,499.7999954223633,-18.775771012241616,-0.03756656899601385,20,0.22469999999999998,True,3.885780586188048e-16
AAPL,21,1.0,1,2016-02-11,2016-03-14,23.424999237060547,25.6299991607666,23.498316858794293,0.3497951663792431,0.22889407696783265,0.12090108941141048,1.8857208079642669,2.131682301972308,-0.4410350397502882,-0.018827536995285336,-0.23388140910764427,-0.31459100110305943,0.2702780521568641,-0.2551797590957175,0.0656112989342685,-0.5932307967783488,0.50966894688825,-0.4811977814981033,0.12372459163791383,-0.7328577426160633,0.04586120885773394,3.6645090127123496,468.49998474121094,40.438994962316464,0.08631589387276943,20,0.2814,True,5.551115123125783e-17
AAPL,21,1.0,1,2016-03-14,2016-04-13,25.6299991607666,28.010000228881836,25.710218185087097,0.23163967786994705,0.18610829010841107,0.04553138776153598,1.3666242407608344,2.299782043794739,-0.0952204627640586,-0.003715195703549548,-0.06967567230553949,-0.4842209732047255,0.22846126277554663,0.12902248517652384,0.05706155294711557,-0.6617481198663804,0.3122206997838929,0.1763252558454429,0.07798170147298597,-1.0829016858280132,0.054523420030050236,3.127639853762369,512.599983215332,6.39440642264349,0.012474456948933102,20,0.16920000000000002,True,2.7755575615628914e-17
AAPL,21,1.0,1,2016-04-13,2016-05-12,28.010000228881836,22.584999084472656,28.09766838975393,0.3184731189465679,0.30231356700133755,0.016159551945230333,2.053059102168026,5.512669305281275,-0.09828924433759427,-0.003509076884485195,-0.0478745323180424,-0.17353353408112063,0.23962604275776508,-0.12028809768382036,0.006321056689133429,-0.35627460167663,0.49196642820033415,-0.246958573832244,0.012977502970945472,-3.4855254594671443,-0.07237398798369847,3.6351998417537494,560.2000045776367,6.193724592005678,0.011056273726158646,20,0.1384,True,1.249000902703301e-16
AAPL,21,1.0,1,2016-05-12,2016-06-13,22.584999084472656,24.334999084472656,22.65568759989052,0.2610547673732122,0.19187771454613883,0.06917705282707337,1.3571174376748034,1.6793114845821364,-0.11279193717914664,-0.004994108556625618,-0.08311140513557691,-0.22562139524416527,0.1955084243739455,-0.12334919625162208,0.0703507619862649,-0.30619472979837564,0.265327891930207,-0.16739934515624783,0.09547424584526978,-0.4952906187516631,0.06030463466518349,2.9338816053736836,451.6999816894531,8.34531211254098,0.018475343039261936,20,0.1441,True,4.163336342344337e-17
AAPL,21,1.0,1,2016-06-13,2016-07-13,24.334999084472656,24.217500686645508,24.411164903720312,0.24391594731440677,0.17301913567624994,0.07089681163815684,1.3663133229742,0.1936642170748044,-0.7244542190757246,-0.029770053270228986,-0.5302255397017778,-0.749811845467043,0.2998605926501227,0.048279438571455474,-0.12855372545631294,-1.024477914185493,0.40970352277280214,0.06596484014589409,-0.17564466780892793,0.4754283165266118,-0.027233429702940938,3.140968578122512,486.6999816894531,69.30445332944996,0.14239666311241161,20,0.2097,True,1.1102230246251565e-16
AAPL,21,1.0,1,2016-07-13,2016-08-11,24.217500686645508,26.982500076293945,24.293298749079213,0.24543112459492306,0.2685923264838115,-0.023161201888888427,1.3681591320200666,2.6892013272147324,0.3621380211264775,0.01495356708407878,0.26468998572686947,-0.3176688679680679,0.6317280489813605,-0.15907055162151104,0.10970135633508779,-0.43462156266898894,0.8643044991670683,-0.21763382783643975,0.15008891246483774,-1.01037029431168,0.05146612024349167,3.1439213762793035,484.35001373291016,-39.35772348892706,-0.0812588466460341,20,0.1304,True,1.6653345369377348e-16
AAPL,21,1.0,1,2016-08-11,2016-09-12,26.982500076293945,26.360000610351562,27.066952276868392,0.20718362891718126,0.1654700802823674,0.04171354863481386,1.2868898613760285,0.7069516665168294,-0.29502429858639995,-0.010933912637902663,-0.2292537282646242,-0.6894343934663758,0.44758049786348486,0.050740611721836776,-0.03814044438357014,-0.8872261310358106,0.5759868048501539,0.06529757878484942,-0.0490825511855927,0.2977801407898121,-0.012866244517012886,3.2620796224943307,539.6500015258789,26.240350236145666,0.048624757086908506,20,0.1168,True,5.551115123125783e-17
AAPL,21,1.0,1,2016-09-12,2016-10-11,26.360000610351562,29.075000762939453,26.442504457378096,0.19789305559350528,0.22421676843831823,-0.02632371284481294,1.200840706824191,2.6324963055613573,0.3526937954907221,0.013379885710329588,0.29370572923320976,-0.3159347476469001,0.42026284142166787,0.15604630615749104,0.03333132930095088,-0.379387305674626,0.5046687275447386,0.18738675658346565,0.040025617037143725,-1.154086654310234,0.07512485106378985,2.921644668850401,527.2000122070312,-38.19102421792261,-0.0724412430455806,20,0.1516,True,1.1102230246251565e-16
AAPL,21,1.0,1,2016-10-11,2016-11-09,29.075000762939453,27.719999313354492,29.166002256099507,0.2768034152085038,0.14772572063386522,0.1290776945746386,1.852439926821082,1.4460029427450145,-0.7541342121745614,-0.025937547459528226,-0.4071031946869711,-0.4331248555769898,0.16791369859383307,-0.11637855463691166,-0.025513483066902775,-0.8023377757694308,0.3110500395354174,-0.21558428123514392,-0.04726219470540429,-0.31635693427949385,-0.03134029381900015,3.654141730385399,581.5000152587891,71.75927948707074,0.12340374480495105,20,0.1536,True,1.1102230246251565e-16
AAPL,21,1.0,1,2016-11-09,2016-12-09,27.719999313354492,28.487499237060547,27.806759803869294,0.23185760961176688,0.20134343643889172,0.030514173172875164,1.4794557924003398,0.6807394331912526,-0.4289737329807591,-0.015475243275857337,-0.289953735139846,-0.7129226864962485,0.5436801748730133,-0.058917336218921056,-0.061793887297689865,-1.0547375980704863,0.8043507839291093,-0.08716559434188109,-0.09142132449750105,0.38322774915530955,-0.013485122926981499,3.651557360159176,554.3999862670898,39.24581593791673,0.0707897130412437,20,0.1438,True,5.551115123125783e-17
AAPL,21,1.0,1,2016-12-09,2017-01-11,28.487499237060547,29.9375,28.576661916301912,0.202272219230482,0.09901110012518163,0.10326111910530036,1.3264697634840152,1.3608380836980878,-0.5119027546089732,-0.017969381950628298,-0.3859136247964252,-0.611255641357549,0.14929577949760883,0.029899526287406525,0.04614671077610828,-0.810812126019818,0.19803633731935488,0.03966081756274023,0.06121221652874961,-0.5859321826742225,0.03966110785117683,3.171300855516519,569.7499847412109,48.0189746053808,0.08428078260886965,20,0.1175,True,1.1102230246251565e-16
AAPL,21,1.0,1,2017-01-11,2017-02-10,29.9375,33.029998779296875,30.03120101908825,0.2406696901074307,0.22140485609370364,0.019264834013727056,1.6585099244422707,2.9987977602086247,0.14817420461727904,0.004949451511224352,0.08934176542061245,-0.41619235229372187,0.6800549361689465,-0.15354112397148997,-0.02097969448312217,-0.6902591467561116,1.1278778608021527,-0.25464947791673714,-0.03479503151202488,-1.2322534996169912,0.040139868467916,3.399259935032457,598.75,-18.21668039676036,-0.030424518407950497,20,0.11259999999999999,True,8.326672684688674e-17
AAPL,21,1.0,1,2017-02-10,2017-03-14,33.029998779296875,34.747501373291016,33.133378972903685,0.17231045175432297,0.10237928913474838,0.06993116261957459,1.3102189911250486,1.6141224003873305,-0.18217402661405868,-0.0055154112427108215,-0.13904089915353074,-0.3864863337802402,0.15220635368395916,0.030719223871982643,0.06451985707076768,-0.5063817343291651,0.19942365516661928,0.040248910509693606,0.08453514203879356,-0.5625230490873933,0.07644561321105273,3.003774526380589,660.5999755859375,15.213628135025278,0.02303001619328116,20,0.1085,True,2.7755575615628914e-17
AAPL,21,1.0,1,2017-03-14,2017-04-12,34.747501373291016,35.45000076293945,34.85625715748969,0.1323515428506101,0.11848396784938812,0.013867575001221974,1.0587530080060528,0.5937436054497667,-0.022979253886400916,-0.0006613210440525122,-0.021704074238880034,-0.8629086490922853,0.36533828204099555,0.43286640481529354,0.04299988799711627,-0.9136071278608965,0.3868030050506677,0.45829860816295775,0.04552626076087022,0.38580198826144185,0.05622816040844336,3.0504191777802894,694.9500274658203,-0.7524937891401979,-0.0010828027331464603,20,0.12300000000000001,True,1.8735013540549517e-16
AAPL,21,1.0,1,2017-04-12,2017-05-12,35.45000076293945,39.025001525878906,35.560955291479466,0.22466090403569294,0.1606376231184085,0.06402328091728443,1.8333109309387499,3.46404623439944,-0.6010732072081443,-0.0169555202897633,-0.3278621193298421,-0.4408829941204313,0.2093552171964096,-0.11251439192483176,0.01618004951901134,-0.8082756123859913,0.38381320813523384,-0.20627386460372066,0.029663061646333748,-2.281867325997996,0.05005881532916151,3.720717044354531,709.0000152587891,56.3866036764599,0.07952976369948098,20,0.1577,True,2.220446049250313e-16
AAPL,21,1.0,1,2017-05-12,2017-06-13,39.025001525878906,36.647499084472656,39.147145406059124,0.1952873011434699,0.22179214049714333,-0.026504839353673426,1.7543971299405463,2.499646321586468,0.1607413903205339,0.004118933607573093,0.09162200939417928,-0.5768991459561306,0.9169044698676981,0.10386760331606334,-0.35225091783345147,-1.0121102059305878,1.6086145703655477,0.1822250251515047,-0.6179879992659305,-0.5326903220446138,-0.05181747928077405,4.033726292739547,780.5000305175781,-20.107865324792936,-0.02576279889631609,20,0.10400000000000001,True,2.498001805406602e-16
AAPL,21,1.0,1,2017-06-13,2017-07-13,36.647499084472656,36.942501068115234,36.76220164852279,0.18340657262995266,0.16918541150829425,0.014221161121658416,1.5473088077252246,0.1802994195924441,-0.5242438011783203,-0.014305036203696624,-0.33881006723476037,-0.9335633095147834,0.4827326798731671,0.2877384036104435,-0.17571784120358752,-1.4445107313813343,0.7469365273445527,0.4452201662272348,-0.27188976336877335,0.8794334461720221,-0.036667859217561806,3.7458075869919996,732.9499816894531,48.67857253084002,0.06641459000876934,20,0.1042,True,1.1102230246251565e-16
AAPL,21,1.0,1,2017-07-13,2017-08-11,36.942501068115234,39.369998931884766,37.058126955305255,0.2441849934313448,0.24409024684770692,9.474658363789468e-05,2.07646129565353,2.3118719765795106,-0.017774613097760898,-0.00048114265639426397,-0.008560050281200472,-0.493338629587965,0.4301084823755445,-0.022703950715137998,0.07737404764635807,-1.0243985699901628,0.8931036165850967,-0.047143874918409344,0.16066421522571464,-0.3109011518909467,0.057715857867205435,4.141850090429807,738.8500213623047,-2.3643887806537167,-0.003200092998974562,20,0.099,True,1.5959455978986625e-16
AAPL,21,1.0,1,2017-08-11,2017-09-12,39.369998931884766,40.21500015258789,39.49322261527252,0.2618083578535843,0.1554438875090407,0.1063644703445436,2.3725427164533084,0.7217775373153685,-0.9603551096548771,-0.024393069233159412,-0.40477884886747284,-0.6754916686291172,0.28918149867041426,-0.07584099069310739,0.05737231178433753,-1.6026328384309039,0.6860954584035435,-0.17993599007753508,0.13611826045001832,0.647177734669568,0.0432323348134948,4.795694049698879,787.3999786376953,91.23981691578884,0.11587480237635467,20,0.1551,True,0.0
AAPL,21,1.0,1,2017-09-12,2017-10-11,40.21500015258789,39.13750076293945,40.34086859507413,0.21770095468352915,0.14317479792892465,0.0745261567546045,2.0153265541169985,1.2033678321346741,-0.5163547888958393,-0.012839855450370082,-0.25621395591747,-0.4301385944681269,0.18590229109955395,0.05031516094438157,-0.06229281349327854,-0.8668697313821793,0.3746538237241192,0.10140147992588269,-0.1255403611636619,0.37921719058291276,-0.08361325749642777,3.9956693171401985,804.3000030517578,47.63980957244373,0.05923139300221791,20,0.1058,True,0.0
AAPL,21,1.0,1,2017-10-11,2017-11-09,39.13750076293945,43.970001220703125,39.25999675312082,0.24584152801256612,0.2212721553854033,0.024569372627162828,2.214754981372843,4.7100044675823085,0.12852068711406453,0.003283824582783908,0.05802930265197977,-0.49252379299016885,0.3970149437944937,0.11583717697163985,0.03770097487601503,-1.0908195239696235,0.8792908244483143,0.25655096472610694,0.08349842190926669,-2.420738091309153,0.054009292213751926,4.320428790096249,782.7500152587891,-17.1724975015027,-0.021938674119125007,20,0.09849999999999999,True,2.7755575615628914e-17
AAPL,21,1.0,1,2017-11-09,2017-12-11,43.970001220703125,43.16749954223633,44.10762239560722,0.2095893851618493,0.16439342244749441,0.04519596271435489,2.1214265814446924,0.9401228533708945,-0.42491487296964875,-0.009663744852696957,-0.20029676100328747,-0.4773793582765013,0.2813924194310369,0.08221847677153642,-0.08652829892935959,-1.0127252600807792,0.5969533583980356,0.17442046210903037,-0.18356343339593575,0.8317122402052499,-0.0753233851011009,4.40621125106161,879.4000244140625,38.08527604590327,0.04330824993014891,20,0.105,True,2.220446049250313e-16
AAPL,21,1.0,1,2017-12-11,2018-01-11,43.16749954223633,43.81999969482422,43.302608976845065,0.16026782563532732,0.14565364184822782,0.0146141837870995,1.5926963634320481,0.5173907179791541,-0.4930242651192823,-0.011421191181965338,-0.30955320577042117,-1.1628960618568975,0.4378911990709861,0.4332939942273401,-0.017842337211849937,-1.8521403287689306,0.6974277203392586,0.6901057689028315,-0.028417425592441703,0.5790433988725935,0.003237981461018463,3.917365104668834,863.3499908447266,45.3850614072594,0.052568554918096824,20,0.0934,True,1.6653345369377348e-16
AAPL,21,1.0,1,2018-01-11,2018-02-12,43.81999969482422,40.6775016784668,43.957151381767076,0.24828231043541293,0.32340775884781686,-0.07512544841240393,2.5043422559265105,3.2796497033002794,0.2246187569428419,0.005125941545119925,0.08969171702121904,-0.48706210659440696,0.3537499711267438,0.22569070187694446,-0.002686849388062237,-1.2197702148049556,0.8859110007254875,0.5652067614801446,-0.006728790457834547,-0.49027027720193406,-0.060418413228992635,4.536169355562295,876.3999938964844,-26.998045049846482,-0.030805619851516503,20,0.09880000000000001,True,2.7755575615628914e-17
AAPL,21,1.0,1,2018-02-12,2018-03-14,40.6775016784668,44.61000061035156,40.80481769888388,0.27653002013280487,0.20363830235335478,0.07289171777945008,2.589105451252384,3.805182911467682,-0.3594160190346201,-0.008835744679592306,-0.1388186096710607,-0.24188140134011665,0.19317481200570444,-0.17010475499216973,0.07999273465552127,-0.6262564547662617,0.5001499588086238,-0.4404191484341778,0.2071096253571956,-1.683933250412096,0.10843977116217797,4.446540691562039,813.5500335693359,31.495061211899976,0.03871312139675029,20,0.2561,True,5.551115123125783e-17
AAPL,21,1.0,1,2018-03-14,2018-04-13,44.61000061035156,43.682498931884766,44.749624911603085,0.2093969244871741,0.2757677851379237,-0.06637086065074962,2.1503289129235146,1.0671259797183197,0.15928021733257797,0.0035705047109014757,0.07407249020152269,-0.6349572332792534,0.5890722205646823,0.3921981214412832,-0.2722406185251897,-1.3653668971902992,1.266699027680294,0.8433549601294791,-0.5854068732868964,1.330433944051516,-0.08795079351374346,4.368085971149435,892.2000122070312,-20.296107704407234,-0.02274838312790519,20,0.1723,True,4.996003610813204e-16
AAPL,21,1.0,1,2018-04-13,2018-05-14,43.682498931884766,47.037498474121094,43.819220256853086,0.2757763429926067,0.30537832313315194,-0.029601980140545214,2.7727983882708642,3.218278217268008,0.6648346399791912,0.015219702540733415,0.23977027785052435,-0.40382729728713535,0.7326588691609806,-0.028711666096668077,-0.06034962792665293,-1.119731679057548,2.0315153315619208,-0.07961166147741246,-0.1673373510477696,0.20968038195405825,0.009674429027989657,5.365638202491673,873.6499786376953,-71.84910220041078,-0.08224014646282819,20,0.1741,True,5.551115123125783e-16
AAPL,21,1.0,1,2018-05-14,2018-06-13,47.037498474121094,47.67499923706055,47.18472057157035,0.2006309874486945,0.11009691174938087,0.09053407569931364,2.1724511208768016,0.4902786654901945,-1.0738019756649158,-0.022828636949213953,-0.49428130527122244,-0.6228818778841988,0.20982663613851008,-0.09294088538978172,0.011714821864247958,-1.3531804337833748,0.455838110868915,-0.20190953064031364,0.025449877889857538,0.5797171498538786,0.028653329867812848,4.624161730914112,940.7499694824219,102.75603583557746,0.10922778545728934,20,0.1293,True,2.220446049250313e-16
AAPL,21,1.0,1,2018-06-13,2018-07-13,47.67499923706055,47.83250045776367,47.824216640435715,0.16966232759446118,0.16226677811306733,0.007395549481393843,1.8620922493323813,0.00828381732795691,-0.8416473840279757,-0.017653852071248997,-0.45199016554079574,-0.9853851123879226,0.49047274966058635,0.366692357837222,-0.32377016065068154,-1.834877980385068,0.9133055056517192,0.6828149974181071,-0.602889906712734,1.0734049264338952,-0.06124387845744652,4.5166256615369225,953.4999847412109,79.64811274126065,0.08353236918286676,20,0.1294,True,1.1102230246251565e-16
AAPL,21,1.0,1,2018-07-13,2018-08-13,47.83250045776367,52.217498779296875,47.98221082230419,0.23922153893752776,0.243766032974493,-0.0045444940369652465,2.633938056187422,4.235287956992686,0.47437414699757197,0.009917402236089385,0.1801007225220095,-0.43260975805697754,0.5836246854389,-0.07904424988005304,0.10813004502014001,-1.1394673052243063,1.5372312695079318,-0.20819765788185976,0.284807840595806,-1.1893654299933778,0.062389676185686,4.929987900121194,956.6500091552734,-52.36740259987839,-0.05474039836796642,20,0.12179999999999999,True,2.220446049250313e-16
AAPL,21,1.0,1,2018-08-13,2018-09-12,52.217498779296875,55.26750183105469,52.380933697037484,0.1955999754939569,0.17893259813615156,0.016667377357805352,2.3512329157757175,2.886568134017203,-0.17457152164513257,-0.0033431613104062817,-0.07424680067799154,-0.43125324469705,0.24972275083432152,0.09425931032680662,0.013024382857930367,-1.013976823966784,0.5871563515797148,0.22162559305870572,0.03062335768323089,-0.8251175187125618,0.11521077882594391,4.383210429160355,1044.3499755859375,13.073941735352902,0.012518736095165517,20,0.1478,True,5.551115123125783e-17
AAPL,21,1.0,1,2018-09-12,2018-10-11,55.26750183105469,53.61249923706055,55.440482916450314,0.25893567086880004,0.2618811144642497,-0.0029454435954496816,3.294041779939153,1.8279836793897672,0.8265650351899992,0.014955715525494481,0.2509273076692025,-0.7870840466277003,0.7653397744183679,0.12018153427088991,0.15249004560764481,-2.592687733915221,2.52106119278331,0.3958829950655005,0.5023085812564089,2.2704818779790754,0.022141257760309462,7.025224501882306,1105.3500366210938,-89.68172802088223,-0.08113423354562614,20,0.13140000000000002,True,4.440892098500626e-16
AAPL,21,1.0,1,2018-10-11,2018-11-09,53.61249923706055,51.11750030517578,53.78030034985823,0.40285698121551855,0.3995785798669736,0.003278401348544957,4.969821048468072,2.6628000446824487,0.1455567377086866,0.0027149776596885086,0.029288124519806183,-0.5765326863485476,0.6439576292219574,-0.13750890789798995,0.09937208954438634,-2.865264279744853,3.2003541800288824,-0.6833946648232879,0.4938615022479452,2.470769805168947,-0.01819206367463718,8.562261162547681,1072.249984741211,-23.117934933416343,-0.021560210083841493,20,0.2498,True,2.220446049250313e-16
AAPL,21,1.0,1,2018-11-09,2018-12-12,51.11750030517578,42.275001525878906,51.27749235099921,0.2781669896704761,0.4303463006250566,-0.15217931095458048,3.2728568630235833,9.002490825120304,1.542949399457762,0.03018436719804811,0.47143809339475046,-0.1629595739558889,0.5064288175551676,0.31478094350093777,-0.1868120937054659,-0.5333433600169302,1.6574690311683484,1.030232971286083,-0.6114092429797388,-4.03818286502167,-0.1485016976172875,5.279090110290097,1022.3500061035156,-159.5740300560663,-0.15608551778099078,20,0.1736,True,4.440892098500626e-16
AAPL,21,1.0,1,2018-12-12,2019-01-14,42.275001525878906,37.5,42.407317541743026,0.3371414170049785,0.5350329063737556,-0.19789148936877704,3.280143526511176,4.907317541743026,1.1572759581181302,0.027374947755109992,0.35281259760880995,-0.3515758400383852,0.7649159858882474,0.26532740605275085,-0.32585495429380296,-1.153219215779638,2.5090342194362485,0.8703119733699328,-1.0688510189084128,-0.37427084217236717,-0.09562721494135304,5.305301499702147,845.5000305175781,-121.03289731151517,-0.14314948899224064,20,0.2146,True,4.440892098500626e-16
AAPL,21,1.0,1,2019-01-14,2019-02-13,37.5,42.54499816894531,37.617370796352716,0.35453013944960265,0.31893010106413106,0.0356000383854716,3.0595912196702844,4.927627372592596,0.13705073532940698,0.003654686275450853,0.04479380593338747,-0.31159480161849334,0.42936837190441807,-0.20267763803186037,0.129697873679323,-0.9533527191268464,1.3136917006828828,-0.6201107217457921,0.3968224755191624,-1.8097779656417783,0.07879254804887394,5.11679971997121,750.0,-18.821873252911907,-0.025095831003882543,20,0.1907,False,2.7755575615628914e-16
AAPL,21,1.0,1,2019-02-13,2019-03-15,42.54499816894531,46.529998779296875,42.67815924403635,0.24513115604860503,0.16575115253135886,0.07938000351724617,2.400628181168446,3.851839535260524,-0.5827202972838189,-0.013696564164131553,-0.24273658947059196,-0.4840508650584202,0.3446871707296295,-0.15587020900773488,0.052497313865933766,-1.1620261477782081,0.827465735740768,-0.37418641634858407,0.1260265311022056,-2.0927862113398756,0.05885455996397826,4.626753629987957,850.8999633789062,53.64527609839393,0.06304533835607377,20,0.1565,False,3.3306690738754696e-16
AAPL,21,1.0,1,2019-03-15,2019-04-15,46.529998779296875,49.807498931884766,46.67563245959066,0.20251830211095803,0.19206001419785199,0.010458287913106046,2.169221785965703,3.1318664722941065,0.2259772662295209,0.004856592997162673,0.10417434846521212,-0.6146101569371255,0.3847711124582929,0.3226673691872171,0.011346023756827627,-1.3332257423038123,0.8346538797547884,0.69993708686115,0.02461204191739492,-0.8110233791857667,0.07435595908688435,4.501132299717003,930.5999755859375,-27.098858922669095,-0.029119771796261577,20,0.1288,False,1.1102230246251565e-16
AAPL,21,1.0,1,2019-04-15,2019-05-15,49.807498931884766,47.72999954223633,49.96339082025736,0.2987740370769037,0.32821266761515805,-0.02943863053825435,3.425085985342978,2.233391278021031,1.0985049495835824,0.02205501125615371,0.3207233203150026,-0.5434191124024517,1.0439471227903727,-0.08167366835261002,-0.09813102172030844,-1.8612571860571576,3.575608659708431,-0.2797393368460749,-0.3361071872216158,2.259740171850575,0.030459485054954025,6.584192188663212,996.1499786376953,-116.43468714702145,-0.11688469572247948,20,0.1232,False,2.220446049250313e-16
AAPL,21,1.0,1,2019-05-15,2019-06-14,47.72999954223633,48.185001373291016,47.87938909040131,0.27486560514889485,0.2562547905627967,0.018610814586098146,3.019718047320171,0.30561228288970455,-0.9196707034307976,-0.019268190074399224,-0.3045551568123896,-0.699437047478924,0.382208633542218,0.15691972189192188,-0.14424646476760528,-2.112102675236442,1.1541623085490174,0.4738533161774986,-0.43558365292087087,1.8510169819551985,-0.056581920955529344,5.578753369294389,954.5999908447266,86.38831697378536,0.09049687597141107,20,0.16440000000000002,False,6.661338147750939e-16
AAPL,21,1.0,1,2019-06-14,2019-07-16,48.185001373291016,51.125,48.33581502618274,0.2880234530640321,0.17827605922977824,0.10974739383425386,3.1943546245035463,2.7891849738172567,-0.8209044737791291,-0.017036514483408465,-0.2569860176080828,-0.49761703417631575,0.20698261623633857,-0.06211599297808102,0.0957643933099754,-1.5895652743528534,0.6611758773663909,-0.19842050942516293,0.30590543263249637,-0.4998370259028353,0.08410220280999586,5.590752653127538,963.7000274658203,76.49969472478537,0.07938123123847124,20,0.1528,False,0.0
AAPL,21,1.0,1,2019-07-16,2019-08-14,51.125,50.6875,51.28501551902753,0.2808309204738213,0.3303009391839224,-0.049470018710101094,3.3046678288442553,0.5975155190275316,1.5319644374790218,0.029965074571716807,0.46357592255037544,-0.7608269194742107,1.1077981628595777,0.10025342603539004,0.01635125312961827,-2.5142802441051026,3.660904949654815,0.33130427175057053,0.05403546017873845,4.24364023344567,-0.004523486149924798,6.999874957258257,1022.5,-160.19631870516042,-0.1566712163375652,20,0.1286,False,2.220446049250313e-16
AAPL,21,1.0,1,2019-08-14,2019-09-13,50.6875,54.6875,50.84614619307008,0.3449517943514553,0.2788039613732107,0.06614783297824461,4.0239109062199105,3.8413538069299165,-0.8196240210783341,-0.01617014098304975,-0.20368841164236773,-0.46168368766829787,0.33796586146693264,-0.1965974491387871,0.11662686369778458,-1.8577740260322906,1.3599445158867975,-0.7910906197245796,0.46929610879173833,-0.7101764677592559,0.07310954597091567,6.733577105050069,1013.75,75.22882500278334,0.07420845869571722,20,0.221,False,1.1102230246251565e-16
AAPL,21,1.0,1,2019-09-13,2019-10-14,54.6875,58.967498779296875,54.85866574468104,0.2647544351108654,0.2166822613346567,0.048072173776208676,3.3326837686414326,4.108833034615834,-0.44714598295799796,-0.00817638368837482,-0.13416994050421918,-0.711757719096488,0.39731226241745565,0.13210124743449103,0.04817426874032198,-2.372063397638114,1.32411612804086,0.44025168314221397,0.1605496034970414,-1.2683394897041578,0.045044240771757955,6.247598575328482,1093.75,38.466999720471314,0.035169828315859485,20,0.1374,False,4.996003610813204e-16
AAPL,21,1.0,1,2019-10-14,2019-11-12,58.967498779296875,65.48999786376953,59.15206044038098,0.3164108370456663,0.18357559072219007,0.13283524632347624,4.29419328457454,6.337937423388553,-1.1595303932000767,-0.01966388972236992,-0.27002286957256993,-0.3746477850655458,0.18334799446521094,-0.1935207748855673,0.11479769591333211,-1.6088100027091923,0.7873317265727188,-0.8310156119392643,0.4929634948756608,-3.30436018763518,0.10108565562108995,6.663512150104155,1179.3499755859375,109.28952716990351,0.09266929192549912,20,0.1457,False,4.440892098500626e-16
AAPL,21,1.0,1,2019-11-12,2019-12-12,65.48999786376953,67.86499786376953,65.69497421583375,0.21466064129638596,0.17123109892091948,0.04342954237546648,3.2361332800673317,2.1700236479357784,-0.6102320102457396,-0.009317942130875117,-0.18856825644493944,-0.7825860598940066,0.4187350423116672,0.10766683342577907,0.06761592771162096,-2.532552792939761,1.3550824059551885,0.34842422280862945,0.21881415393020354,0.4076483253486866,0.048229296537127125,6.880342467554136,1309.7999572753906,54.14285855701982,0.04133673868003957,20,0.1268,False,1.1102230246251565e-16
AAPL,21,1.0,1,2019-12-12,2020-01-14,67.86499786376953,78.16999816894531,68.07740769960276,0.2349854472652307,0.19733660788192828,0.037648839383302435,3.670895558766426,10.092590469342554,-0.22286334393439888,-0.003283921770420874,-0.060710892033466156,-0.34153087165867263,0.171098877951802,0.07931521805060708,0.030405883622797454,-1.2537241599534474,0.6280861111831887,0.2911578816845642,0.11161682315129598,-6.806161825712741,0.16160357120221466,5.7746771278065,1357.2999572753906,16.51165726563339,0.012165076096206817,20,0.1394,False,3.0531133177191805e-16
AAPL,21,1.0,1,2020-01-14,2020-02-13,78.16999816894531,81.21749877929688,78.41466150057143,0.349692392738065,0.28406866942796205,0.06562372331010297,6.29086548349761,2.8028372787254483,-0.9683908731200072,-0.012388267824019484,-0.15393603243628712,-0.6120493579422989,0.5166212262173845,-0.15837921945604685,0.0998713187446741,-3.850320180076082,3.2499946400531545,-0.9963423649793383,0.6282770318822581,2.456379396263383,0.06325793538877164,10.543822251411738,1563.3999633789062,86.29526506058897,0.05519717735830241,20,0.12390000000000001,False,3.3306690738754696e-16
AAPL,21,1.0,1,2020-02-13,2020-03-16,81.21749877929688,60.5525016784668,81.47170044621691,0.28044412395895607,0.9630900952642643,-0.6826459713053081,5.242589469643753,20.919198767750117,3.4499997953716215,0.042478527992431354,0.6580717058522718,-0.4306276039393754,1.0267003803166186,0.7197926958260937,-0.657793766351065,-2.25760374175049,5.382568602327141,3.773577607464368,-3.448542672669397,-12.039952641116772,-0.1866568616179727,8.122516328874568,1624.3499755859375,-353.12249586603673,-0.21739311181302412,20,0.14150000000000001,False,8.881784197001252e-16
AAPL,21,1.0,1,2020-03-16,2020-04-15,60.5525016784668,71.10749816894531,60.74202422095082,1.0135044660119086,0.6553422252404625,0.3581622407714461,14.079248598281257,10.365473947994495,-5.079547132111669,-0.08388666019257165,-0.36078254437042623,-0.37599173557268467,0.3755896138937305,-0.40726634135167555,0.0468859186602034,-5.293681116027058,5.288019544942304,-5.734004065602714,0.6601185045757977,-1.4151548763034634,0.04938239447855632,17.539959948669015,2111.887289742189,490.41475326249787,0.23221634774001876,20,0.8269,False,8.881784197001252e-16
AAPL,21,1.0,1,2020-04-15,2020-05-14,71.10749816894531,77.38500213623047,71.33005666725833,0.4788367839378119,0.28864032801634587,0.19019645592146606,7.832957007385622,6.054945468972136,-3.1668700397952194,-0.0445363726940724,-0.4043007049329145,-0.4379583469672281,0.21677028481885602,-0.20366785144632685,0.02055520866178443,-3.4305089028199727,1.6979523214648353,-1.5953215241656797,0.161008065725598,-1.4500622787990796,0.061203777417347616,10.881752902421526,1422.1499633789062,305.8052510771004,0.21503024220493133,20,0.40840000000000004,False,4.440892098500626e-16
AAPL,21,1.0,1,2020-05-14,2020-06-15,77.38500213623047,85.74749755859375,77.6272085182701,0.3823608007992556,0.2793311678766147,0.10302963292264089,6.808919884218493,8.120289040323655,-2.728744718732086,-0.03526193245983681,-0.40076029166633137,-0.38661540322380505,0.15513708063558315,-0.2174955953720301,0.04821362629392056,-2.6324333065557166,1.0563159531192299,-1.4809100840585552,0.32828271876295523,-4.1662880931315165,0.12617421829426775,9.455307626850983,1547.7000427246094,263.41916424635764,0.17020039863966666,20,0.3261,False,4.440892098500626e-16
AAPL,21,1.0,1,2020-06-15,2020-07-15,85.74749755859375,97.7249984741211,86.01587761389254,0.3737583290674397,0.25655302756584786,0.11720530150159186,7.375138856480931,11.709120860228552,-1.2224187109010602,-0.014256027822453315,-0.1657485689000764,-0.43262977097934835,0.23030187438240007,-0.012074287012740914,0.048653614709612804,-3.1907046344202383,1.6985083024780292,-0.08904954331196858,0.35882716435311757,-5.718836735977335,0.1624360213286533,10.3821261080605,1714.949951171875,111.85974498204553,0.06522624459425683,20,0.344,False,0.0
AAPL,21,1.0,1,2020-07-15,2020-08-13,97.7249984741211,115.01000213623047,98.03086676464044,0.4715886000443111,0.4796862411292024,-0.008097641084891305,10.602351319736552,16.979135371590033,2.1109260777968886,0.02160067649789619,0.19909980476381167,-0.31806680004223725,0.7410778662745952,-0.16741520165876886,-0.05649605980977753,-3.372255957192196,7.857167893524003,-1.774994784250809,-0.59899107428411,-4.359418861242515,0.093560887185925,14.526930736285996,1954.4999694824219,-225.61953851597485,-0.11543593862307502,20,0.2776,False,4.440892098500626e-16
AAPL,21,1.0,1,2020-08-13,2020-09-14,115.01000213623047,115.36000061035156,115.36997055061065,0.417091794174292,0.5161027924132058,-0.0990109982389138,11.037569943554427,0.009969940259082932,-1.035604283755037,-0.00900447147656213,-0.09382538811088535,-0.8933523945502876,0.7733120295543322,0.14998620445370095,-0.12377122756863117,-9.86043953909063,8.53548561439797,1.6554832222259788,-1.3661335812883584,9.89513808433492,0.09685763520538813,16.497165549597767,2300.2000427246094,87.06326282590594,0.03785030049942033,20,0.2213,False,1.7763568394002505e-15
AAPL,21,1.0,1,2020-09-14,2020-10-13,115.36000061035156,121.0999984741211,115.72106448072186,0.4948413042606014,0.4309860807492126,0.06385522351138884,13.131687764230923,5.3789339933992295,-1.6806790396045463,-0.014568992984677,-0.12798652159416293,-0.7369165693701005,0.6670794298104415,0.02889923802503982,-0.08704862005954389,-9.676958297256377,8.759878786211916,0.37949577036901244,-1.143095298929099,6.120777829511174,-0.048703098284026705,18.776312040117023,2307.2000122070312,149.2915919203376,0.06470682694628092,20,0.2585,False,1.3322676295501878e-15
AAPL,21,1.0,1,2020-10-13,2020-11-11,121.0999984741211,119.48999786376953,121.47902789436696,0.5036270634926079,0.3897803029422985,0.1138467605503094,14.029407615853739,1.9890300305974336,-4.070302285829325,-0.03361108453439943,-0.2901264541797001,-0.5087981385516672,0.36160701731572276,-0.07786126011982736,-0.06507407282392828,-7.138136479928965,5.073132242675356,-1.092347355705075,-0.9129506928706403,8.162985040798784,-0.1929097413718035,18.467848545809996,2421.999969482422,388.5623800371225,0.16043038188813757,20,0.2607,False,8.881784197001252e-16
AAPL,21,1.0,1,2020-11-11,2020-12-11,119.48999786376953,122.41000366210938,119.86398816258166,0.3568967051761796,0.21210029674504585,0.14479640843113376,9.81410117139965,2.5460154995277122,-4.746549939186684,-0.039723408017784234,-0.4836459148209238,-0.7628554810756875,0.25395260106309475,0.05004674638511079,-0.024789781193441857,-7.4867408704335485,2.4923165195733064,0.49116383232285704,-0.24328942064929876,2.5010421302926247,0.020493602392630983,14.193122785083844,2389.7999572753906,460.4618711335845,0.1926779978934123,20,0.2345,False,0.0
AAPL,21,1.0,1,2020-12-11,2021-01-13,122.41000366210938,130.88999938964844,122.79313325174566,0.39839887951796255,0.3336802072991278,0.06471867221883476,11.221843491432809,8.09686613790278,-1.0605493333733438,-0.008663910641656364,-0.09450758551239895,-0.6203417562368468,0.3842509258196927,0.07230757529038469,0.06927566961437062,-6.961378099690458,4.31200375098675,0.8114242931536911,0.7774007221766746,1.8498003229799402,0.21462769717674557,15.878249958679522,2448.2000732421875,90.17668337865486,0.036833870059987596,20,0.23309999999999997,False,1.1102230246251565e-15
AAPL,21,1.0,1,2021-01-13,2021-02-12,130.88999938964844,135.3699951171875,131.29967041532763,0.47354076692096336,0.30375185283312667,0.1697889140878367,14.259171050919523,4.0703247018598745,-6.795901487304236,-0.05192070837339843,-0.47659863697798843,-0.6135971819153031,0.2531529235842021,-0.13449544062334975,0.018341061976462424,-8.74938717329249,3.609750839427497,-1.9177934934171343,0.2615283399778938,3.253071582178015,0.13987327957739767,18.711620392545207,2617.7999877929688,660.8785283378784,0.2524556999845722,20,0.22210000000000002,False,1.7763568394002505e-15
AAPL,21,1.0,1,2021-02-12,2021-03-16,135.3699951171875,125.56999969482422,135.79368802729863,0.3491555926620767,0.37279951116328836,-0.02364391850121167,10.877424910415337,10.22368833247441,0.2883068478798352,0.0021297692123742255,0.02650506441131816,-0.31180112731177195,0.2853192988746756,0.19328265334492956,-0.14029576049651518,-3.3915933493166524,3.1035392490016354,2.102417548245309,-1.5260566000504583,1.2705546753646744,-0.3285112495439111,14.101028065828244,2707.39990234375,-42.93171285381176,-0.015857174559490272,20,0.1997,False,1.3322676295501878e-15
AAPL,21,1.0,1,2021-03-16,2021-04-15,125.56999969482422,134.5,125.963019717816,0.36263248143036764,0.26818290961537394,0.0944495718149937,10.47907171386321,8.536980282184004,-2.8138476596916857,-0.02240859812479292,-0.26852069882956586,-0.5601202249063095,0.33131038645395894,-0.023980776508201018,-0.015730083869013985,-5.869540005178408,3.4718252991987697,-0.25129627678356464,-0.1648366769284804,-0.8745694053076225,0.002813177295142768,15.034204541818754,2511.3999938964844,266.3505614273498,0.10605660670330014,20,0.1979,False,2.6645352591003757e-15
AAPL,21,1.0,1,2021-04-15,2021-05-14,134.5,127.44999694824219,134.9209699229184,0.353518814831077,0.23421328767326483,0.11930552715781217,10.942457614677096,7.470972974676215,-3.806396621807301,-0.028300346630537553,-0.34785573367922296,-0.44260700919737644,0.2572440276031752,-0.0960806154862109,-0.06641213659881105,-4.843208438101287,2.81488186867657,-1.0513580625499506,-0.7267119898326355,-0.15245533536321476,-0.1824566464432063,14.720586482741018,2690.0,365.9190756979891,0.13602939617025617,20,0.16570000000000001,False,2.6645352591003757e-15
AAPL,21,1.0,1,2021-05-14,2021-06-15,127.44999694824219,129.63999938964844,127.84890115189462,0.2985013625018307,0.17757000473660103,0.12093135776522965,8.756292928083406,1.7910982377538147,-4.076340653026438,-0.03198384268837489,-0.4655326959143515,-0.662811500356779,0.3538513429896074,-0.11033661189898582,-0.0462359266481939,-5.803771653226416,3.098426012212715,-0.9661396944797729,-0.40485531753296333,2.9671183914414763,-0.07826435413832393,14.04359228869903,2548.9999389648438,393.5904730139448,0.15440976164706502,20,0.1881,False,8.881784197001252e-16
AAPL,21,1.0,1,2021-06-15,2021-07-15,129.63999938964844,148.47999572753906,130.0457580554492,0.25311026088071076,0.18279734395010333,0.07031291693060743,7.553020356480911,18.434237672089864,-1.1090786393159273,-0.008555065138364121,-0.14683909045263943,-0.3865758500779149,0.14771624573470468,0.05519854367174901,0.036821970218821776,-2.919815264962404,1.1157038110171609,0.41691572400082083,0.2781170906284947,-12.253262528295021,0.2629665733701407,10.650482984244727,2592.7999877929688,100.257380947348,0.03866761085288674,20,0.1702,False,2.220446049250313e-16
AAPL,21,1.0,1,2021-07-15,2021-08-13,148.47999572753906,149.10000610351562,148.94472146996543,0.3190189424739515,0.18721379831279764,0.13180514416115388,10.901831144908696,0.1552846335501954,-7.455346343171357,-0.05021111636379573,-0.6838618433980337,-0.6584146119372288,0.22816140008088923,-0.14345477541588653,-0.11015385612580753,-7.177924922680255,2.487377057467812,-1.563919738514794,-1.20087873944412,3.428054996263767,-0.13685482807662264,16.003798453526077,2969.5999145507812,729.5308358636096,0.24566637151657095,20,0.17010000000000003,False,0.0
AAPL,21,1.0,1,2021-08-13,2021-09-14,149.10000610351562,148.1199951171875,149.56667240891733,0.25271884982997045,0.2174233774691641,0.03529547236080635,8.673362131547929,1.4466772917298272,-2.394996919826503,-0.016063023620292334,-0.2761324712956577,-0.8768561509323518,0.48292315547521103,0.12348252207824814,-0.0056819979167650496,-7.605290934311536,4.188567409146328,1.0710086309015086,-0.0492820255628042,4.7559280007073506,0.07575991928424798,14.387983244801324,2982.0001220703125,225.11170873784897,0.07549017421956399,20,0.1545,False,0.0
AAPL,21,1.0,1,2021-09-14,2021-10-13,148.1199951171875,140.91000366210938,148.58359409805854,0.2916054488514065,0.1935837292189409,0.09802171963246559,9.94144681329981,7.673590435949166,-3.0748831518116178,-0.02075940624612413,-0.3092993615072199,-0.5651956753333504,0.2367380128223199,0.10592060176182272,-0.08676230075801222,-5.61886274543357,2.353518363159382,1.0530040288478708,-0.8625427983853003,-0.5807004270369188,-0.22632634742405416,13.8144715449529,2962.39990234375,293.6738436362089,0.09913376090914132,20,0.1946,False,0.0
AAPL,21,1.0,1,2021-10-13,2021-11-11,140.91000366210938,147.8699951171875,141.35103617794633,0.2982060510517257,0.17116561878457692,0.12704043226714878,9.671474211468949,6.518958939241173,-2.5729622595462627,-0.018259613886009222,-0.266036201233428,-0.3267456270713258,0.13169728333601732,-0.12198623328485114,0.0509983757867317,-3.1601119059305782,1.2737068795048108,-1.179786709368673,0.4932294762481781,0.24503887323038412,0.33451413945112984,12.889653482515959,2818.2000732421875,244.4065724721103,0.08672435104684874,20,0.1864,False,4.440892098500626e-16
AAPL,21,1.0,1,2021-11-11,2021-12-13,147.8699951171875,175.74000549316406,148.33281162608287,0.2647377208816165,0.3030780310648912,-0.03834031018327466,9.010703295982811,27.40719386708119,1.0051226373097324,0.0067973400317837916,0.11154763444023735,-0.34775848006174304,0.2941299142603432,0.07163636271815862,0.09353983752347854,-3.1335484824983206,2.650317387872816,0.6454940096567321,0.8428597222785047,-17.753032053704818,0.3616641199161716,12.866842870447629,2957.39990234375,-113.37910660142087,-0.038337428263106224,20,0.1766,False,2.220446049250313e-16
AAPL,21,1.0,1,2021-12-13,2022-01-12,175.74000549316406,175.52999877929688,176.29005201038441,0.34500355129742405,0.26481927884369655,0.0801842724537275,13.953502154918208,0.7600532310875394,-6.6343298815908724,-0.03775082322874364,-0.4754598385361242,-0.7399898938967359,0.4158052101482241,-0.05429656934489201,-0.09697858544272044,-10.3254505791058,5.801938895829463,-0.7576272973586166,-1.353190900955919,6.59801251654199,-0.038893474302192685,21.018417170792254,3514.8001098632812,642.4145709882949,0.1827741410345192,20,0.20309999999999997,False,0.0
AAPL,21,1.0,1,2022-01-12,2022-02-11,175.52999877929688,168.63999938964844,176.079387999044,0.31065870653897415,0.32151177980116014,-0.010853073262185986,12.550408139064128,7.439388609395564,-1.7861351836131243,-0.010175669093799324,-0.1423169002810067,-0.7451923104865629,0.5665026903161242,0.15331514618379075,-0.11694242629435865,-9.352467638698561,7.10983997534521,1.9241676585068541,-1.4676751787666258,3.5514180848525667,-0.22653373879712696,19.53793416715936,3510.5999755859375,159.07558419415307,0.04531293377212609,20,0.17620000000000002,False,1.1102230246251565e-15
AAPL,21,1.0,1,2022-02-11,2022-03-15,168.63999938964844,155.08999633789062,169.16782368365602,0.3480877004933776,0.3147260183727854,0.033361682120592207,13.509369183311449,14.0778273457654,-1.775592381219223,-0.010528892241731196,-0.13143414449082258,-0.5398266093606173,0.3705263107620296,0.10875185276250642,-0.07088569865474113,-7.292716960827832,5.005576724214643,1.4691689283378282,-0.9576210729438618,-2.1255849970011305,-0.21846554667204307,19.15936631271746,3372.7999877929688,158.39987180920485,0.046963909031811774,20,0.2736,False,8.881784197001252e-16
AAPL,21,1.0,1,2022-03-15,2022-04-13,155.08999633789062,170.39999389648438,155.57541064126443,0.3904826526077372,0.25903614689737137,0.1314465057103658,13.935550578626515,14.824583255219949,-3.0565028188068792,-0.01970793017589448,-0.21933132828599927,-0.20323952501592277,0.11717493232313005,-0.2094011441448239,0.07613440855161734,-2.8322546804354207,1.6328971959361176,-2.918120235452455,1.0609749011448784,-4.3725656598844775,0.4270301644841644,17.20938615507805,3101.7999267578125,288.4408957256099,0.09299145739135588,20,0.2983,False,0.0
AAPL,21,1.0,1,2022-04-13,2022-05-13,170.39999389648438,147.11000061035156,170.9333267760078,0.3271170512856812,0.46149890242555813,-0.13438185113987694,12.828618882805653,23.823326165656226,4.178988753495535,0.024524582765150873,0.32575515662848803,-0.4531739693905387,0.7130463078116122,0.30221302330570526,-0.23633020509829075,-5.813596140919456,9.1473993287069,3.8769756974093554,-3.0317901317012654,-6.472646084486349,-0.34307244486868893,18.075560068910725,3407.9998779296875,-435.97443541846417,-0.1279267755382998,20,0.2182,False,1.7763568394002505e-15
AAPL,21,1.0,1,2022-05-13,2022-06-14,147.11000061035156,132.75999450683594,147.57043842163384,0.41324540894374734,0.43073841764425114,-0.017493008700503798,13.988181539170462,14.8104439147979,0.9273371074175822,0.006303698617157977,0.06629432888190669,-0.573110741203882,0.7296924267496079,-0.04609097913476504,-0.044196377529054205,-8.016777090008441,10.20707013313136,-0.6447289834552112,-0.6182269522501243,0.2284297312268304,-0.12335499943668662,21.138160984887747,2942.2000122070312,-113.87187172664598,-0.03870296759370459,20,0.2887,False,1.3322676295501878e-15
AAPL,21,1.0,1,2022-06-14,2022-07-15,132.75999450683594,150.1699981689453,133.17551840761058,0.43235913401312703,0.3054191914717194,0.1269399425414076,13.206828210957692,16.99447976133473,-2.5962238690241173,-0.019555769632774694,-0.1965819368249246,-0.4312780718206393,0.26641198263781685,-0.09607566740438074,0.06435981976227856,-5.695815405688257,3.5184572880382903,-1.268854834662764,0.8499890832886128,-6.597342357252938,0.21346693785178067,17.93994873832323,2655.1998901367188,241.6824381640885,0.09102231401178766,20,0.32689999999999997,False,4.440892098500626e-16
AAPL,21,1.0,1,2022-07-15,2022-08-15,150.1699981689453,173.19000244140625,150.64001342956863,0.3688253659985612,0.2825670331176075,0.08625833288095369,12.74580725561098,22.549989011837624,-1.797190391562719,-0.011967706023015537,-0.14100247677694613,-0.33450416341395284,0.2784587564778852,-0.1648263268665697,0.079869257025691,-4.263525593073641,3.5491816387042405,-2.1008445928916313,1.0179981556983106,-11.89028462609101,0.2889124783016466,17.09701516368833,3003.3999633789062,162.62202399258356,0.054145976551730854,20,0.24230000000000002,False,2.4424906541753444e-15
AAPL,21,1.0,1,2022-08-15,2022-09-14,173.19000244140625,155.30999755859375,173.73206773492296,0.25584251483658943,0.33013098795237483,-0.0742884731157854,10.199181504404233,18.422070176329214,1.4814889056265257,0.00855412486138017,0.145255666348009,-0.3427852842159907,0.3529748818845926,0.2595359560412463,-0.12446988736183921,-3.4961293307576806,3.6000548868366056,2.6470543225837493,-1.2694909730361488,-6.379221273649243,-0.3621784926492127,14.076584390161818,3463.800048828125,-162.2254749528144,-0.046834537983131745,20,0.19949999999999998,False,2.220446049250313e-16
AAPL,21,1.0,1,2022-09-14,2022-10-13,155.30999755859375,142.99000549316406,155.7961004411268,0.34765749135785595,0.3454215670040742,0.0022359243537817264,12.42616901556653,12.806094947962748,0.7622872152999803,0.004908165779942096,0.0613453120060613,-0.5171063420124399,0.36147297239472276,0.29411759174886243,-0.07713891012508396,-6.425650804867929,4.491724249536039,3.6547549055227604,-0.9585411348908895,0.6502572823409145,-0.26789599943715237,16.958495098482928,3106.199951171875,-93.18721662848097,-0.030000392149038654,20,0.2616,False,1.1102230246251565e-15
AAPL,21,1.0,1,2022-10-13,2022-11-11,142.99000549316406,149.6999969482422,143.4375481815697,0.4621591201812172,0.5212218377569181,-0.05906271757570092,15.203504266263948,6.262448766672492,7.339943577329864,0.05133186443356536,0.4827797229364381,-0.5614974435177864,0.8742370420549588,-0.1684397824854982,0.3384799068847641,-8.536728778018967,13.29146659860854,-2.5608749516268436,5.146080708367135,16.25780121280844,0.0231978641128753,24.384167159206307,2859.8001098632812,-758.3785248921927,-0.2651858506741748,20,0.3194,False,1.7763568394002505e-15
AAPL,21,1.0,1,2022-11-11,2022-12-13,149.6999969482422,145.47000122070312,150.16854115773057,0.34606719521280055,0.27746247889593095,0.0686047163168696,11.922577088982276,4.698539937027448,-2.6941912351534256,-0.017997269806791814,-0.2259738993546239,-0.5589980969939584,0.3749266286991682,0.006319201594126068,-0.0482216326539598,-6.664697904004861,4.470091633378067,0.07534116814678773,-0.5749261326734207,4.69955979278629,-0.1697138759848869,17.294815779301555,2993.9999389648438,252.124307736041,0.0842098573399475,20,0.22519999999999998,False,4.440892098500626e-16
AAPL,21,1.0,1,2022-12-13,2023-01-13,145.47000122070312,134.75999450683594,145.92530601773524,0.3390481126021496,0.34059171843950997,-0.0015436058373603512,11.350890586022349,11.1653115108993,1.0164866117243714,0.006987602964147814,0.08955126507660005,-0.23116674927162562,0.2671369744495472,0.1637376969253677,-0.11015665702668914,-2.6239484781086837,3.032242568457858,1.8585686826071366,-1.2503761612319384,1.59910594835692,-0.3970402615095011,14.471336672834507,2909.4000244140625,-116.11999784527166,-0.03991200827347817,20,0.2255,False,8.881784197001252e-16
AAPL,21,1.0,1,2023-01-13,2023-02-14,134.75999450683594,153.1999969482422,135.18177818341607,0.3545672359894359,0.25483546668338863,0.09973176930604727,10.996096019701078,18.018218764826116,-1.7360269328452487,-0.012882361261577416,-0.1578766618384296,-0.33820671240597716,0.17018925366402457,-0.06697654948854659,0.07711734639206959,-3.7189534841235528,1.8714173748108778,-0.7364805692443194,0.8479897457117457,-9.042570254387854,0.28442057641756463,14.50610070663334,2695.1998901367188,159.09659257789153,0.05902960784471577,20,0.18350000000000002,False,2.220446049250313e-16
AAPL,21,1.0,1,2023-02-14,2023-03-16,153.1999969482422,155.85000610351562,153.67949576539016,0.30195966393581436,0.23725811146239964,0.06470155247341472,10.647280459703893,2.1705103381254673,-3.3594905688455468,-0.0219287900506978,-0.31552569518197665,-0.7602512973450971,0.46751561303852246,0.028837227729159812,-0.051627238604561726,-8.094608782686986,4.977769851311547,0.30703805131271455,-0.5496896887828205,5.272133859783192,-0.15485430705031314,16.470314632681774,3063.9999389648438,319.4787422518729,0.10426852108874621,20,0.1891,False,1.3322676295501878e-15
AAPL,21,1.0,1,2023-03-16,2023-04-17,155.85000610351562,165.22999572753906,156.33779915226083,0.2927171390149245,0.1957112545446265,0.09700588447029801,10.500120076138828,8.892196575278234,-2.5024553833547682,-0.016056819283617074,-0.23832635867103222,-0.5698168253168806,0.3213187952630333,-0.02344235121337601,0.03361402259619119,-5.9831450872314695,3.373885932982118,-0.24614750260746687,0.35295127350205124,-1.1266845187475953,0.23215263625342109,15.498039921396245,3117.0001220703125,234.74749841408058,0.0753119952584927,20,0.2299,False,8.881784197001252e-16
AAPL,21,1.0,1,2023-04-17,2023-05-16,165.22999572753906,172.07000732421875,165.74714709233632,0.28508630902193693,0.21117730515657787,0.07390900386535906,10.842044621784755,6.32286023188243,-1.8323202338738873,-0.011089513292098285,-0.16900135516803116,-0.5303976394739993,0.3641060825736707,-0.09788248463954646,0.09517268637184408,-5.750594874466404,3.947654394326982,-1.0612462661531237,1.0318665124186592,2.491840057859963,0.1950240981684747,16.043080401010112,3304.5999145507812,167.1889429863786,0.050592794077798625,20,0.16949999999999998,False,1.3322676295501878e-15
AAPL,21,1.0,1,2023-05-16,2023-06-15,172.07000732421875,186.00999450683594,172.60856715856704,0.2389403338055416,0.14854487931388333,0.09039545449165828,9.464050280582567,13.401427348268896,-2.389345048364804,-0.01388588915360908,-0.2524653797821672,-0.472019468700032,0.19040502435889337,-0.0339192877287978,0.06306835228776904,-4.467215985190972,1.8020027242081154,-0.32101384454688964,0.5968820571649408,-6.6023532888692795,0.27563117281814636,14.028597793088512,3441.400146484375,224.9059070433919,0.06535302419660458,20,0.17989999999999998,False,8.881784197001252e-16
AAPL,21,1.0,1,2023-06-15,2023-07-18,186.00999450683594,193.72999572753906,186.59218493843144,0.20021248389705384,0.1486545387207391,0.051557945176314735,8.573052286413184,7.137810789107618,-2.102455564264993,-0.011302917189149893,-0.2452400258420241,-0.7827821006244252,0.3373435683944343,0.1612805456468233,0.03891796074114372,-6.710831877521543,2.892064050330687,1.3826665506114642,0.33364571231440066,-0.842757061865895,0.17554299490646746,14.823043541368527,3720.1998901367188,195.42251288513077,0.05253011092313884,20,0.145,False,1.3322676295501878e-15
AAPL,21,1.0,1,2023-07-18,2023-08-16,193.72999572753906,176.57000732421875,194.33634889756436,0.2531968326191625,0.2156190800804403,0.03757775253872217,11.29085824054077,17.766341573345613,0.14813200048227898,0.0007646312070878849,0.013119640449509733,-0.3880493104683637,0.39409081306604726,-0.003656005395485885,0.010734143247312268,-4.381409754837888,4.4496235042281915,-0.04127943864708332,0.12119768973906078,-6.059957243958279,-0.2673940883642843,16.263871755746695,3874.5999145507812,-31.077071803974594,-0.008020717619712655,20,0.133,False,2.1649348980190553e-15
AAPL,21,1.0,1,2023-08-16,2023-09-15,176.57000732421875,175.00999450683594,177.12265165412936,0.23967098758292035,0.25578500504416785,-0.016114017461247493,9.74124057115943,2.112657147293419,-0.6421177147060061,-0.0036366182707743013,-0.06591744757922341,-0.6991851854119464,0.6033404289922113,-0.09065311815758262,0.12058042699809432,-6.810931094888481,5.877284265119664,-0.8830738324987534,1.1746029475615642,6.861970130182267,0.12449557897773715,18.337227008920614,3531.400146484375,45.874544461679996,0.012990469094064464,20,0.1678,False,1.1102230246251565e-16
AAPL,21,1.0,1,2023-09-15,2023-10-16,175.00999450683594,178.72000122070312,175.55775617150132,0.22970762204059547,0.17009349500410698,0.059614127036488496,9.253950596614246,3.1622450492018004,-3.395498603335477,-0.019401741100008137,-0.36692421986538293,-0.8690773736254325,0.3040892789215106,0.20088411660685235,-0.0028202417683134565,-8.042399080165012,2.8140271640997088,1.858971690724307,-0.026098377994480726,2.6571426721992686,0.039064271877699855,15.231185816640634,3500.1998901367188,324.3186745169071,0.09265718664548588,20,0.1379,False,4.440892098500626e-16
AAPL,21,1.0,1,2023-10-16,2023-11-14,178.72000122070312,187.44000244140625,179.27937479050132,0.29406934363365117,0.20145456511500517,0.092614778518646,12.096535516555733,8.160627650904928,-3.9482486401082735,-0.022091811846132105,-0.3263949942282702,-0.5281400347752777,0.3317056222766222,-0.1367757096218199,0.006815127892205351,-6.388664688374126,4.012488840910381,-1.654512229242458,0.08243943659793164,0.05077795196608248,-0.0631187264235492,18.360625017439023,3574.4000244140625,376.46423899338834,0.10532235799631874,20,0.1721,False,1.3322676295501878e-15
AAPL,21,1.0,1,2023-11-14,2023-12-14,187.44000244140625,198.11000061035156,188.02666863753697,0.19694097599702037,0.13729940899745544,0.05964156699956494,8.497836385154082,10.083331972814591,-2.1933828554745083,-0.011701786315117873,-0.25811074208329066,-0.5260873173747525,0.2695383153436476,-0.06600128361637037,0.06443954356418469,-4.470603947355275,2.290492503320383,-0.5608681093820661,0.5475966979424503,-4.050006344757678,0.27112790162266204,14.283387762480153,3748.800048828125,205.05489778497068,0.05469880898264255,20,0.1416,False,4.440892098500626e-16
AAPL,21,1.0,1,2023-12-14,2024-01-17,198.11000061035156,182.67999267578125,198.73006270467351,0.18043336517194533,0.17883971477679675,0.0015936503951485825,8.228916192998621,16.050070028892264,0.6310364629096604,0.003185283231363979,0.07668524604085321,-0.323914852677403,0.30707841575541045,0.24967390680306328,-0.15615222384021737,-2.6654681763498442,2.52692254793006,2.054545654660956,-1.2849635633315102,-6.762558679680809,-0.4275586933031729,12.078394675051648,3962.2000122070312,-75.1820409660177,-0.01897482225389719,20,0.12480000000000001,False,1.2212453270876722e-15
AAPL,21,1.0,1,2024-01-17,2024-02-15,182.67999267578125,183.86000061035156,183.25176057492965,0.26360179182258,0.1890140803905667,0.07458771143201329,11.08416682573985,0.6082400354219146,-5.4680429535497135,-0.02993235807302853,-0.4933201601451655,-0.6062947286170788,0.2977011817550825,-0.1586985117062436,-0.026028101576925658,-6.720271917558369,3.2997695627932346,-1.7590407787486326,-0.28849982003594643,4.694221033510596,0.3136628032576253,17.27078055429599,3653.599853515625,529.5335148006753,0.14493473177998384,20,0.1479,False,0.0
AAPL,21,1.0,1,2024-02-15,2024-03-18,183.86000061035156,173.72000122070312,184.4354618020595,0.2254024831142687,0.17795860550948678,0.047443877604781914,9.539768303752082,10.715460581356382,-0.8934079640396426,-0.004859175247872498,-0.09365090802973242,-0.31609941267472225,0.24869179598745128,0.0416643815649381,-0.06790767290739955,-3.0155151578689643,2.372462112764267,0.397468546648629,-0.6478234655835742,-1.7143565309452862,-0.3547437106986554,13.86597915931828,3677.2000122070312,75.47481724464598,0.020525078046909527,20,0.1401,False,0.0
AAPL,21,1.0,1,2024-03-18,2024-04-17,173.72000122070312,168.0,174.2637253509876,0.23295948263287933,0.2692286022041357,-0.036269119571256364,9.315729466665353,6.263725350987613,2.822041858904224,0.01624477227189834,0.30293299832314674,-0.7852308279619353,0.8270060821308755,0.180768628883955,0.08038911527025158,-7.314997962179033,7.704164928418064,1.6839916427429533,0.7488832499222403,6.025930250040343,-0.15188427545837763,18.421604117124062,3474.4000244140625,-300.62579000754647,-0.08652595783303486,20,0.1433,False,0.0
AAPL,21,1.0,1,2024-04-17,2024-05-16,168.0,189.83999633789062,168.52582116766015,0.3113964387336064,0.26913733907031046,0.04225909966329594,12.040518828679682,21.31417517023047,-0.0575226538493617,-0.00034239674910334345,-0.004777423188139262,-0.3422417693742895,0.4662902665543466,-0.24293599327954052,0.1141100729113443,-4.120768468111782,5.614376734077678,-2.9250754012463083,1.3739444814310524,-9.596419301138136,0.2652403057379868,16.837401517833538,3360.0,-11.085136132897368,-0.0032991476586004074,20,0.1821,False,1.4155343563970746e-15
AAPL,21,1.0,1,2024-05-16,2024-06-17,189.83999633789062,216.6699981689453,190.4341742458846,0.20654614281541825,0.3066083504337421,-0.10006220761832388,9.026283301756088,26.235823923060707,4.6909040853930195,0.024709777580504255,0.5196938682924335,-0.5555839516273039,1.5937163378988695,0.1137702720202817,-0.6322087899994134,-5.014858145297195,14.385335168512428,1.0269227065729165,-5.706495644395127,-12.737909362088594,0.21927282617699456,15.49541556755065,3796.7999267578125,-484.5858241068526,-0.12763006570131633,20,0.1242,False,3.552713678800501e-15
AAPL,21,1.0,1,2024-06-17,2024-07-18,216.6699981689453,224.17999267578125,217.3481509751008,0.24515217726183708,0.2563089767114612,-0.01115679944962411,12.226788396569845,6.831841700680457,1.0496980374921923,0.004844685680357579,0.08585231079869503,-0.46514578008455326,0.4286518168456665,0.08411542161828416,0.03823085241929769,-5.687239026651245,5.241035060377177,1.028461461015017,0.4674405427512432,6.267178598035886,0.17746613534569405,19.673400790140626,4333.399963378906,-124.64320453935986,-0.02876337416179122,20,0.1275,False,2.220446049250313e-16
AAPL,21,1.0,1,2024-07-18,2024-08-16,224.17999267578125,226.0500030517578,224.8816509228933,0.2919377977255209,0.24875504260978196,0.04318275511573896,15.063543824677538,1.1683521288645125,-4.863888852616541,-0.021696355658512783,-0.32289140651274745,-0.663461696958128,0.4549068737725883,0.08698694476328364,-0.20132352809049125,-9.994084348123689,6.852509629220437,1.3103316546165273,-3.0326457883298144,9.326318438358271,-0.29501559516178616,21.359675180989512,4483.599853515625,465.0292100806646,0.1037178216776039,20,0.1593,False,2.6645352591003757e-15
AAPL,21,1.0,1,2024-08-16,2024-09-17,226.0500030517578,216.7899932861328,226.75751422172362,0.23706687826245262,0.16770754160567117,0.06935933665678146,12.33556762112229,9.967520935590812,-3.47042096287303,-0.01535244820181852,-0.28133451734564696,-0.7310793802807026,0.37691138756326786,0.12855067177989,-0.05571719640810213,-9.018279131860785,4.649415908457722,1.58574550448153,-0.6873032439514959,-0.9287548968473749,-0.1736193804941764,18.70505890133373,4521.000061035156,328.3370373859693,0.07262486904518892,20,0.14800000000000002,False,8.881784197001252e-16
AAPL,21,1.0,1,2024-09-17,2024-10-16,216.7899932861328,231.77999877929688,217.46852166355396,0.26100558021480924,0.24131225912215126,0.019693321092657978,13.024311900744562,14.311477115742917,-0.0069446944174286415,-3.203420191199787e-05,-0.0005332100820644224,-0.506695149271935,0.3976080880823663,0.013653376460011152,0.09490047464749327,-6.599355662712006,5.178571753443456,0.17782583351346892,1.2360133813376541,-1.740653087674767,0.44654317825898415,19.696511761338982,4335.799865722656,-19.002042319596118,-0.004382592118658366,20,0.1761,False,1.2420620087993939e-15
AAPL,21,1.0,1,2024-10-16,2024-11-14,231.77999877929688,228.22000122070312,232.50544419357306,0.28201935158617697,0.16928542764409313,0.11273392394208384,15.045389162108092,4.28544297286993,-5.531033725996689,-0.023863291721143688,-0.3676231745421802,-0.4975652435171313,0.2071906221735024,-0.08404324027109826,0.006794687072547039,-7.486062722254321,3.1172635413396454,-1.264463256323228,0.10222871124121519,5.497294507253483,-0.2683820440120099,21.628686326849518,4635.5999755859375,531.4746862728193,0.11465067932347661,20,0.19579999999999997,False,1.7763568394002505e-15
AAPL,21,1.0,1,2024-11-14,2024-12-16,228.22000122070312,251.0399932861328,228.9343042416869,0.20975655611599336,0.13478311885402303,0.07497343726197034,11.019740980854396,22.10568904444591,-2.346049585516331,-0.010279772031232062,-0.21289516601091962,-0.3557134652071883,0.15288505821391046,-0.06970937393531729,0.05964261491767545,-3.919870249985377,1.684753741360139,-0.7681792447047192,0.6572461678136259,-13.863718582884648,0.4317209337768038,15.635563445653993,4564.4000244140625,218.9693951059791,0.047973313893338795,20,0.1431,False,0.0
AAPL,21,1.0,1,2024-12-16,2025-01-17,251.0399932861328,229.97999572753906,251.82572032422277,0.21482911909517363,0.2514501615061817,-0.03662104241100808,12.414663547258048,21.84572459668371,1.2387983034661434,0.0049346651394073845,0.09978508871790967,-0.5427948166839818,0.442243389798553,0.2519767623719202,-0.05164024676858172,-6.738615024327243,5.490302890347928,3.128206726574781,-0.6410962891293217,-7.929098953952717,-0.26316379200680196,20.012172230605554,5020.799865722656,-143.8920025772199,-0.028659179100043487,20,0.1469,False,6.661338147750939e-16
AAPL,21,1.0,1,2025-01-17,2025-02-19,229.97999572753906,244.8699951171875,230.69980733403867,0.29929577305835947,0.29067150715794293,0.008624265900416539,15.842512685925785,14.170187783148833,0.2978903941622815,0.001295288284617576,0.018803229012208537,-0.5527136712982741,0.6382253587235762,-0.09816868452122593,0.03146022610813223,-8.756373349227522,10.11109334205779,-1.555238629888168,0.49840903122017843,1.8338029217572074,0.1364123751820262,25.76456736728809,4599.599914550781,-55.553606783516244,-0.012077921518298375,20,0.1597,False,2.1649348980190553e-15
AAPL,21,1.0,1,2025-02-19,2025-03-20,244.8699951171875,214.10000610351562,245.63641075264854,0.2362997222935152,0.29558977547143483,-0.05929005317791963,13.319351236186092,31.53640464913292,5.088638266213157,0.02078097916315915,0.3820485079174363,-0.45254755127954677,0.5137380270505634,0.47135528023506856,-0.15049724808864903,-6.02763978656822,6.842657225671725,6.278146534481802,-2.0045257073721525,-12.698226849026213,-0.4301882977074539,19.02300473173433,4897.39990234375,-527.8868313530501,-0.10778920281768682,20,0.1527,False,2.6645352591003757e-15
AAPL,21,1.0,1,2025-03-20,2025-04-21,214.10000610351562,193.16000366210938,214.77011512259537,0.30829268954585964,0.7557849038410916,-0.447492214295232,15.191654814592919,21.610111460485996,18.066883764370928,0.08438525571846894,1.1892637099031567,-0.5994766524649923,1.4606877496741346,0.6121850722448359,-0.28413245955082095,-9.107042373655846,22.190264084953963,9.300104300190174,-4.316442247117357,11.853410310198042,-0.20498319172019142,23.866277903755748,4282.0001220703125,-1830.5546543408484,-0.4274999070891642,20,0.198,False,7.105427357601002e-15
AAPL,21,1.0,1,2025-04-21,2025-05-20,193.16000366210938,206.86000061035156,193.76457282086443,0.4868367947933162,0.3242969107466498,0.16253988404666642,21.63275322741537,13.095427789487132,-4.885734187114519,-0.02529371554403689,-0.22584893082045546,-0.33258900156573423,0.35509971820862474,-0.2834000541609287,0.03504040669758272,-7.194815797023993,7.681784575131916,-6.130723436299522,0.7580204710770797,3.272138831374085,0.3794524194396329,27.229264940138155,3863.2000732421875,461.34415377131376,0.11942020734746235,20,0.3382,False,8.881784197001252e-16
AAPL,21,1.0,1,2025-05-20,2025-06-20,206.86000061035156,201.0,207.5074492238225,0.31228018427715737,0.22426072748362993,0.08801945679352743,14.867652288416158,6.507449223822505,-4.613368660582569,-0.0223018884606525,-0.3102957058107274,-0.5206972359213758,0.24133484657212653,0.032837271968343684,-0.06377058842982186,-7.741545451218411,3.5880825839126396,0.48821314172548874,-0.948118935002286,4.081339678421872,-0.3345052744107871,20.084373774919047,4137.200012207031,441.2524922833378,0.10665486101261688,20,0.1809,False,0.0
AAPL,21,1.0,1,2025-06-20,2025-07-22,201.0,214.39999389648438,201.62910746845054,0.29125364846444945,0.15039837165514172,0.14085527680930773,13.474355781583874,12.770886428033833,-4.618439834796292,-0.022977312610926826,-0.3427577473580267,-0.5949539322810513,0.1352561938105955,0.05867487098206664,0.058265120130362544,-8.016620957207245,1.8224900770668264,0.7906060870508975,0.7850849582932296,-4.207737430315785,0.29276694906953554,18.546221935500665,4020.0,443.29776154412855,0.11027307501097725,20,0.20620000000000002,False,8.881784197001252e-16
AAPL,21,1.0,1,2025-07-22,2025-08-20,214.39999389648438,226.00999450683594,215.0710418437283,0.3186842741092946,0.291346892369137,0.027337381740157596,15.725365819640112,10.938952663107642,0.9901633307625952,0.004618299248836086,0.0629659966018683,-0.38607500895456676,0.4953566979515719,-0.08365513713745804,0.0373394447423211,-6.071170749631395,7.789665286497439,-1.3155076341786889,0.587176428075237,5.608151430266944,0.1684250570281227,22.322703335450562,4287.9998779296875,-121.33903641171008,-0.028297350715013183,20,0.165,False,2.4424906541753444e-15
AAPL,21,1.0,1,2025-08-20,2025-09-19,226.00999450683594,245.5,226.717380454541,0.27121190124051797,0.24439878491936148,0.026813116321156488,14.108926201198866,18.782619545459,-0.8623309277916986,-0.0038154548416026637,-0.06111952926073314,-0.49729336711676625,0.4280847645314461,-0.06768051758317352,0.07576959090776049,-7.01627541699615,6.039816350631767,-0.9548994278399374,1.0690275664126214,-5.88338867792909,0.34736440587725836,22.16649610675959,4520.199890136719,64.06659667241027,0.014173399015429935,20,0.15689999999999998,False,0.0
AAPL,21,1.0,1,2025-09-19,2025-10-20,245.5,262.239990234375,246.26838748012244,0.24676763224268108,0.2668631338162776,-0.02009550157359649,13.944930499909363,15.971602754252558,0.6082849723489063,0.0024777391949038956,0.043620509428344584,-0.8953245979209538,0.7866622517588368,0.20421808614087258,-0.05193523055041094,-12.485239292866995,10.96995042767918,2.8478070180589716,-0.72423318052225,-1.7315102119647365,0.3131229299704487,22.70952396579515,4910.0,-83.53802120068579,-0.017013853605027655,20,0.1545,False,5.551115123125783e-16
AAPL,21,1.0,1,2025-10-20,2025-11-18,262.239990234375,267.44000244140625,263.06077200742396,0.3132612242973914,0.15253869746430687,0.16072252683308452,18.907150573200912,4.379230433982286,-9.94869122626311,-0.03793735355683755,-0.5261867031600432,-0.5452808321444255,0.1648696502997187,-0.16013650176806554,0.014360980452729332,-10.309706798034945,3.1172153031677605,-3.027724951194469,0.2715252197985485,4.2436705657522,0.3355583472033192,24.756788298742187,5244.7998046875,970.1123343275688,0.18496651358561642,20,0.18230000000000002,False,5.329070518200751e-15
AAPL,21,1.0,1,2025-11-18,2025-12-18,267.44000244140625,272.19000244140625,268.2770596697561,0.2754662544383877,0.1454259179700713,0.1300403364683164,16.95699292184235,3.912942771650137,-7.734856471840693,-0.028921838173910922,-0.4561455269511496,-0.47679381122046743,0.15237458199302994,-0.17820694457964326,0.04648064685593099,-8.084989282043704,2.5838147083244953,-3.0218538978601623,0.7881719997386757,4.798153394825387,0.5110402835261315,23.39185229008784,5348.800048828125,750.0937948939815,0.14023590114540183,20,0.2469,False,1.7763568394002505e-15
AAPL,21,1.0,1,2025-12-18,2026-01-21,272.19000244140625,247.64999389648438,273.0419266372941,0.21716109549279933,0.1657583304823848,0.05140276501041452,13.606661046807448,25.39193274080975,-2.6084539650203533,-0.009583210043072282,-0.1917041922369617,-0.5220034509207866,0.1382993009321254,0.21655925019290775,-0.02455929244120816,-7.1027240219429295,1.8817917107938513,2.946648313925666,-0.33416996779693964,-14.016605492755616,-0.37712016626703954,19.029891258853688,5443.800048828125,241.81550524318163,0.04442035032040472,20,0.16870000000000002,False,1.3322676295501878e-15
AAPL,21,1.0,1,2026-01-21,2026-02-20,247.64999389648438,264.5799865722656,248.42511061649438,0.3122814633374293,0.3139799858283844,-0.00169852249095509,17.799425013576837,16.154875955771246,0.19226358311879238,0.000776352060800603,0.010801673816549682,-0.35271967805018206,0.3727334004052626,-0.14129231462867176,0.13208026609014092,-6.278207460267179,6.6344402105689815,-2.5149219592277485,2.3509527920447386,1.278247817314436,0.5585648236099471,24.522727456717067,4952.9998779296875,-43.7490857685963,-0.008832846122920368,20,0.16899999999999998,False,5.551115123125783e-17
AAPL,21,1.0,1,2026-02-20,2026-03-23,264.5799865722656,251.49000549316406,265.408092271545,0.28523382472525316,0.20636190938216156,0.0788719153430916,17.37016029231942,13.918086778380939,-3.4889365282081557,-0.013186698561023665,-0.20085805021332256,-0.5391825255794214,0.2727884662633211,0.08455048785705684,-0.019014478754278925,-9.365686896132164,4.738379384889855,1.4686555268708839,-0.330284543836727,0.2525245089306387,-0.2893875232003151,23.961907867634885,5291.5997314453125,324.9317449531807,0.061405200968296034,20,0.1909,False,3.552713678800501e-15
AAPL,21,1.0,1,2026-03-23,2026-04-22,251.49000549316406,273.1700134277344,252.27714101901688,0.29578857361076843,0.25372265786794246,0.04206591574282598,17.12137693405539,20.892872408717494,-3.022593474114568,-0.012018741930468993,-0.17653915837238873,-0.5951162963489097,0.33285868790452333,0.06664082675567985,0.019077623316317942,-10.189210429388696,5.698999061388448,1.1409827140810784,0.3266351798046033,-7.076779196066824,0.282690247290153,23.854316529231834,5029.800109863281,278.405030882225,0.05535111233074281,20,0.2615,False,1.3322676295501878e-15
AAPL,21,1.0,1,2026-04-22,2026-05-21,273.1700134277344,304.989990234375,274.0250049481529,0.30058793476863505,0.20081542199723865,0.0997725127713964,18.898912687036965,30.96498528622209,-3.475199132740819,-0.012721744561689103,-0.18388354876757051,-0.3537780411512968,0.23990016278009504,-0.1101863748721683,0.04018070447579959,-6.6860203103093285,4.533852229986971,-2.0824026780102325,0.7593716255917718,-15.997742806334156,0.45647107440821244,25.277316540898912,5463.4002685546875,322.24259673318295,0.058982058954730486,20,0.1892,False,1.7763568394002505e-15
AAPL,21,1.0,1,2026-05-21,2026-06-23,304.989990234375,294.29998779296875,305.94457471526607,0.24976392218132115,0.23738298953898074,0.012380932642340414,17.534351661872734,11.644586922297322,-0.689499020656304,-0.002260726721314513,-0.039322755352031245,-0.5814793622275771,0.5251138124906077,0.03785329876572496,-0.02081050438078684,-10.195863621419814,9.207530250717015,0.6637330521201547,-0.36489870207365954,5.449390986302501,-0.2491252673833945,28.302829783949456,6099.7998046875,40.64707228168094,0.006663673166854587,20,0.16760000000000003,False,1.1102230246251565e-16
AMZN,21,1.0,1,2011-01-07,2011-02-08,9.274499893188477,9.152999877929688,9.30740531593414,0.3744101225282708,0.3878769625779262,-0.013466840049655426,0.7994221378496095,0.15440543800445283,0.1002000689383009,0.010803824474879924,0.12534062317542544,-0.447700205123823,0.5674466120282191,-0.04008979414199383,0.04568401041302309,-0.3579014550957953,0.45362938370311684,-0.03204866893894346,0.03652080926992274,0.7589827974378037,-0.013766028654346223,2.331357195239298,185.48999786376953,-12.351364089069389,-0.06658776339056659,20,0.1714,True,6.938893903907228e-17
AMZN,21,1.0,1,2011-02-08,2011-03-10,9.152999877929688,8.307000160217285,9.1854742252091,0.3022360099270272,0.2330546683310895,0.0691813415959377,0.6369735105706761,0.8784740649918152,-0.06821296929889868,-0.007452525970570398,-0.1070891774412808,-0.49563262021372073,0.26051617846734254,0.14585454514957602,-0.017827280844478526,-0.31570485005087634,0.16594190475879994,0.09290548165661461,-0.011355505663436854,-0.2992866934114995,-0.010426830308538393,2.1217250251472852,183.05999755859375,4.699571904742584,0.025672303984590337,20,0.15810000000000002,True,4.163336342344337e-17
AMZN,21,1.0,1,2011-03-10,2011-04-08,8.307000160217285,9.23550033569336,8.336472946369453,0.37701240454188295,0.25061021035269726,0.1264021941891857,0.7209995594651717,0.8990273893239067,-0.14584256412084548,-0.017556586169252066,-0.20227829851800413,-0.43990881926468867,0.2778720995098847,-0.058116118723591736,0.017874539960391563,-0.31717406489468436,0.2003456613342892,-0.04190169599753526,0.012887535437084924,-0.3329498791867697,0.009079485207189174,2.2069834160021338,166.1400032043457,12.377272996082414,0.07449905355339889,20,0.2188,True,2.7755575615628914e-17
AMZN,21,1.0,1,2011-04-08,2011-05-10,9.23550033569336,10.196999549865723,9.268267390123636,0.3526193277859029,0.3355304422064612,0.01708888557944166,0.7497707802189968,0.9287321597420863,0.041146407464458745,0.004455244000743102,0.05487864898181348,-0.47298350100052267,0.5506297410989983,-0.045731971933688324,0.022964380817026266,-0.35462920857587454,0.4128460905955802,-0.03428849627767476,0.017218021722427947,-0.14683445641813664,0.009019484359505819,2.2725088441759973,184.7100067138672,-6.387149590621872,-0.034579337114724676,20,0.1787,True,9.71445146547012e-17
AMZN,21,1.0,1,2011-05-10,2011-06-09,10.196999549865723,9.484000205993652,10.233177951374154,0.30361757031209596,0.2637052847184573,0.039912285593638686,0.7128690291489335,0.7491777453805017,-0.0374633587674662,-0.0036739590488615377,-0.05255293361838463,-0.40222776196976917,0.35571411315863927,0.053743739131336093,-0.059783023938590814,-0.28673571417213767,0.25357757450197305,0.03831224713738911,-0.04261746623469068,-0.05432316814578757,-0.019448906853246902,2.215678232071578,203.93999099731445,1.5306576446750415,0.007505431559498292,20,0.1591,True,0.0
AMZN,21,1.0,1,2011-06-09,2011-07-11,9.484000205993652,10.6274995803833,9.517648924489771,0.3201641288614564,0.28981282672676956,0.03035130213468684,0.6991318909786765,1.1098506558935295,0.009225759992497754,0.0009727709607879704,0.013196022254946942,-0.47092939567849784,0.39930543538714447,0.08473598032102575,8.40022252745882e-05,-0.32924175891815355,0.27916716412027803,0.059241626155770645,5.8728634602639614e-05,-0.41277912641608433,0.011286121493729134,2.231129425713677,189.68000411987305,-3.1537054249634524,-0.016626451689501172,20,0.1777,True,1.3877787807814457e-17
AMZN,21,1.0,1,2011-07-11,2011-08-09,10.6274995803833,10.254500389099121,10.66520537265774,0.38590194932365085,0.392583396515449,-0.00668144719179814,0.9441325851399911,0.4107049835586185,-0.028827531193129127,-0.0027125412685350967,-0.03053335055568994,-0.6489798508270843,0.5767497451612148,0.10938986996054247,-0.06769311485036296,-0.6127230242651409,0.5445282278778888,0.10327854071397441,-0.0639112755198515,0.506280856399969,-0.0016807860117255592,2.5869214655440804,212.54999160766602,0.29583165376883214,0.001391821526461836,20,0.1839,True,8.326672684688674e-17
AMZN,21,1.0,1,2011-08-09,2011-09-08,10.254500389099121,10.86299991607666,10.290882800467383,0.49063166019734933,0.522461516979569,-0.03182985678221967,1.157861566288177,0.5721171156092772,-0.14745292971429022,-0.014379338253381672,-0.1273493602408693,-0.6472400192469888,0.5733389471525885,0.06203995311233458,-0.11548824125880341,-0.7494143424497083,0.6638471313641104,0.07183367728309278,-0.133719395911785,0.44229015880990397,-0.003998637845294485,2.801598145941627,205.09000778198242,11.943694825487395,0.058236356586343026,20,0.3506,True,1.6653345369377348e-16
AMZN,21,1.0,1,2011-09-08,2011-10-07,10.86299991607666,11.237000465393066,10.901541250773008,0.4916247769686056,0.3999679387805837,0.09165683818802195,1.2290473971817621,0.3354592146200588,-0.4566876474864687,-0.04204065644984452,-0.371578548177772,-0.9195852584952877,0.42476309915812643,0.10512309906323407,0.018120512096155332,-1.1302138684403513,0.522053981439154,0.12920127128734837,0.022270968227380346,0.4312547250252726,0.0056458100499619775,2.8965951163745576,217.2599983215332,42.77216963227231,0.19687089184715809,20,0.3432,True,1.1102230246251565e-16
AMZN,21,1.0,1,2011-10-07,2011-11-07,11.237000465393066,10.850000381469727,11.276868733759596,0.5506463416107491,0.6176544829487968,-0.06700814133804767,1.4236903956801699,0.4268683522898691,0.2654423763430924,0.02362217365395538,0.18644670017337373,-0.545768491344655,0.7536050487055783,-0.12357161783594692,0.1021817606483975,-0.7770053593922412,1.0729002699782184,-0.175927725491698,0.14547519124881345,1.2673109377383385,-0.0050465180049454345,3.1186173252482865,224.74000930786133,-29.662854959557528,-0.13198742427265678,20,0.36200000000000004,True,2.220446049250313e-16
AMZN,21,1.0,1,2011-11-07,2011-12-07,10.850000381469727,9.765999794006348,10.888495594522139,0.42765389683097493,0.43226188332331855,-0.004607986492343619,1.0680606302403257,1.1224958005157912,0.04937424284119627,0.00455062130002507,0.04622794010306935,-0.35126955071289834,0.30319801694208076,0.12711279957984883,-0.03281332570596192,-0.3751771777186543,0.3238338650627757,0.13576417683086556,-0.035046621333790766,0.016849702832417435,-0.021910630266686732,2.5720601960914156,217.00000762939453,-7.509484480211043,-0.034605918046953184,20,0.2985,True,2.7755575615628914e-17
AMZN,21,1.0,1,2011-12-07,2012-01-09,9.765999794006348,8.928000450134277,9.800649031750353,0.46195557922607944,0.33925406103314504,0.1227015181929344,1.0383521264572806,0.8726485816160761,-0.19221114471998843,-0.019681665858517987,-0.18511171675045082,-0.2995014347143816,0.21306702918761308,-0.05551091186292019,-0.04316639936076216,-0.31098795161268455,0.22123860283489352,-0.057639873374445864,-0.04482192256775158,-0.0034777944612343903,-0.023029805417549506,2.4880475603275074,195.31999588012695,16.733066911671333,0.08567001466629591,20,0.2867,True,5.551115123125783e-17
AMZN,21,1.0,1,2012-01-09,2012-02-08,8.928000450134277,9.27400016784668,8.959676511643632,0.46545425508008564,0.4095150400724627,0.055939215007622944,0.9564318886338786,0.31432365620304736,-0.206308056027894,-0.023107980020855748,-0.21570595719322422,-0.5997352200408608,0.48195413664837006,-0.11497059839477647,0.017045724594043122,-0.5736058891839353,0.46095630514951097,-0.10996154656008324,0.016303074566613618,0.42511849867537305,0.010681677727564166,2.589182018195807,178.56000900268555,18.041623584593594,0.10103955351123581,20,0.2107,True,8.326672684688674e-17
AMZN,21,1.0,1,2012-02-08,2012-03-09,9.27400016784668,9.215999603271484,9.306903817593927,0.32406810936290775,0.2633185346819058,0.06074957468100195,0.6919815090506575,0.09090421432244256,-0.22650131330728362,-0.024423259565227583,-0.3273227829715061,-0.8006832655315421,0.4656729495361422,0.05641374504918479,-0.048726212025290795,-0.5540580143541248,0.3222370703440903,0.03903726843033395,-0.033717637727583016,0.3822949044487503,-0.007718923027819053,2.259032385253494,185.4800033569336,20.39109894547487,0.10993691274759518,20,0.1816,True,5.551115123125783e-17
AMZN,21,1.0,1,2012-03-09,2012-04-10,9.215999603271484,9.348999977111816,9.248697470160485,0.3245515680262827,0.2829893034797197,0.04156226454656303,0.688678906191903,0.1003025069513317,-0.1623933079285993,-0.017620802400094844,-0.2358040974807319,-0.5403671461713313,0.3708427770257545,0.06193850199659991,-0.1282182303317551,-0.37213945516731256,0.2553915980512644,0.042655739806183424,-0.08830119061873459,0.4107511533856403,0.015231937926331707,2.1744931530597515,184.3199920654297,14.06483763980018,0.07630663110492898,20,0.1711,True,5.551115123125783e-17
AMZN,21,1.0,1,2012-04-10,2012-05-09,9.348999977111816,11.14900016784668,9.38216972211575,0.4443328125522734,0.5413284365328778,-0.09699562398060435,0.956148491263675,1.76683044573093,0.3344541407439543,0.03577432255457948,0.34979309573759776,-0.3798010816576318,1.0474354221032822,-0.13692579855146084,-0.18091544615659172,-0.3631462312072565,1.0015037985401838,-0.13092139570005318,-0.1729820308889198,-0.49044647945378794,0.014218665730487122,2.4200660545963815,186.97999954223633,-35.86548012899181,-0.19181452677718225,20,0.2039,True,0.0
AMZN,21,1.0,1,2012-05-09,2012-06-08,11.14900016784668,10.923999786376953,11.188556215929003,0.37787040915382225,0.2609520635379124,0.11691834561590986,0.9698687592909533,0.2645564295520497,-0.3923848721928883,-0.035194624296850614,-0.40457522570347665,-0.6908390745744034,0.2604380628251615,0.06326359545610231,-0.03743780941033712,-0.670023236127187,0.25259074086437877,0.06135738483329474,-0.03630976176337484,0.3265914180000774,-0.01366396045406211,2.539257143278397,222.9800033569336,36.69923007601043,0.16458529699304206,20,0.20079999999999998,True,0.0
AMZN,21,1.0,1,2012-06-08,2012-07-10,10.923999786376953,10.975000381469727,10.962757545305633,0.3607720044565192,0.21863103221530658,0.1421409722412126,0.9073351060754348,0.012242836164093163,-0.5085495664970122,-0.04655342149779348,-0.5604870384622063,-0.7086666026095828,0.2977586640617177,0.005007585374039605,-0.1545866852883805,-0.6429980870508838,0.27016688904131836,0.0045435580065360205,-0.14026192649398256,0.3780902562924374,0.008452447121892087,2.475300018260187,218.47999572753906,48.37965663144104,0.22143746602674827,20,0.21230000000000002,True,2.220446049250313e-16
AMZN,21,1.0,1,2012-07-10,2012-08-08,10.975000381469727,11.718999862670898,11.013939087744479,0.42293485389856816,0.3444720394945397,0.07846281440402847,1.068458824324763,0.7050607749264195,-0.11988119201905342,-0.010923115066261112,-0.11220010475819232,-0.5153664396263237,0.4231790577727884,-0.11404913165419146,0.0940364087495342,-0.5506478201795807,0.4521493985467745,-0.12185680112249753,0.10047403073625018,0.23181585807170535,0.011700999307584755,2.6327211722559336,219.50000762939453,9.355398029649407,0.042621401842705776,20,0.18719999999999998,True,1.249000902703301e-16
AMZN,21,1.0,1,2012-08-08,2012-09-07,11.718999862670898,12.956999778747559,11.760578238764339,0.3019272618006472,0.18873859100820278,0.11318867079244443,0.8147134142684439,1.1964215399832199,-0.2860865350399453,-0.02441219714928325,-0.35114990133902624,-0.537370003180989,0.1625884538722947,-0.004572862089101425,0.028204510058769502,-0.4378025500170281,0.13246299437492462,-0.0037255720855905506,0.02297859268774877,-0.6840124680221729,0.01621780726745156,2.3224337302317792,234.37999725341797,26.286219773762753,0.11215214643654674,20,0.1532,True,5.551115123125783e-17
AMZN,21,1.0,1,2012-09-07,2012-10-08,12.956999778747559,12.95300006866455,13.002970511417283,0.31034565012306314,0.18884114537806485,0.1215045047449983,0.9258792109616664,0.049970442752732325,-0.5967955656555612,-0.04605970331453138,-0.6445717309450099,-0.8350859072308842,0.26207027771295177,0.0867884799901021,-0.15834458141717958,-0.7731886808721383,0.24264542194537256,0.0803556493737981,-0.14660795610259356,0.28750889714343353,-0.008395694590060713,2.5995281759159297,259.1399955749512,57.0800283896402,0.2202671504373431,20,0.1438,True,0.0
AMZN,21,1.0,1,2012-10-08,2012-11-08,12.95300006866455,11.367500305175781,12.998956610579771,0.38172907738322565,0.3556972287919432,0.026031848591282436,1.1382963856023811,1.6314563054039901,-0.05524715609753493,-0.004265201559844575,-0.0485349481877678,-0.3233663908079668,0.20969183338223038,0.14778468976222614,-0.08264508052425744,-0.36808679388199567,0.23869145602932956,0.16822277820371123,-0.09407459644857999,-0.5175728503010213,-0.03083422559812264,2.6061269590286207,259.060001373291,2.918588650724872,0.01126607208852496,20,0.15109999999999998,True,6.938893903907228e-17
AMZN,21,1.0,1,2012-11-08,2012-12-10,11.367500305175781,12.388500213623047,11.407831579897989,0.33881335598626844,0.1992828456178254,0.13953051036844305,0.8867513455416698,0.9806686337250579,-0.22674057955632249,-0.019946388693131097,-0.25569803834672344,-0.3516849183292619,0.15920499284149614,-0.09606944164051293,0.03285132878155522,-0.31185707453518524,0.1411752416191486,-0.08518970664016176,0.029130959999875874,-0.33919442800945127,0.018536560269740748,2.374982029409141,227.35000610351562,20.29907592622311,0.08928557458221778,20,0.18489999999999998,True,5.551115123125783e-17
AMZN,21,1.0,1,2012-12-10,2013-01-10,12.388500213623047,13.267000198364258,12.43245394066049,0.32014420993002607,0.27000059261492154,0.05014361731510453,0.9131860946794428,0.8345462577037672,-0.02361230776884337,-0.0019059859839109527,-0.025857060139677267,-0.6417616251019496,0.43962860576532276,0.11504703753759818,0.06122892165935134,-0.586047792141982,0.40146272960820345,0.10505935491339854,0.0559133998515366,0.040470461584974214,0.014557067621857989,2.5849687878211296,247.77000427246094,-0.2237380109367928,-0.0009030068494116774,20,0.1605,True,2.7755575615628914e-17
AMZN,21,1.0,1,2013-01-10,2013-02-11,13.267000198364258,12.86050033569336,13.314070795714159,0.3987140117839058,0.3709600195264815,0.02775399225742431,1.2177103554098367,0.45357046002079926,-0.17603404757467037,-0.013268564478982545,-0.14456150988009275,-0.6871123656250105,0.6390927863696029,-0.1425763894295501,0.04603445880486525,-0.8367038429517253,0.7782299040299919,-0.17361674584530873,0.05605663719237195,0.588509396068495,-0.00040354825412778966,3.0698343522164198,265.34000396728516,14.533570405250616,0.054773385799159476,20,0.1349,True,2.220446049250313e-16
AMZN,21,1.0,1,2013-02-11,2013-03-13,12.86050033569336,13.755000114440918,12.906128693571452,0.30869193609540013,0.2255365552597956,0.08315538083560453,0.9140899033598885,0.8488714208694663,-0.1750317615261951,-0.013610027367318478,-0.19148199852425557,-0.48952507337253753,0.29977757379805664,-0.03966730904855402,0.03793281009877945,-0.44746992701134514,0.27402365346252744,-0.03625948669473957,0.034673998717362306,-0.13107016336910252,0.02125688433332958,2.4858702122396648,257.2100067138672,15.017305940379845,0.05838538761474323,20,0.1294,True,1.1102230246251565e-16
AMZN,21,1.0,1,2013-03-13,2013-04-12,13.755000114440918,13.643500328063965,13.803802109033073,0.22272729384268428,0.23738441418551315,-0.014657120342828872,0.7055189381284059,0.16030178096910852,-0.0616643234337513,-0.004483047831385474,-0.08740278977816505,-0.6318274794332477,0.4374535687327467,0.31967916373313204,-0.21270804281079606,-0.44576625237009215,0.3086317772928091,0.22553970413877614,-0.15006955249524434,0.5153939158746635,-0.031841082149117475,2.2742788439174593,275.10000228881836,3.8921534994576703,0.014148140556434556,20,0.1183,True,4.85722573273506e-17
AMZN,21,1.0,1,2013-04-12,2013-05-13,13.643500328063965,13.225500106811523,13.691906727459717,0.3748248893344198,0.36163616908667273,0.013188720247747088,1.1773127492144233,0.4664066206481934,0.013496056484272677,0.000989193107322466,0.011463442057582481,-0.36453453369483396,0.464550365070821,-0.132195995754702,0.04364360643629734,-0.4291711540478628,0.5469210674500923,-0.15563603119710645,0.05138217427914952,0.7513682631356343,-0.026966078085131795,2.789321877038355,272.8700065612793,-4.138927525465623,-0.015168129240822701,20,0.1206,True,1.5265566588595902e-16
AMZN,21,1.0,1,2013-05-13,2013-06-12,13.225500106811523,13.583499908447266,13.272423464086785,0.26597033581861346,0.22165858743613287,0.04431174838248059,0.8100057093354694,0.31107644436048076,-0.147417626683464,-0.011146468979841418,-0.18199578717093953,-0.692983962120432,0.44356504708251976,0.07391144190316754,-0.00648831403619466,-0.5613209657954646,0.3592902205984973,0.05986868992678256,-0.005255571413279139,0.3434226571371842,0.008088981154340534,2.4931599914610936,264.51000213623047,12.248602676885307,0.046306765634431146,20,0.1255,True,8.326672684688674e-17
AMZN,21,1.0,1,2013-06-12,2013-07-12,13.583499908447266,15.3774995803833,13.631693429607518,0.2909537559464667,0.2063462190360105,0.08460753691045622,0.9100336470661615,1.745806150775783,-0.22389939174332563,-0.016483188666573903,-0.2460341905655359,-0.594344880300172,0.19478350838014913,0.12703757192160314,0.026489609432883802,-0.5408738390346667,0.17725954651952935,0.1156084648902463,0.02410643588156544,-1.0768423881086857,0.017170492655738535,2.4900379412614417,271.6699981689453,19.89990123307112,0.07325027190045413,20,0.1859,True,2.7755575615628914e-17
AMZN,21,1.0,1,2013-07-12,2013-08-12,15.3774995803833,14.834500312805176,15.432058115106603,0.3696370877592456,0.1735826123862436,0.196054475373002,1.3085933393261664,0.5975578023014272,-0.6985782458514016,-0.04542859794596,-0.533839065856105,-0.49338374923448175,0.17368230346628444,-0.22551360837948067,0.011375988291573259,-0.6456386879800143,0.22727950547480574,-0.29510560585279794,0.01488654250660522,0.028821932981369338,-0.016364641808031502,2.995854370369394,307.549991607666,66.86197021477076,0.21740195753302097,20,0.1384,True,3.3306690738754696e-16
AMZN,21,1.0,1,2013-08-12,2013-09-11,14.834500312805176,14.982000350952148,14.887132315569232,0.24107490510243673,0.18577706290963508,0.05529784219280165,0.8235438595814917,0.0948680353829161,-0.3938668509134988,-0.02655073259013059,-0.4782584999342403,-0.7496501786661555,0.3038131895647439,0.07461984892000825,-0.10704135975283717,-0.6173698014746805,0.2502034867259126,0.061452718380971404,-0.08815325454570247,0.35357748436889064,-0.0187685110838139,2.5016160248169146,296.6900062561035,36.88506906653297,0.12432191273302846,20,0.1281,True,1.1102230246251565e-16
AMZN,21,1.0,1,2013-09-11,2013-10-10,14.982000350952148,15.258500099182129,15.035155675853908,0.24788843176364914,0.262298300491012,-0.014409868727362857,0.8552298422781558,0.22334442332822135,0.011396671356794407,0.0007606909017373048,0.01332585790789997,-0.9007318728776372,0.6575316672914554,0.2480305339861986,0.008495529507883029,-0.7703327775760496,0.5623407041105642,0.21212311446118337,0.007265630361096221,0.623281744146461,0.02000034616026795,2.648335483704356,299.64000701904297,-3.788002619383797,-0.012641845316546994,20,0.1382,True,1.3183898417423734e-16
AMZN,21,1.0,1,2013-10-10,2013-11-08,15.258500099182129,17.515499114990234,15.312636430198435,0.38585279685223217,0.42929020728464345,-0.04343741043241128,1.3553718848020004,2.2028626847918,0.2888569509468628,0.018930887640938303,0.213120069986593,-0.29496409027345766,0.532877652552042,-0.09463250780245641,0.06983901551046501,-0.3997860349828437,0.7222473883083267,-0.12826224046375537,0.0946578380851351,-0.5924551263721579,0.03382127732922133,2.910802540381456,305.1700019836426,-31.796497635067738,-0.10419273660053933,20,0.1648,True,1.1102230246251565e-16
AMZN,21,1.0,1,2013-11-08,2013-12-10,17.515499114990234,19.388999938964844,17.577643156137224,0.2809093726663449,0.20528107104874746,0.07562830161759745,1.1329720729469424,1.8113567828276196,-0.10069594580128047,-0.005748962398399608,-0.08887769452195148,-0.3460561268131319,0.21224500004150104,0.0027121934357181364,0.04222123881396128,-0.392071927351464,0.2404676576696433,0.0030728394190986667,0.04783548446144162,-0.8178369992031018,0.03875634352114386,2.7232435638711667,350.3099822998047,7.346351016256881,0.02097100107746766,20,0.129,True,2.7755575615628914e-17
AMZN,21,1.0,1,2013-12-10,2014-01-10,19.388999938964844,19.882999420166016,19.457791059451658,0.2810587886316086,0.16962394721767934,0.11143484141392926,1.2548242716186708,0.4252083607143575,-0.5772035700157359,-0.02976964112809998,-0.45998757202167234,-0.8605270112595577,0.21223277322106696,0.1949864397619228,-0.006679773745104429,-1.0798101801119662,0.2663148350707359,0.2446737172497726,-0.008381942224278186,0.23713347624316625,0.015278864645411238,3.012947716445482,387.7799987792969,54.70740928512811,0.1410784709302776,20,0.1391,True,1.1102230246251565e-16
AMZN,21,1.0,1,2014-01-10,2014-02-11,19.882999420166016,18.089500427246094,19.95354322402684,0.3467112412181342,0.5060534553849901,-0.15934221416685596,1.5871501723790071,1.8640427967807476,1.2313268379232787,0.06192862615458435,0.7758099134863977,-0.44664939237753803,1.0514434782194655,0.005098305558504445,0.16591752208596589,-0.7088996601049883,1.6687986977028075,0.00809177654602118,0.2633360237794385,0.9817338664372567,-0.027299652915718592,3.4715943332319683,397.6599884033203,-126.60427812555983,-0.31837318769207795,20,0.12140000000000001,True,2.220446049250313e-16
AMZN,21,1.0,1,2014-02-11,2014-03-13,18.089500427246094,18.57550048828125,18.153680993925875,0.29613218054503504,0.2097497278143033,0.08638245273073175,1.2334722751736586,0.42181949435537547,-0.5188139969967211,-0.028680393860700124,-0.4206126132212239,-0.6606189017805101,0.30357628439499884,-0.05646191340045926,-0.007108082435253226,-0.8148550998019295,0.37445293020146486,-0.06964420478272257,-0.008767622613533716,0.29276061472167203,7.816909989009219e-05,2.994480812487898,361.7900085449219,48.886918887184216,0.1351251215692822,20,0.1451,True,2.220446049250313e-16
AMZN,21,1.0,1,2014-03-13,2014-04-11,18.57550048828125,15.58650016784668,18.64140535682603,0.280526618032906,0.3227536625815805,-0.042227044548674486,1.1999009071571944,3.054905188979351,0.10457682258966462,0.005629825298954348,0.08715454915141956,-0.3277779357628318,0.27909523280322057,0.21558319033083706,-0.07974593821980618,-0.3933010424679345,0.33488662302383276,0.2586784656458135,-0.09568722361204701,-1.7126720915763127,-0.03775536765617908,2.8100331442941298,371.510009765625,-13.267715403260592,-0.03571294192485099,20,0.16219999999999998,True,9.71445146547012e-17
AMZN,21,1.0,1,2014-04-11,2014-05-13,15.58650016784668,15.232000350952148,15.641800225322019,0.4922606443451366,0.46984162462641216,0.022419019718724453,1.7657445498875912,0.4097998743698703,-0.0937843477054312,-0.006017024135982657,-0.053113202422967465,-0.4049586357933013,0.5582950586509399,-0.24277948260478208,0.0363298573241763,-0.7150535040819358,0.9858064570420702,-0.4286865482339232,0.06414924756835809,1.274826142875365,-0.012665815063075314,3.5643100140837753,311.7300033569336,5.814124756459345,0.018651155467387336,20,0.1703,True,4.3021142204224816e-16
AMZN,21,1.0,1,2014-05-13,2014-06-12,15.232000350952148,16.295499801635742,15.286042662298584,0.287281708226132,0.2748809471070353,0.012400761119096715,1.007604073550455,1.009457139337158,0.05535309794557335,0.0036340005692104154,0.05493536538665213,-0.5154146652020831,0.6271757486344514,0.02149667801653103,-0.07832239606224718,-0.5193339162252629,0.6319448391561294,0.021660140337259184,-0.07891796532255238,0.04048262430578542,0.013017407853084868,2.6993835858639192,304.64000701904297,-8.234693380421255,-0.02703089939170894,20,0.1213,True,4.85722573273506e-17
AMZN,21,1.0,1,2014-06-12,2014-07-14,16.295499801635742,17.766000747680664,16.353315351368888,0.3035009459435812,0.29820331949927925,0.005297626444301928,1.1387759521689562,1.412685396311776,0.1657296788461216,0.010170272827684958,0.14553317404575195,-0.7882994876062511,0.9097283966756251,0.10746256349266685,-0.08335829851628879,-0.8976964995931089,1.035976821139423,0.1223757830638786,-0.09492642576407086,-0.11356662746684326,0.00538686217014511,3.0607375793658758,325.90999603271484,-19.63370546397804,-0.06024272253989782,20,0.12560000000000002,True,1.1102230246251565e-16
AMZN,21,1.0,1,2014-07-14,2014-08-12,17.766000747680664,15.965999603271484,17.829033555037917,0.382858924769535,0.3968318444349293,-0.013972919665394323,1.5658742975014837,1.8630339517664325,0.2905518806696277,0.016354377374860746,0.18555249366646714,-0.23458744364478407,0.5364489274495465,-0.19984551385207722,0.0835365237137819,-0.3673344485199451,0.840011587415483,-0.31293295361194445,0.13080769538603426,0.028444715080435404,-0.03505248867575649,3.1244711929757445,355.3200149536133,-32.17965925993852,-0.0905652873625471,20,0.1182,True,5.551115123125783e-17
AMZN,21,1.0,1,2014-08-12,2014-09-11,15.965999603271484,16.525999069213867,16.02264610416676,0.25490240753168614,0.21597920647500432,0.038923201056681817,0.9371767768847954,0.5033529650471067,-0.14108805860749743,-0.008836782043924643,-0.15054583306735203,-0.40297176245105437,0.2189103541283426,-0.04402925650650696,0.07754483176186669,-0.37765577750946455,0.20515770010870926,-0.0412631967014021,0.07267321549465994,0.2548631367077293,0.03787261652246189,2.5255277690710254,319.3199920654297,11.583278091678718,0.03627482894746304,20,0.1413,True,2.7755575615628914e-17
AMZN,21,1.0,1,2014-09-11,2014-10-10,16.525999069213867,15.569499969482422,16.58463241785041,0.28189445777708727,0.2167868561979799,0.06510760157910736,1.0727138385582076,1.0151324483679893,-0.20650885983456937,-0.012495998515410355,-0.19251067005169786,-0.6955193025928478,0.3554690705105627,0.18630096267190338,-0.038761400641316245,-0.7460931808757012,0.38131659111610383,0.19984762079486681,-0.04157989086983892,-0.128268715653832,-0.020658753990519155,2.7992479063279405,330.51998138427734,17.851638077128996,0.054010768130759036,20,0.128,True,8.326672684688674e-17
AMZN,21,1.0,1,2014-10-10,2014-11-10,15.569499969482422,15.255499839782715,15.624739711175737,0.3922250408101675,0.36670639517831966,0.02551864563184786,1.405812768375433,0.36923987139302206,-0.037738077558465616,-0.002423846471141369,-0.026844312704654122,-0.46029004231238907,0.48426185465158234,-0.13596372644949717,0.08514760140564977,-0.6470816186388249,0.6807814985063625,-0.1911395426786077,0.1197015852526044,1.0230929112196603,-0.024258091795715003,3.092492305634402,311.38999938964844,0.6813154502121597,0.00218798115401136,20,0.21239999999999998,True,4.163336342344337e-17
AMZN,21,1.0,1,2014-11-10,2014-12-10,15.255499839782715,15.291999816894531,15.30962552604135,0.2712149370260259,0.2803482703197453,-0.009133333293719403,0.9527491577832102,0.01762570914681838,-0.1409084402024428,-0.009236566594493817,-0.1478966830370112,-0.6803727623201967,0.5136909915228601,0.1424118300700233,-0.12362674230969777,-0.6482245762792037,0.48941865953422714,0.13568275115758036,-0.11778527461504651,0.7634059235973307,0.030809084836618338,2.7122735932965583,305.1099967956543,11.378570426947723,0.037293338620328645,20,0.1267,True,8.326672684688674e-17
AMZN,21,1.0,1,2014-12-10,2015-01-12,15.291999816894531,14.570500373840332,15.346255003092882,0.3661475025690277,0.22906028227553915,0.13708722029348858,1.2890437942226558,0.7757546292525497,-0.5309955659340732,-0.03472374916898911,-0.4119298105416848,-0.7924584917585572,0.2672499195433572,0.11297575935503866,0.0003030023184765031,-1.0215137009804138,0.3444968502938687,0.14563070149420473,0.0003905832582672131,-0.009363025171021527,-0.008343375792945426,2.9510990808582465,305.8399963378906,50.148457512549065,0.16396958577368434,20,0.18530000000000002,True,0.0
AMZN,21,1.0,1,2015-01-12,2015-02-11,14.570500373840332,18.756999969482422,14.622195719135359,0.4686344279487569,0.5186223915425423,-0.04998796359378538,1.571545717240709,4.134804250347063,0.258005788775469,0.017707407580778,0.16417326326877132,-0.356769961936582,0.7702434305227098,-0.17979046187986203,-0.0695097434374944,-0.5606803057215662,1.2104727644707562,-0.28254893036802614,-0.10923773960569481,-2.330413872433587,0.02516112810270176,3.146765045717632,291.41000747680664,-28.94734392326453,-0.09933544895697671,20,0.196,True,5.551115123125783e-17
AMZN,21,1.0,1,2015-02-11,2015-03-13,18.756999969482422,18.52899932861328,18.82354878834537,0.2799872291436837,0.20430960096093043,0.07567762818275325,1.209296616738451,0.2945494597320888,-0.3718425557533202,-0.019824201970374093,-0.3074866419094126,-0.7354953605532136,0.447618072652525,-0.04367549227515584,0.024066138266431763,-0.8894320511438283,0.5413030208496846,-0.0528166250427323,0.0291030995835557,0.5370380988952118,0.005866502357830065,3.197404564894107,375.13999938964844,33.98685101043791,0.09059777967088128,20,0.1696,True,5.551115123125783e-17
AMZN,21,1.0,1,2015-03-13,2015-04-14,18.52899932861328,19.25550079345703,18.594739213564914,0.27439152749584206,0.13595171501530062,0.13843981248054144,1.1707349332751351,0.6607615798921174,-0.5512279103990938,-0.029749470040071935,-0.4708392093990326,-0.9259675879646883,0.16092511409748342,0.2729019180186643,0.02130134644950785,-1.0840626023107771,0.18840065271521075,0.3194958087822374,0.02493823041423511,-0.050289717179152045,0.009035160163076088,2.8709121827180635,370.5799865722656,52.251878857191315,0.14100027187248507,20,0.16,True,0.0
AMZN,21,1.0,1,2015-04-14,2015-05-13,19.25550079345703,21.3435001373291,19.32381826621408,0.3981792496759436,0.5067566925470317,-0.10857744287108811,1.7649965057663901,2.019681871115022,0.9592120303096695,0.04981496148028553,0.5434639826061095,-0.2653162584703085,0.9773801775539825,-0.2616913786526483,0.09309144217508362,-0.4682822691231069,1.7250725981881132,-0.4618843689111135,0.16430607015577656,0.6638370125985695,0.04068965236246804,3.4081088625859093,385.1100158691406,-99.32931189355286,-0.2579245093622927,20,0.1367,True,0.0
AMZN,21,1.0,1,2015-05-13,2015-06-12,21.3435001373291,21.496000289916992,21.419225718544187,0.2414744371329395,0.15609578264109103,0.08537865449184848,1.1868567929573397,0.07677457137280541,-0.7084590456947483,-0.03319319891940666,-0.5969204118800651,-0.7937423669007073,0.31523982330071815,-0.03255412171851924,-0.0858637465615565,-0.9420585200141416,0.3741445256951288,-0.03863708050038463,-0.10190797087535075,0.3990750598096106,0.00254811608017546,3.1956665250470113,426.87000274658203,67.65023804442781,0.15847971890540508,20,0.1376,True,1.1102230246251565e-16
AMZN,21,1.0,1,2015-06-12,2015-07-14,21.496000289916992,23.278499603271484,21.572266933404705,0.22644572141237768,0.22694058835746878,-0.0004948669450910992,1.1209697615039815,1.706232669866779,0.029368549524571384,0.0013662332121546874,0.026199234388952847,-0.9686701861891286,0.5684760117520548,0.4481694201505517,-0.021776011324525113,-1.0858499875884449,0.6372444193144354,0.5023843680195417,-0.024410250220960918,-0.5692438891176499,0.013349530279423923,3.111603444093154,429.92000579833984,-6.048458396550292,-0.014068799578932385,20,0.1378,True,6.591949208711867e-17
AMZN,21,1.0,1,2015-07-14,2015-08-12,23.278499603271484,26.295499801635742,23.361090457673562,0.3949391664579295,0.3664778470469318,0.028461319410997665,2.116408374523616,2.93440934396218,0.3906095810521915,0.016779843534129514,0.18456248130284125,-0.26336578019426854,0.4211251530525471,-0.1776149129847052,0.20441802142926785,-0.5573895427660958,0.8912728006429502,-0.3759056892811134,0.43263201245645044,-0.48234733793347373,0.054955949547101084,3.7511206346609796,465.5699920654297,-42.81207873988013,-0.091956267520488,20,0.13369999999999999,True,0.0
AMZN,21,1.0,1,2015-08-12,2015-09-11,26.295499801635742,26.472000122070312,26.388794809155968,0.28924620220368563,0.4557070089845408,-0.16646080678085518,1.751347742244777,0.08320531291434463,-0.06540265087519137,-0.0024872183973899185,-0.03734418316682329,-0.9052594328932915,0.9433221375037288,0.3996540402773866,-0.4750609280546473,-1.5854240639434531,1.6520850957266726,0.6999332011188042,-0.8319968837772149,1.6315473102801636,-0.028807531824922857,3.8830800186505967,525.9099960327148,2.65718506886854,0.005052547182813476,20,0.1361,True,1.1102230246251565e-16
AMZN,21,1.0,1,2015-09-11,2015-10-12,26.472000122070312,27.50950050354004,26.565921343157363,0.379203774251907,0.2838325775426483,0.0953711967092587,2.3109579880486315,0.9435791603826758,-0.8631966368622805,-0.03260791148692289,-0.3735232926459049,-0.8999979457730602,0.3947532556066751,0.17029883031694093,-0.03857743279646072,-2.0798574420116127,0.9122581893524491,0.3935534422762731,-0.08915082647939016,0.5049913305960797,-0.000809139792404325,4.425860615316678,529.4400024414062,81.89380307091137,0.15468004437381866,20,0.23199999999999998,True,2.220446049250313e-16
AMZN,21,1.0,1,2015-10-12,2015-11-10,27.50950050354004,32.98400115966797,27.607102719725933,0.49849707769666485,0.30175347976226435,0.1967435979344005,3.15587767071949,5.376898439942035,-0.9280200038728909,-0.033734527595419964,-0.2940608289361599,-0.25861979780884964,0.1872893692205412,-0.3772775193588997,0.15454711901104826,-0.8161724451109379,0.5910623382862441,-1.1906416990091917,0.48773180196099475,-3.2058024379749686,0.056761664879532374,4.905977072598931,550.1900100708008,87.89602331469015,0.15975576020251497,20,0.1617,True,0.0
AMZN,21,1.0,1,2015-11-10,2015-12-10,32.98400115966797,33.11600112915039,33.10102660734731,0.29876813563023213,0.2420787026123147,0.05668943301791743,2.2690938800559497,0.014974521803083007,-1.1723726393557217,-0.035543675665075776,-0.5166699578453819,-0.8387322751352128,0.4173460740335712,0.02565850323466103,-0.12094225997840126,-1.9031622725147144,0.9469974224549538,0.05822155266116513,-0.2744293419571259,1.066408555964239,0.015338162932906416,4.742517355079454,659.6800231933594,112.49474658049272,0.17052926058899207,20,0.15289999999999998,True,2.220446049250313e-16
AMZN,21,1.0,1,2015-12-10,2016-01-12,33.11600112915039,30.894500732421875,33.23349490556424,0.3117788004861554,0.34089778618490973,-0.02911898569875432,2.3773183650937972,2.3389941731423676,0.6630095115239423,0.02002082041663924,0.278889660408518,-0.6588323365458693,0.685051632540201,0.2975173817252161,-0.044847017311029906,-1.5662542131881523,1.6285858270753073,0.7072935355099779,-0.10661563787319084,0.7218492173191697,-0.020515513843797708,4.655524388114227,662.3200225830078,-70.95647554050846,-0.10713321826476349,20,0.1934,True,2.220446049250313e-16
AMZN,21,1.0,1,2016-01-12,2016-02-11,30.894500732421875,25.19099998474121,31.004112745880754,0.473925622537116,0.6144771702749567,-0.14055154773784073,3.369785187259153,5.813112761139543,0.8620627006317385,0.027903435245582617,0.25582126240305114,-0.3428237655037039,0.7190366011344969,-0.1231066989187253,0.0027151256909836025,-1.1552424468347868,2.4229988876001953,-0.4148431304686929,0.009149390335023315,-1.5181545200602042,-0.06311035318844643,5.552529654347696,617.8900146484375,-91.75879971752154,-0.14850345132981277,20,0.22469999999999998,True,3.3306690738754696e-16
AMZN,21,1.0,1,2016-02-11,2016-03-14,25.19099998474121,28.668500900268555,25.2803762867985,0.459962149331494,0.2973023820278204,0.1626597673036736,2.6668463907946833,3.3881246134700547,-0.6263390345477129,-0.024863603466599236,-0.23486130911389783,-0.22956898757344973,0.20819046945916345,-0.25704509036590284,0.04356229936629137,-0.6122252259486439,0.5552120020750207,-0.6854997715138013,0.11617396083971167,-1.410456193733442,0.06283893651035811,4.341102301262565,503.8199996948242,58.29280115350872,0.11570164183402418,20,0.2814,True,1.1102230246251565e-16
AMZN,21,1.0,1,2016-03-14,2016-04-13,28.668500900268555,30.740999221801758,28.77021518701954,0.298453028004804,0.23170168470873792,0.06675134329606608,1.9701355491395187,1.9707840347822163,-0.35379530468008824,-0.012340907043269013,-0.17957916897373521,-0.8765004966293585,0.33975320764885397,0.31995359576845506,0.03721452423831422,-1.726824787247942,0.6693598723231878,0.6303519530984488,0.07331765714621712,-0.3730738289030622,0.01863003858027621,4.088226900037485,573.3700180053711,31.29130356797134,0.05457436312562513,20,0.16920000000000002,True,5.551115123125783e-17
AMZN,21,1.0,1,2016-04-13,2016-05-12,30.740999221801758,35.89649963378906,30.85006662022401,0.4603631002644103,0.40690048220185615,0.053462618062554146,3.257230020275291,5.0464330135650535,-0.16539433453873462,-0.005380252390151185,-0.05077760351869654,-0.35517602066940857,0.507374526347838,-0.29430265176623766,0.0913265425691118,-1.156889997006315,1.6526355387431346,-0.9586114323796142,0.29747155610406023,-2.0006330774866576,0.046035749658160555,5.311698964036265,614.8199844360352,11.227734489837196,0.01826182423158581,20,0.1384,True,3.608224830031759e-16
AMZN,21,1.0,1,2016-05-12,2016-06-13,35.89649963378906,35.762001037597656,36.02385846813515,0.28628570561374983,0.1389798994483435,0.14730580616540634,2.36634261938559,0.2618574305374963,-1.6036277570340316,-0.04467365267906375,-0.6776819822695017,-0.7005674967537787,0.19436896324789402,-0.11767880880667016,-0.05380463995694684,-1.6577827253247426,0.45994356161928296,-0.27846838067775187,-0.12732021265082016,0.5115519511848425,-0.010694519370780427,4.5475301477359436,717.9299926757812,155.81524555566722,0.21703403833977128,20,0.1441,True,0.0
AMZN,21,1.0,1,2016-06-13,2016-07-13,35.762001037597656,37.131500244140625,35.88888267821714,0.26113118856926026,0.20169728387708705,0.05943390469217322,2.1504392470333893,1.2426175659234815,-0.48567689662788543,-0.013580808750530454,-0.22585008960280775,-0.8809593942976859,0.32256958040459016,0.36322040382620974,-0.03068067953592177,-1.8944496565405062,0.6936662856011232,0.7810834117111981,-0.06597693739970033,0.40874581980445396,0.013398964677568317,4.343872908463645,715.2400207519531,44.2238167543249,0.061830735796678554,20,0.2097,True,5.551115123125783e-17
AMZN,21,1.0,1,2016-07-13,2016-08-11,37.131500244140625,38.5620002746582,37.26324079368891,0.4035241462934545,0.11900910802930124,0.28451503826415325,3.4491809047384026,1.298759480969295,-2.3751203524428024,-0.06396510609122501,-0.6886041695232392,-0.4504617798307569,0.08077344194056658,-0.37040419733203384,0.051488365698985114,-1.5537241693067212,0.2786022135513983,-1.2775910844726062,0.1775926877851272,-0.2562056021358592,0.031506673462165215,5.507934140757194,742.6300048828125,232.00410110352306,0.3124087359493823,20,0.1304,True,4.440892098500626e-16
AMZN,21,1.0,1,2016-08-11,2016-09-12,38.5620002746582,38.574501037597656,38.69881616075121,0.18744226223377458,0.15851154242888207,0.028930719804892507,1.6646522791368568,0.12431512315355064,-0.08608259429543355,-0.0022323166247162876,-0.051712057451462755,-0.7602171683061046,0.6980723739956101,0.017079039708137497,-0.006646302849105599,-1.2654972418597246,1.1620477683742685,0.02843066237561996,-0.01106378318559742,1.4676734133006413,-0.013418851612768581,4.2276626664941315,771.2400054931641,4.380596763049224,0.0056799397487790875,20,0.1168,True,1.3877787807814457e-17
AMZN,21,1.0,1,2016-09-12,2016-10-11,38.574501037597656,41.54999923706055,38.71136127571976,0.11644898000205758,0.16247178093871834,-0.04602280093666075,1.0345821860636264,2.838637961340787,0.8947816501124556,0.023196195052279045,0.8648724694525398,-0.7215266653594923,0.5127382580578772,1.0644822819882247,0.00917859476593036,-0.7464786347508221,0.5304698678999744,1.1012944063253751,0.009496010637928392,-0.9799579206808283,0.0706837955161238,3.0820167951747144,771.4900207519531,-92.56018180642027,-0.11997586399912737,20,0.1516,True,2.220446049250313e-16
AMZN,21,1.0,1,2016-10-11,2016-11-09,41.54999923706055,38.59400177001953,41.697416381458986,0.3255095918165172,0.2946472271337598,0.03086236468275738,3.114042200625211,3.1034146114394545,-0.37857895793825896,-0.009111407097225292,-0.12157155669317875,-0.40153923607668734,0.3352243634722268,-0.13527538064871159,0.08001869655999337,-1.2504101263496137,1.0439028145302387,-0.42125324404572695,0.24918159792684277,-0.30293909771528205,-0.06501227103722045,5.209343186547677,830.9999847412109,32.64855260727822,0.03928827100694303,20,0.1536,True,1.6653345369377348e-16
AMZN,21,1.0,1,2016-11-09,2016-12-09,38.59400177001953,38.43299865722656,38.73093119568291,0.2512125052238218,0.2641579349413352,-0.01294542971751339,2.2326227685776567,0.2979325384563509,-0.5969950034970113,-0.015468595536023607,-0.26739627128202254,-0.7271289108193735,0.5398060639223229,0.055421490217190436,-0.13549491460216245,-1.6234045619864057,1.205183308929264,0.12373528092740323,-0.3025090313672731,1.3777128263052296,-0.04001759968093518,4.808101176378748,771.8800354003906,54.89139917332238,0.07111389938314577,20,0.1438,True,2.220446049250313e-16
AMZN,21,1.0,1,2016-12-09,2017-01-11,38.43299865722656,39.95100021362305,38.56935685257555,0.23751128181418965,0.18824203362468256,0.04926924818950709,2.1020976781199443,1.3816433610474945,-0.2701504975634728,-0.007029128795618355,-0.12851472144961773,-0.7533333317255316,0.45003369523906794,0.14940711807832902,0.02537779695851691,-1.5835802474706018,0.9460147858377833,0.3140683560070478,0.05334660806229778,0.4479566125258452,0.0023472069831318295,4.674202251934968,768.6599731445312,22.340847504412313,0.02906466875466086,20,0.1175,True,5.551115123125783e-17
AMZN,21,1.0,1,2017-01-11,2017-02-10,39.95100021362305,41.37300109863281,40.092744196186125,0.30780757521895563,0.18059524378119846,0.12721233143775718,2.831480301996694,1.2802569024466877,-1.4124812844642092,-0.03535534221700316,-0.49884905908339194,-0.5698006994970634,0.216326895953521,-0.15571741215604074,0.010342156616191063,-1.6133794566898723,0.612525344684483,-0.44091078519772986,0.029283612738909778,0.08807844101359669,0.05066367407220044,5.105619894335536,799.0200042724609,136.14250855208536,0.17038685868202819,20,0.11259999999999999,True,2.220446049250313e-16
AMZN,21,1.0,1,2017-02-10,2017-03-14,41.37300109863281,42.62649917602539,41.519790263233176,0.16999553330201603,0.08869901549072058,0.08129651781129545,1.619796280053084,1.1067089127922145,-0.5871729155978054,-0.014192176056989221,-0.36249800226641,-0.5869624053672957,0.14143472392314593,-0.012575405282778332,0.0956050844605181,-0.9507595207449561,0.2290954396810467,-0.020369594697204244,0.15486076016330813,-0.14599122982847434,0.07190568149153856,3.637073845883328,827.4600219726562,55.080217713897206,0.0665654125290386,20,0.1085,True,0.0
AMZN,21,1.0,1,2017-03-14,2017-04-12,42.62649917602539,44.811500549316406,42.77773568383806,0.07159836878033764,0.14636097706486856,-0.07476260828453092,0.7029501088851324,2.0337648654783465,1.0386478507880603,0.02436624801157097,1.4775555728063534,-1.2775853810439488,0.8377886966073347,1.9913566572172186,-0.07400439997425082,-0.8980787827148972,0.5889236555028591,1.3998243790199771,-0.0520214010198785,-0.34188669190899806,0.04971978610384435,2.851807960452029,852.5299835205078,-106.71659303925807,-0.1251763516851029,20,0.12300000000000001,True,2.220446049250313e-16
AMZN,21,1.0,1,2017-04-12,2017-05-12,44.811500549316406,48.067501068115234,44.970489323527914,0.2854232837748839,0.1558941378609948,0.12952914591388912,2.945136912091931,3.09701174458732,-1.185160837736169,-0.02644769363239385,-0.4024128158083996,-0.38424584698545644,0.17115698680735894,-0.23647424304665293,0.04715028741635064,-1.1316566272748958,0.5040807596087845,-0.6964490219556962,0.13886405188563797,-1.4082687210259288,0.07123305079437033,4.957431205062261,896.2300109863281,113.55865256855465,0.1267070408003632,20,0.1577,True,4.440892098500626e-16
AMZN,21,1.0,1,2017-05-12,2017-06-13,48.067501068115234,49.03950119018555,48.23804195562288,0.19689625934032645,0.18754534024112313,0.009350919099203325,2.179616016631644,0.8014592345626639,-0.05973540001063013,-0.001242739869625854,-0.027406386975878716,-0.653194121978556,0.5106438204156363,-0.07704995889272856,0.1921938734797695,-1.4237123702341044,1.1130074497718936,-0.16793932448340093,0.4189088449349813,1.2531329782121938,0.06528840384615595,4.814616481765675,961.3500213623047,1.1589235192973373,0.0012055167145625652,20,0.10400000000000001,True,2.498001805406602e-16
AMZN,21,1.0,1,2017-06-13,2017-07-13,49.03950119018555,50.03150177001953,49.2134906814232,0.18642147519373273,0.19324287000077753,-0.0068213948070448005,2.1054213328958875,0.8180110885963288,-0.1422922238032276,-0.002901583832416816,-0.06758372852977257,-1.0079495423810887,0.5972685671962733,0.3727479656871628,-0.02965071903211985,-2.122158469011792,1.2575019828431948,0.7847915187512968,-0.062427256385927235,1.1378780949886402,0.007239925507690846,5.255216949567507,980.7900238037109,8.974005430755252,0.00914977233960044,20,0.1042,True,1.6653345369377348e-16
AMZN,21,1.0,1,2017-07-13,2017-08-11,50.03150177001953,48.39950180053711,50.20901082552688,0.2716520322474788,0.20079146812002938,0.07086056412744943,3.129642041382742,1.8095090249897723,-0.9589105761525,-0.019166136178768667,-0.30639624707010676,-0.5975938324171026,0.39283780314595346,-0.07182908575966557,-0.029811132039292115,-1.8702547816035973,1.2294417041700136,-0.2247993265875358,-0.09329817213138064,0.3674897210282312,-0.006267280787760967,5.768148048237405,1000.6300354003906,90.12290956701258,0.0900661646948774,20,0.099,True,1.1102230246251565e-16
AMZN,21,1.0,1,2017-08-11,2017-09-12,48.39950180053711,49.12900161743164,48.57122060864188,0.23237368970484482,0.16116522982409587,0.07120845988074895,2.5899767367434845,0.5577810087897603,-1.0589450462558587,-0.021879255092747817,-0.40886276360432744,-0.7317990840248625,0.4168431129440878,-0.11547158427776506,0.02156479175421213,-1.8953426035945844,1.0796139653969243,-0.2990687170343262,0.055852308976127134,0.9835456256481818,-0.010294943950316635,5.780059015733175,967.9900360107422,100.1144456098527,0.10342507865312539,20,0.1551,True,4.440892098500626e-16
AMZN,21,1.0,1,2017-09-12,2017-10-11,49.12900161743164,49.75,49.30330865133234,0.17391920928947685,0.14443629424412424,0.02948291504535261,1.9678378898289561,0.44669134866766314,-0.8412718704838871,-0.017123732271925353,-0.42751075931209465,-1.1019556430917408,0.3539106908867103,0.47094052772296296,-0.1504063348300272,-2.1684700673867616,0.696438867142412,0.9267346143092905,-0.29597528454882815,0.7203037641418198,-0.04042909346441378,4.426473222026671,982.5800323486328,79.70071382636203,0.0811137120666453,20,0.1058,True,2.220446049250313e-16
AMZN,21,1.0,1,2017-10-11,2017-11-09,49.75,56.45650100708008,49.92651030249071,0.29561312570836173,0.44793895795672045,-0.15232583224835872,3.386370531290937,6.529990704589366,4.078812879406313,0.08198618853078017,1.2044792032404696,-0.3417258860953345,1.7819781783672692,-0.1206783056967213,-0.11509478333474424,-1.1572104704525241,6.034438390626425,-0.4086614581774962,-0.38975358259009313,0.872721347975107,0.06247135813277592,5.847928367812327,995.0,-413.7292163084436,-0.4158082575964257,20,0.09849999999999999,True,1.7763568394002505e-15
AMZN,21,1.0,1,2017-11-09,2017-12-11,56.45650100708008,58.44599914550781,56.65680561150876,0.23020638322239587,0.19787998387270694,0.03232639934968892,2.992959566916508,1.789193533999054,-0.5031747657183306,-0.008912609827789872,-0.16811946652414209,-0.6749310956370839,0.44002007588484243,-0.08791501251165873,0.15470656573975816,-2.0200414796964505,1.316962295754867,-0.2631260777723535,0.46303049599560686,0.6387539191301019,0.061837348069021386,6.347003192373876,1129.1300201416016,43.970473379459186,0.03894190447079332,20,0.105,True,5.551115123125783e-16
AMZN,21,1.0,1,2017-12-11,2018-01-11,58.44599914550781,63.83399963378906,58.65336238145847,0.15885754935695237,0.14876615711431262,0.010091392242639746,2.138326563743947,5.180637252330591,0.2106463434414206,0.0036041191274186813,0.09850990349790388,-0.8015224103451475,0.3298422022278657,0.5457752539820394,0.024414857633146127,-1.7139166614771049,0.705310342867648,1.1670457234238942,0.05220693862698303,-2.890571615993532,0.058907270848308366,4.7874316837803885,1168.9199829101562,-25.852066027922447,-0.022116198205082316,20,0.0934,True,2.7755575615628914e-16
AMZN,21,1.0,1,2018-01-11,2018-02-12,63.83399963378906,69.3115005493164,64.0604792033278,0.28577595488578095,0.37147696470374475,-0.0857010098179638,4.200529521454317,5.251021345988605,0.9353156755654417,0.014652311948668086,0.22266613549274966,-0.5869063914234147,0.41656163811397373,0.28823648035513133,0.10477440844705928,-2.465317623504276,1.7497794584031163,1.2107458448918162,0.440107995774785,-0.24301996288659078,0.1278438139177445,6.7898677106858,1276.6799926757812,-100.32143526722997,-0.07857993846756167,20,0.09880000000000001,True,1.1102230246251565e-16
AMZN,21,1.0,1,2018-02-12,2018-03-14,69.3115005493164,79.55000305175781,69.55741399510626,0.3714344045233849,0.18539919363367222,0.18603521088971267,5.926917243680975,9.992589056651553,-1.6360571571646505,-0.023604411161183357,-0.27603846821194344,-0.2697824365562411,0.09782785819355165,-0.1890048430246655,0.08492095317541155,-1.5989781752674543,0.5798176196397384,-1.1202160632621059,0.5033194617251714,-5.8734136183397325,0.17168464820450433,8.236050489388637,1386.2300109863281,155.3696652270764,0.11208072541765852,20,0.2561,True,2.220446049250313e-16
AMZN,21,1.0,1,2018-03-14,2018-04-13,79.55000305175781,71.53949737548828,79.83224214928148,0.2451647245072321,0.408026126046787,-0.16286140153955492,4.491144114001453,8.292744773793203,3.1909101193315825,0.0401120049895595,0.7104893626957325,-0.43529922497400875,0.7348654990351825,0.715102619386077,-0.3041795307515184,-1.9549915520714136,3.3003868605746005,3.211628919962801,-1.3661141091344058,-0.4424221344961785,-0.1682684059639891,7.469968448610874,1591.0000610351562,-326.5609803817691,-0.20525516521306603,20,0.1723,True,8.881784197001252e-16
AMZN,21,1.0,1,2018-04-13,2018-05-14,71.53949737548828,80.0770034790039,71.79331563321252,0.3990445631174793,0.30241752682495504,0.09662703629252428,6.571683674426008,8.283687845791391,-0.620918701619063,-0.00867938305968319,-0.09448396063787963,-0.2956659399651529,0.2999428788003627,-0.2144699614764303,0.11570906200334091,-1.9430230307528153,1.9711297198726823,-1.4094287444894318,0.7604033537505022,-2.4955619120561776,0.1626390390717311,9.278826066042683,1430.7899475097656,52.813044095863624,0.036911808185249466,20,0.1741,True,3.3306690738754696e-16
AMZN,21,1.0,1,2018-05-14,2018-06-13,80.0770034790039,85.24299621582031,80.36111234546881,0.23732810959073458,0.12621009072914827,0.11111801886158632,4.376445278834499,4.881883870351501,-1.580907758271579,-0.019742344113639204,-0.3612310122823229,-0.4720679520957807,0.1640855721405472,-0.07957714216174544,0.026328509834656014,-2.0659795602386497,0.7181115275193554,-0.3482650081169126,0.11522528256462798,-2.1700194318556423,0.08367308206706096,7.039228159478032,1601.5400695800781,151.05154766767987,0.09431643362334693,20,0.1293,True,0.0
AMZN,21,1.0,1,2018-06-13,2018-07-13,85.24299621582031,90.65149688720703,85.54543374440864,0.17588294516445327,0.215350700416865,-0.039467755252411724,3.452909752159639,5.106063142798391,0.6183070093568961,0.007253464059281202,0.17906839556700635,-1.15715318944709,0.6506991537756789,0.698013466996484,-0.012491035758066928,-3.9955455325844866,2.246805453794066,2.41017750733092,-0.043130419183604066,-1.0665180674773378,0.03167168619548175,7.472938771263805,1704.8599243164062,-69.3036397069534,-0.04065063570236829,20,0.1294,True,7.771561172376096e-16
AMZN,21,1.0,1,2018-07-13,2018-08-13,90.65149688720703,94.80999755859375,90.97312348292154,0.30781444871684405,0.20583091063315714,0.1019835380836869,6.424961938046986,3.8368740756722133,-2.422825643998887,-0.026726813424972826,-0.3770957193771891,-0.566053421465939,0.3149976947120491,-0.16405296976496925,0.03801297714166999,-3.6368716878199265,2.0238481990974595,-1.0540340865635003,0.2442319312870798,0.11285835689085194,0.05240386148503348,10.454776733965906,1813.0299377441406,231.8277876659228,0.12786760044038442,20,0.12179999999999999,True,0.0
AMZN,21,1.0,1,2018-08-13,2018-09-12,94.80999755859375,99.5,95.14637828921106,0.2280663648689785,0.20886156232310538,0.019204802545873118,4.979507423494603,4.353621710788943,-0.39962964173705295,-0.004215058032145575,-0.08025485409490446,-0.6781481927924353,0.5022088197962777,0.08064040736931073,0.015044111531942342,-3.376843960239381,2.500752546320028,0.4015495071291117,0.07491226505318765,0.11910792552250862,0.10714814544609869,8.692191820430281,1896.199951171875,31.270772353275014,0.016491284230837202,20,0.1478,True,4.440892098500626e-16
AMZN,21,1.0,1,2018-09-12,2018-10-11,99.5,85.96800231933594,99.85302060498142,0.3002850880773061,0.3162818887753454,-0.015996800698039326,6.879713094128822,13.885018285645486,-0.636052384724149,-0.006392486278634664,-0.09245332996036695,-0.6265089067493439,0.414614629316741,0.2484219901749084,-0.12898104270267244,-4.310201529351795,2.8524296943277507,1.7090720186758588,-0.8873525683759642,-7.523699209299031,-0.1176583669417831,10.563816665277923,1990.0,53.041421807136985,0.026653980807606524,20,0.13140000000000002,True,2.220446049250313e-16
AMZN,21,1.0,1,2018-10-11,2018-11-09,85.96800231933594,85.62149810791016,86.27301213026877,0.4948188868061866,0.6288088008059476,-0.133989913999761,9.789566200539548,0.6515140223586116,4.35478300199218,0.050655858976645096,0.44483922094036893,-0.5457926510977628,1.1194076990693278,-0.11521668678222005,-0.013559140248976172,-5.343073289689533,10.958515775432836,-1.1279213826613732,-0.13273810108975254,13.533166272411133,-0.040331092238018965,15.611255186812238,1719.3600463867188,-451.0895553860302,-0.26235898428255733,20,0.2498,True,2.6645352591003757e-15
AMZN,21,1.0,1,2018-11-09,2018-12-12,85.62149810791016,83.177001953125,85.92527854068875,0.3772977743262613,0.4958089453099698,-0.11851117098370845,7.437070219330641,2.748276587563751,3.7062459274742405,0.04328639429788064,0.4983475774964263,-0.5939522321097876,0.9713897378093533,0.19214446905973873,-0.0712343972628781,-4.417264457128662,7.224293690425341,1.4289919086532807,-0.5297752144757188,8.543084366489243,-0.148044807248114,12.24772714948801,1712.4299621582031,-382.8723198969121,-0.22358422146174778,20,0.1736,True,0.0
AMZN,21,1.0,1,2018-12-12,2019-01-14,83.177001953125,80.8604965209961,83.47210944609016,0.4186514303123227,0.5372052270927059,-0.11855379678038319,8.015692433527102,2.6116129250940645,-0.9645307199795986,-0.011596122694145275,-0.12033030558224417,-0.6660767867844231,0.5041459742301786,0.15686909334754282,-0.11526858637554256,-5.339066659975945,4.0410790710299915,1.2574144046001556,-0.9239575356338017,4.5945252658074525,-0.154976477354013,11.43523676092226,1663.5400390625,85.0178352370376,0.051106575880764504,20,0.2146,True,7.771561172376096e-16
AMZN,21,1.0,1,2019-01-14,2019-02-13,80.8604965209961,82.0,81.14738517829197,0.4509198978600959,0.37814733830161573,0.07277255955848017,8.392255854772007,0.8526148217080305,-2.1890481522251917,-0.027071910839142416,-0.2608414459838536,-0.6060958052721279,0.5682834309714209,-0.24804371714236634,0.025014645459219744,-5.086511070347769,4.76917995073983,-2.0816463374274354,0.20992930481018288,5.321771610806455,0.0288212700323284,13.620764917247978,1617.2099304199219,205.2840503052712,0.12693716903653163,20,0.1907,False,0.0
AMZN,21,1.0,1,2019-02-13,2019-03-15,82.0,85.61799621582031,82.29093155385404,0.27368137242533264,0.19515207823921676,0.07852929418611587,5.167679759565199,3.3270646619662756,-1.5827121614815953,-0.019301367822946284,-0.30627133164589954,-0.6330626391687186,0.4088077200713346,-0.11141686312513133,0.02940045057661596,-3.2714649869691144,2.1125873805666315,-0.5757666684459873,0.1519321133668753,0.22478654799374476,0.033116388123583446,8.994852502322678,1640.0,149.27636364583685,0.09102217295477857,20,0.1565,False,6.661338147750939e-16
AMZN,21,1.0,1,2019-03-15,2019-04-15,85.61799621582031,92.24349975585938,85.92176422407564,0.2234926951442535,0.17999077342781553,0.04350192171643796,4.406588680807739,6.32173553178373,0.18520099239219148,0.002163108231654345,0.04202820045329115,-0.5694125693495106,0.25201187181798257,0.2834972960834894,0.07593160190132989,-2.5091669828052052,1.110512661782293,1.2492559759611046,0.33459933745399967,-1.9038843930018785,0.17393853441807916,7.325876991040163,1712.3599243164062,-25.84597623025931,-0.015093775475139855,20,0.1288,False,4.718447854656915e-16
AMZN,21,1.0,1,2019-04-15,2019-05-15,92.24349975585938,93.55750274658203,92.57077469143141,0.30379376216220116,0.2369200558404102,0.06687370632179096,6.452453881712864,0.9867280551506212,-1.0181003547327019,-0.011037095919249652,-0.15778498744766506,-0.6237126936675893,0.560365903575318,-0.18987041981524644,0.0954322224598528,-4.024477391329023,3.615735149704097,-1.225130127359338,0.6157720142515628,4.329394793171157,0.11823067865838381,10.662023223775554,1844.8699951171875,91.14801224949464,0.049406197992669314,20,0.1232,False,1.1102230246251565e-15
AMZN,21,1.0,1,2019-05-15,2019-06-14,93.55750274658203,93.4834976196289,93.88943969351821,0.25113403923986455,0.28441126879577633,-0.03327722955591178,5.410514244907965,0.4059420738893067,-1.1207846572787215,-0.01197963417551424,-0.20714937740595238,-0.7109493112299288,0.546290264002255,0.16780632882722013,-0.21029665900549888,-3.846601375817036,2.9557112552387337,0.9079185325053847,-1.1378130692058046,4.008795205769418,-0.1250076920294802,9.14344774833985,1871.1500549316406,102.93501797953229,0.05501163186150394,20,0.16440000000000002,False,6.661338147750939e-16
AMZN,21,1.0,1,2019-06-14,2019-07-16,93.4834976196289,100.49500274658203,93.8151720003873,0.26558266924269536,0.14224440770522917,0.12333826153746619,5.7171260825625385,6.679830746194725,-1.7440845938321818,-0.018656603980828943,-0.3050631678653562,-0.4998966829031211,0.14734550797850224,0.0015684112917769802,0.04591959576748572,-2.8579723644119284,0.8423928468123217,0.008966805104403777,0.26252811866302095,-2.8498713549085255,0.14308209744415812,8.618004186029127,1869.6699523925781,165.79045519718903,0.08867364797997122,20,0.1528,False,2.220446049250313e-16
AMZN,21,1.0,1,2019-07-16,2019-08-14,100.49500274658203,88.14800262451172,100.851553567358,0.2745054474706569,0.2541173117404048,0.02038813573025211,6.352303708360391,12.703550942846277,-1.2625288723052566,-0.012563101027908544,-0.19875133971375103,-0.2580355589220013,0.14497592439307264,-0.04806546806641287,-0.037626237118409574,-1.639120237829075,0.9209311021450909,-0.3053264510423524,-0.23901328557892054,-7.394378167220592,-0.21939793957055154,9.01098131195592,2009.9000549316406,117.24190591856974,0.058332206932825474,20,0.1286,False,4.440892098500626e-16
AMZN,21,1.0,1,2019-08-14,2019-09-13,88.14800262451172,91.96700286865234,88.46074695832488,0.3389561084704914,0.17943757042455374,0.15951853804593766,6.879108426828336,3.506255910327468,-3.158885233025206,-0.03583615214154382,-0.4591998027979381,-0.4755429849217658,0.22067875403245898,-0.2640612619856627,0.05972569007703163,-3.2713117548944193,1.5180730764866661,-1.8165060525244972,0.4108594979070458,0.1162766683647333,0.0976906151109289,10.45368373879986,1762.9600524902344,305.43483956372074,0.17325114039440928,20,0.221,False,1.3322676295501878e-15
AMZN,21,1.0,1,2019-09-13,2019-10-14,91.96700286865234,86.82150268554688,92.29329680826058,0.22345877179755771,0.17476929011802428,0.048689481679533436,4.7326412630823596,5.471794122713703,-0.04820618488004674,-0.0005241682709710027,-0.010185894556615971,-0.3992291057633114,0.23023977343139385,0.255138271234834,-0.09633483345953248,-1.8894081393589188,1.089642252144148,1.2074779102374744,-0.45591820790275056,-0.589225653425155,-0.1981333910862354,7.354399795339801,1839.3400573730469,-2.5337813073351265,-0.0013775491362667779,20,0.1374,False,2.220446049250313e-16
AMZN,21,1.0,1,2019-10-14,2019-11-12,86.82150268554688,88.9000015258789,87.12954066950113,0.2919171047362937,0.14499394819970415,0.14692315653658952,5.835899342732507,1.770460856377781,-3.1668393070476886,-0.03647528790785224,-0.5426480343584712,-0.487391879200953,0.16147786731428393,-0.25655921472045673,0.03982519224865481,-2.844369947482003,0.9423685797252765,-1.4972537525590814,0.23241581326812033,0.7725062806874528,0.12609289861958406,8.908870211655342,1736.4300537109375,307.7750604931135,0.1772458728385662,20,0.1457,False,8.881784197001252e-16
AMZN,21,1.0,1,2019-11-12,2019-12-12,88.9000015258789,88.0165023803711,89.21541391101977,0.18531564726148678,0.13664558217713876,0.04867006508434801,3.7941239415734844,1.1989115306486724,-1.1562991855793006,-0.013006739772020142,-0.30476052005295445,-0.7324762906607122,0.32028177862763146,0.14926848119576355,-0.0418344892156373,-2.7791058310307464,1.2151887643408352,0.566343118227158,-0.15872523711654724,1.5223399799232993,-0.08342675457778784,7.593809323826454,1778.0000305175781,108.0361092341036,0.06076271506173943,20,0.1268,False,2.220446049250313e-16
AMZN,21,1.0,1,2019-12-12,2020-01-14,88.0165023803711,93.47200012207031,88.32878015844815,0.2058881886371705,0.21050842966451977,-0.004620241027349259,4.173313967454795,5.143219963622158,0.6042236422828449,0.006864890400571009,0.14478269475884809,-0.4416627936385949,0.5141527793677313,0.19426384370344096,-0.12197113467372928,-1.8431975055970529,2.1457209755410562,0.8107240122990254,-0.5090238399601842,-0.5380452354370515,0.1723628815525332,6.893072279544517,1760.3300476074219,-67.315436507829,-0.03824023602807994,20,0.1394,False,3.3306690738754696e-16
AMZN,21,1.0,1,2020-01-14,2020-02-13,93.47200012207031,107.49349975585938,93.80363371033079,0.28142055034303654,0.303337089432475,-0.02191653908943847,6.057136603724407,13.68986604552859,1.5108849987008766,0.016164038393612284,0.24943881862790826,-0.3941491576614266,0.7304321852338338,-0.048983060030572095,-0.03786114891392686,-2.3874152901981693,4.424327525718261,-0.2966970858736082,-0.22933015094560696,-6.24769494978937,0.1258505066860639,9.319877301589727,1869.4400024414062,-160.4083771716774,-0.08580557651606423,20,0.12390000000000001,False,2.220446049250313e-16
AMZN,21,1.0,1,2020-02-13,2020-03-16,107.49349975585938,84.4574966430664,107.8748808645567,0.27032087287966566,0.6009006139741053,-0.33057974109443966,6.691154244366479,23.417384221490295,2.104936184807199,0.01958198579065671,0.3145849143411123,-0.3198853046260739,0.5511748517733205,0.41454447949893625,-0.3312491123050705,-2.1404019137592183,3.6879959488311185,2.7737810534780003,-2.216438903742701,-14.377004807184795,-0.24428898513182123,9.616663334938083,2149.8699951171875,-220.11028181565797,-0.10238306609961313,20,0.14150000000000001,False,8.881784197001252e-16
AMZN,21,1.0,1,2020-03-16,2020-04-15,84.4574966430664,115.38400268554688,84.7571472617614,0.7241738076548853,0.49724346505434797,0.2269303426005373,14.061777188464635,30.62685542378547,-4.027167456809867,-0.047682770824115824,-0.28639107296576227,-0.2274361911173766,0.16696618034088972,-0.3101783248594157,0.08425726267014028,-3.198157044085609,2.3478412259625956,-4.361658492864305,1.1848068541774515,-20.80315193500388,0.2109062428731764,16.918244278336015,2109.266578269695,385.79850140265063,0.18290646871157207,20,0.8269,False,8.881784197001252e-16
AMZN,21,1.0,1,2020-04-15,2020-05-14,115.38400268554688,119.44249725341797,115.79337887080547,0.4987217004661142,0.4100341671316366,0.0886875333344776,13.242755713450386,3.6491183826124995,-4.251882269725369,-0.036849842012440126,-0.3210723177055077,-0.6045648881120679,0.4394974280731916,-0.21561817826568128,0.059613320599050015,-8.00610512619758,5.8201570766630075,-2.8553788621516145,0.7894446419608192,5.251851186350219,0.08990387476229676,18.811817607543976,2307.6800537109375,406.376409364993,0.17609737914556509,20,0.40840000000000004,False,8.881784197001252e-16
AMZN,21,1.0,1,2020-05-14,2020-06-15,119.44249725341797,128.63400268554688,119.86627275734655,0.32227267076270416,0.2322164773611419,0.09005619340156226,8.862886693629457,8.767729928200325,-2.902029923972821,-0.024296460562237422,-0.32743619819248815,-0.5124358771071248,0.21112479609864204,-0.05135285541756171,0.025227738233556424,-4.541661116551076,1.871175146037887,-0.4551345389601851,0.22359058550055433,-2.9763152143531784,0.1694420558094905,12.685137532019874,2388.8499450683594,277.5178548652622,0.11617215867333214,20,0.3261,False,1.3322676295501878e-15
AMZN,21,1.0,1,2020-06-15,2020-07-15,128.63400268554688,150.44349670410156,129.09038915237335,0.3852724485002701,0.36714370609561015,0.018128742404659948,11.409047452160866,21.353107551728215,-1.2005361756936768,-0.009332961352593962,-0.10522667915333248,-0.3362560908216808,0.25514389050967556,-0.029906945003883714,0.005792466162556508,-3.83636169626267,2.910948753953825,-0.34120975469847464,0.06608652131364336,-11.422613869842683,0.27801759458166064,14.92193801847688,2572.6800537109375,105.1316795508908,0.040864653729189765,20,0.344,False,6.661338147750939e-16
AMZN,21,1.0,1,2020-07-15,2020-08-13,150.44349670410156,158.05099487304688,150.9772620731669,0.6043796052460695,0.38438318418807166,0.21999642105799783,20.91616770581156,7.073732799879963,-8.9919070596689,-0.05976933039089454,-0.4299022261697824,-0.4840014117535389,0.3282626508828816,-0.3148677322753299,0.0407042669762049,-10.123454698086574,6.865996657420623,-6.585826293419375,0.8513772744164289,4.705961694671278,0.14456615159142386,27.09850098057998,3137.4251558717338,872.0922049863101,0.2779643056517787,20,0.2776,False,3.552713678800501e-15
AMZN,21,1.0,1,2020-08-13,2020-09-14,158.05099487304688,155.14849853515625,158.61175123312725,0.37211229308963367,0.3644779704279935,0.007634322661640158,13.539789908171613,3.4632526979710008,-2.0865859965700118,-0.013201979514561387,-0.15410770851848324,-0.8660609392029288,0.5546887168242904,0.09943358097745433,0.0578309328827006,-11.726283164481444,7.5103686902341895,1.346309796251901,0.7830186814253395,7.820567606715139,0.16938360691546406,20.791798561171664,3161.0198974609375,187.8668010958295,0.05943233740690209,20,0.2213,False,2.220446049250313e-15
AMZN,21,1.0,1,2020-09-14,2020-10-13,155.14849853515625,172.18150329589844,155.6989569956069,0.43520735523832565,0.42321726541118404,0.011990089827141615,15.542028464518449,16.482546300291546,-0.8396318934882062,-0.005411795160221598,-0.054023314614629434,-0.7671367232273354,0.5975956085377107,0.11893452254091563,-0.0034167224659203336,-11.922860788576658,9.287847958164322,1.8484837347448217,-0.05310279782069349,-1.8198533923344211,0.03970366307311827,22.718006591418796,3102.969970703125,61.24518275740182,0.01973760085842011,20,0.2585,False,1.4432899320127035e-15
AMZN,21,1.0,1,2020-10-13,2020-11-11,172.18150329589844,156.8695068359375,172.7923939336887,0.5036270634926079,0.4486342453011039,0.05499281819150398,19.955501533341632,15.922887097751186,-2.55297868088528,-0.01482725282342273,-0.12793357644355696,-0.427643307455466,0.36180866860260325,-0.005137085538794147,-0.05696185205190004,-8.53383667765084,7.220073441075543,-0.10251311834631373,-1.1367023259636704,1.827778017088491,-0.3481422623833257,24.79170558183761,3443.6300659179688,230.5061625066904,0.06693697002707646,20,0.2607,False,0.0
AMZN,21,1.0,1,2020-11-11,2020-12-11,156.8695068359375,155.8209991455078,157.42607134052403,0.375332694438509,0.14742993759334655,0.22790275684516242,13.554764404098966,1.60507219501622,-9.879562386009415,-0.06297949541169902,-0.7288627150924019,-0.7634876483508549,0.14626356230963553,-0.0544119066311878,-0.05722672241999434,-10.348895198835397,1.9825681280113587,-0.7375405751635808,-0.7756947400217915,2.084063481808334,-0.013933658734999585,18.049996959262238,3137.39013671875,969.9062416416792,0.3091442885251303,20,0.2345,False,3.552713678800501e-15
AMZN,21,1.0,1,2020-12-11,2021-01-13,155.8209991455078,158.29449462890625,156.37384360166016,0.36631844634087446,0.23042848316050685,0.1358899631803676,13.141105339321026,1.9206510272460946,-7.026352511780109,-0.045092462186170454,-0.534685045918911,-0.8718800248555685,0.3045084068256353,0.06887054658578395,-0.036183974474761675,-11.45746724987686,4.001577050804495,0.905035107460403,-0.47549742016814633,4.07648922285862,0.11761257743620258,18.35809023684613,3116.4199829101562,684.2771609411648,0.2195715483450909,20,0.23309999999999997,False,8.881784197001252e-16
AMZN,21,1.0,1,2021-01-13,2021-02-12,158.29449462890625,163.885498046875,158.85611491291755,0.4162543732955672,0.26809765646232725,0.14815671683323994,15.16745934038503,5.029383133957452,-6.086855798755412,-0.038452732124544066,-0.4013101774104308,-0.5973123766704195,0.2528553983234668,-0.09637516202389708,0.039521962960418905,-9.059711186657335,3.8351739730680436,-1.4617663514204784,0.5994477662543569,3.860999145261065,0.19022126241110018,19.7829328765082,3165.889892578125,588.902646999033,0.18601488585551007,20,0.22210000000000002,False,1.7763568394002505e-15
AMZN,21,1.0,1,2021-02-12,2021-03-16,163.885498046875,154.59300231933594,164.46695490786183,0.30884903073860465,0.2723649596084576,0.03648407113014707,11.65446612790343,9.873952588525896,-0.9715252792863038,-0.005928073507812298,-0.08336077076583134,-0.4252205445553733,0.2879765798724431,0.1635072464865227,-0.10962405256942404,-4.955718433409249,3.3562132957528643,1.905589665843936,-1.2776098074738573,1.1251313529515197,-0.31614309286028897,15.825465827453257,3277.7099609375,81.32706210117712,0.024812159425453166,20,0.1997,False,2.220446049250313e-15
AMZN,21,1.0,1,2021-03-16,2021-04-15,154.59300231933594,168.95449829101562,155.1414899093326,0.31757997125820875,0.24216192105979917,0.07541805019840958,11.304212355427333,13.813008381683034,-2.2581595633597633,-0.014607126645326306,-0.19976266301080098,-0.4920007834074425,0.2939945253007965,-0.014134206652934493,0.012377801748779558,-5.561681334674339,3.3233765453332578,-0.15977607348026532,0.13992129946158394,-4.923942432251357,0.15698684263589488,16.313329396357336,3091.8600463867188,209.50262693961898,0.06775941465541198,20,0.1979,False,8.881784197001252e-16
AMZN,21,1.0,1,2021-04-15,2021-05-14,168.95449829101562,161.14500427246094,169.5539396900209,0.3269671883402081,0.23313447307399396,0.09383271526621415,12.719269843632064,8.408935417559974,-3.3743816113663327,-0.019972132411379365,-0.26529680184871035,-0.5237075524467426,0.3244662093003598,-0.025491600745368558,-0.040563857956958896,-6.661177678718211,4.126973271231676,-0.32423454862647494,-0.5159426552533218,1.0913137530039339,-0.1553609382981752,18.310845631497784,3379.0899658203125,319.12731550513547,0.09444179312570143,20,0.16570000000000001,False,8.881784197001252e-16
AMZN,21,1.0,1,2021-05-14,2021-06-15,161.14500427246094,169.156494140625,161.71673801012926,0.28424398158179703,0.1608043129989816,0.12343966858281544,10.547165013812677,7.439756130495738,-4.335440914477422,-0.02690397343716061,-0.4110527244809087,-0.6099222910550025,0.25839453293734005,-0.08914902801116645,0.029624061647920048,-6.432951049359795,2.7253297775571803,-0.940269509254781,0.31244986657997226,-1.3031536634220602,0.07512163226157538,16.04290017883254,3222.9000854492188,417.5011912689096,0.12954208327892264,20,0.1881,False,8.881784197001252e-16
AMZN,21,1.0,1,2021-06-15,2021-07-15,169.156494140625,181.55999755859375,169.75665220995222,0.23914347792619756,0.23286801714625466,0.0062754607799428985,9.315591198282089,11.803345348641528,1.3260320758712658,0.007839084645304214,0.1423454558757154,-0.5439900694023291,0.479600610259188,0.28476927908374666,-0.07803436406489003,-5.067589102477199,4.46776322362121,2.652794189773686,-0.7269362350464297,-1.4381477784514325,0.2764257039632587,14.164931777198843,3383.1298828125,-146.7681393643254,-0.043382354342929495,20,0.1702,False,1.7763568394002505e-15
AMZN,21,1.0,1,2021-07-15,2021-08-13,181.55999755859375,164.69850158691406,182.20416258551396,0.3404343331915537,0.3055103800716811,0.03492395311987262,14.230764145390264,17.505660998599893,0.7509672508960727,0.004136193329996701,0.05277069054224553,-0.30197855999435463,0.5338534259773708,-0.14873004006925297,-0.030374135371517588,-4.297385664244245,7.597142193292525,-2.1165421215599824,-0.4322471565922227,-2.201854666724026,-0.3220749355895303,18.70513670401145,3631.199951171875,-93.80186179361873,-0.025832194055672043,20,0.17010000000000003,False,2.3314683517128287e-15
AMZN,21,1.0,1,2021-08-13,2021-09-14,164.69850158691406,172.5,165.28284294037886,0.23418546267623808,0.16135087698556536,0.07283458569067272,8.882113609514828,7.217157059621144,-1.6271211865054938,-0.00987939277423745,-0.183190764950638,-0.46395098236190596,0.2453002024195262,0.024941999703476363,0.010518015288265544,-4.120865334584459,2.1787842663272157,0.2215376750147622,0.09342220673698842,-0.16506954517138495,0.20290490855957533,13.334228924234042,3293.9700317382812,149.37788972631532,0.045348891546377,20,0.1545,False,1.1102230246251565e-15
AMZN,21,1.0,1,2021-09-14,2021-10-13,172.5,164.21400451660156,173.1120206468271,0.24695148300871006,0.21074425074869077,0.03620723226001929,9.809756351887732,8.898016130225528,-0.35125008337722424,-0.0020362323674041984,-0.03580619852088699,-0.5398188999105022,0.3193417583668408,0.2975911094433389,-0.11292016642056443,-5.295491882266097,3.1326648425621135,2.9192962761271106,-1.1077193198003517,0.8418341968889664,-0.2813440586039877,14.184517196697918,3450.0,20.94049114102451,0.006069707577108553,20,0.1946,False,5.551115123125783e-17
AMZN,21,1.0,1,2021-10-13,2021-11-11,164.21400451660156,173.625,164.79662690073093,0.31024667222474295,0.27315932041638125,0.0370873518083617,11.73063806337042,8.828373099269072,-1.5901554529418953,-0.009683433868036117,-0.13555575104710163,-0.4696534701903751,0.4304336235831338,-0.09723887048922025,0.0009029660493600289,-5.50933487400922,5.0492610485587655,-1.1406739953999938,0.01059236790855397,1.0555830420491268,0.2565264691103269,17.66363002225624,3284.2800903320312,141.3519152719333,0.043038934373481844,20,0.1864,False,1.3322676295501878e-15
AMZN,21,1.0,1,2021-11-11,2021-12-13,173.625,169.5675048828125,174.24101208582815,0.27940630048264725,0.260106617388595,0.019299683094052278,11.17069466654043,4.673507203015646,-2.1456519571642985,-0.012357966635935485,-0.19207865054186538,-0.9026265696118825,0.5691290955446939,0.0949803278837137,0.046438495641609415,-10.08296580704114,6.357567352174091,1.060996242116862,0.5187502555858873,4.293622981070639,0.05791252528984633,18.472847115511165,3472.5,196.09234860091868,0.05647007879076132,20,0.1766,False,4.440892098500626e-16
AMZN,21,1.0,1,2021-12-13,2022-01-12,169.5675048828125,165.20700073242188,170.16912119596748,0.2854439862553942,0.22364122572464284,0.061802760530751344,11.145257664506827,4.962120463545602,-2.730722136124809,-0.016104041502598043,-0.24501202379744552,-0.6879864368841705,0.3475959054646943,0.103699804303809,-0.008321296681778256,-7.667786108760044,3.874045929531575,1.1557610387248853,-0.09274299562122434,3.58416244779839,-0.1317473829619737,17.3081073799946,3391.35009765625,255.76410623248628,0.07541660367334058,20,0.20309999999999997,False,8.881784197001252e-16
AMZN,21,1.0,1,2022-01-12,2022-02-11,165.20700073242188,153.2935028076172,165.79314621328345,0.31819652698233325,0.643734825953328,-0.32553829897099473,12.103769978609963,12.499643405666262,3.1988330269065144,0.01936257551268978,0.26428402328857536,-0.45013041507982643,0.7419901050865515,0.36232122518816373,-0.38989689190631344,-5.448275004502444,8.980877558372253,4.385452768045676,-4.71922229500897,3.1994494514734786,-0.39648985162326583,17.029281349119074,3304.1400146484375,-336.9125840397705,-0.10196679999821925,20,0.17620000000000002,False,4.440892098500626e-16
AMZN,21,1.0,1,2022-02-11,2022-03-15,153.2935028076172,147.3665008544922,153.8373798438068,0.3748174721447241,0.4249044941005047,-0.050087021955780575,13.227604578639227,6.470878989314599,0.6873012932369388,0.004483564408463544,0.051959618928043586,-0.5228358606253156,0.5288063003362528,0.12612410805327248,-0.08013492883616602,-6.915866023884205,6.994840639541087,1.6683198291622556,-1.0599931515821983,7.633090278038672,-0.1890633954771054,19.130600336918388,3065.8700561523438,-87.86072966061226,-0.02865768217550524,20,0.2736,False,1.1102230246251565e-16
AMZN,21,1.0,1,2022-03-15,2022-04-13,147.3665008544922,155.54100036621094,147.8893492091218,0.421228529589162,0.33339613444708166,0.08783239514208036,14.288889909079327,7.651651157089134,-2.5203818634619224,-0.017102814064578458,-0.17638752061910998,-0.447650949915352,0.33291771042903157,-0.16348239358052594,0.10182811244773622,-6.396435141035248,4.7570245131031825,-2.335981923944912,1.455010688415053,3.7500056122616763,0.36685127626659525,18.609349809244797,2947.3300170898438,233.42883653694744,0.07920010150998703,20,0.2983,False,1.7763568394002505e-15
AMZN,21,1.0,1,2022-04-13,2022-05-13,155.54100036621094,113.05500030517578,156.09285140187623,0.4072150589340314,0.742244627670799,-0.3350295687367676,14.580356957544748,43.03785109670045,8.904980148596456,0.05725165793990184,0.610751861187355,-0.2680529409829806,0.8834433553358485,0.19320974526126428,-0.1978482984267769,-3.9083075630515327,12.880919472567715,2.817067053585523,-2.884698814505246,-19.191399728995393,-0.361114261563851,18.945371321370963,3110.8200073242188,-909.4433861810166,-0.292348443188546,20,0.2182,False,3.552713678800501e-15
AMZN,21,1.0,1,2022-05-13,2022-06-14,113.05500030517578,102.30999755859375,113.45611331627033,0.5302998996283221,0.5475076736814809,-0.017207774053158764,13.795481306601921,11.146115757676583,3.196052519480066,0.02826989085712954,0.2316738683086449,-0.5383241377024321,0.8124360701010857,-0.00013137119307036913,-0.04230669289693806,-7.426440578566502,11.207946617888656,-0.0018123288382282691,-0.5836411910038573,5.8273094279105155,0.01810864049488926,19.90571932530872,2261.1000061035156,-339.5109712733153,-0.15015300975492196,20,0.2887,False,2.220446049250313e-15
AMZN,21,1.0,1,2022-06-14,2022-07-15,102.30999755859375,113.55000305175781,102.67298788255137,0.5427997827753881,0.4498435375486191,0.09295624522676899,12.778005331533569,10.877015169206445,-1.7395354692089398,-0.01700259515901849,-0.13613513408983427,-0.5306236152003598,0.34831760738359957,-0.013405206096232254,0.0595760798231582,-6.780311384067815,4.450804244214652,-0.17129179496796204,0.7612634656121849,-0.017228212777057106,0.17868290589524152,17.195733430821466,2046.199951171875,156.75781349007252,0.07660923528040164,20,0.32689999999999997,False,8.881784197001252e-16
AMZN,21,1.0,1,2022-07-15,2022-08-15,113.55000305175781,143.17999267578125,113.95287230575755,0.5253179988672086,0.5291132825136574,-0.003795283646448766,13.725965163225347,29.227120370023698,1.8305592668581254,0.016121173207047198,0.13336470296184097,-0.2657643925388399,0.5061875096551688,-0.2028607252087079,0.09580231105421988,-3.647872793613862,6.947912123586641,-2.7844592472013545,1.3149791840867007,-13.929355636265687,0.2587596963254595,17.42692795884397,2271.0000610351562,-200.48285464465653,-0.0882795461279175,20,0.24230000000000002,False,4.440892098500626e-16
AMZN,21,1.0,1,2022-08-15,2022-09-14,143.17999267578125,128.5500030517578,143.68798752639069,0.3554093154320766,0.4064108901800522,-0.05100157474797562,11.715751041179585,15.137984474632873,1.3360698083189804,0.009331400172260067,0.11404047453917729,-0.36504982354445137,0.5365735720647892,0.17670591310706055,-0.23418918708822117,-4.27683285027333,6.286362385587503,2.070242485466634,-2.743702212461828,-1.767591215717925,-0.3185724094163827,15.414628869206974,2863.599853515625,-149.021609701105,-0.05203995576342555,20,0.19949999999999998,False,1.7763568394002505e-15
AMZN,21,1.0,1,2022-09-14,2022-10-13,128.5500030517578,112.52999877929688,129.00609149243817,0.43524755900488277,0.3577766324111317,0.07747092659375104,12.878707484443003,16.4760927131413,-0.5458017916693992,-0.004245832584302968,-0.04238016837704462,-0.454595670940847,0.2706356816658994,0.18779002439386208,-0.04621020349595915,-5.854604669741275,3.485437779027953,2.4184927926649658,-0.5951276936210433,-3.8624974153152043,-0.2806896050524892,16.661333253932533,2571.0000610351562,37.91884591300739,0.014748675617588358,20,0.2616,False,4.440892098500626e-16
AMZN,21,1.0,1,2022-10-13,2022-11-11,112.52999877929688,100.79000091552734,112.92924911344387,0.5901477990717318,0.7003514806159388,-0.11020368154420701,15.277546423093366,12.13924819791653,-0.4070747245740984,-0.0036174773748330604,-0.026645294558474968,-0.3107942119718597,0.39631298465668113,-0.16701807550899378,0.05485400826569728,-4.748173001428806,6.054690021167135,-2.5516264020843655,0.8380346577719374,2.894070251620904,-0.1628467510181671,19.3321294946026,2291.631963464005,21.375342962807235,0.009327563633078545,20,0.3194,False,1.0547118733938987e-15
AMZN,21,1.0,1,2022-11-11,2022-12-13,100.79000091552734,92.48999786376953,101.14759837381155,0.44958642578080354,0.31058498721956834,0.1390014385612352,10.42978512438485,8.657600510042016,-2.0697008154209797,-0.020534783179093404,-0.19844136679115437,-0.3601850458245337,0.18107606135557536,0.009232657766354999,-0.028565040088550965,-3.7566526329665972,1.8885844111085783,0.09629463663006561,-0.29792723019302575,-0.08060515782690447,-0.21691104325124239,13.387494792216454,2015.8000183105469,193.58258674988153,0.09603263468174991,20,0.22519999999999998,False,8.881784197001252e-16
AMZN,21,1.0,1,2022-12-13,2023-01-13,92.48999786376953,98.12000274658203,92.81814736126299,0.4337011307436655,0.402551996403035,0.03114913434063049,9.233177675648244,5.301855385319044,-0.48798160257626116,-0.005276047289946093,-0.05285088403132033,-0.6987233407929362,0.5303758434037177,0.12038450162980698,-0.004887888271909051,-6.451436751663699,4.897054397018316,1.1115314929423734,-0.04513074087325353,3.594688973122173,-0.15134828536923414,13.198644843515968,1849.7999572753906,35.599515414110144,0.019245062296652564,20,0.2255,False,1.7208456881689926e-15
AMZN,21,1.0,1,2023-01-13,2023-02-14,98.12000274658203,99.69999694824219,98.46812719613357,0.5227207978225695,0.48069643688308067,0.04202436093948886,11.802252289922619,1.2318697521086222,-4.322218843331301,-0.04405033349310484,-0.36621983136403874,-0.7030608983340579,0.45616065520074023,-0.033945608693479186,-0.08537397953724192,-8.297702097318188,5.383723137415538,-0.40063463793543186,-1.0076052454932203,6.206569720121595,0.041593974361099184,16.484762595883147,1962.4000549316406,415.737121737247,0.21185136062979218,20,0.18350000000000002,False,8.881784197001252e-16
AMZN,21,1.0,1,2023-02-14,2023-03-16,99.69999694824219,100.04000091552734,100.05372713155188,0.4052194427717668,0.30288781743993154,0.10233162533183526,9.300093237280862,0.013726216024537052,-3.440883154741344,-0.03451236970977671,-0.3699837267166346,-0.4678567971137197,0.2971278024976598,0.00354081978204318,-0.2027955518826179,-4.351111834853189,2.7633162666166093,0.032929954109410076,-1.886017540614175,6.039694104239066,-0.19421023772408502,12.284231981860064,1993.9999389648438,331.80408349227434,0.16640125057602842,20,0.1891,False,4.440892098500626e-16
AMZN,21,1.0,1,2023-03-16,2023-04-17,100.04000091552734,102.73999786376953,100.39493741447751,0.39446213157023186,0.29361053739472837,0.10085159417550349,9.084349893351247,2.3450604492920206,-3.3467149645158,-0.03345376783174691,-0.36840445423235296,-0.9192134002947616,0.40386723553975706,0.14884089420993704,-0.001899183687285709,-8.350456154934754,3.668871278103655,1.3521227614423459,-0.01725284912704836,3.3883387171948796,0.004235762348547444,13.66652818990782,2000.8000183105469,321.0049682616722,0.1604383073390439,20,0.2299,False,1.3322676295501878e-15
AMZN,21,1.0,1,2023-04-17,2023-05-16,102.73999786376953,113.4000015258789,103.10451380549473,0.44995670878365546,0.35637578091756567,0.09358092786608979,10.640315450625096,10.295487720384173,-2.8252898737913448,-0.0274994153449137,-0.2655268903353204,-0.47384841746342904,0.3949759052173047,-0.18575428219710172,-0.0009000958920942531,-5.041896637590375,4.202668226908321,-1.9764841588815956,-0.00957730422769466,-2.589739338470424,0.10927719492000121,14.916441172091474,2054.7999572753906,267.612546207043,0.13023776122805164,20,0.16949999999999998,False,4.440892098500626e-16
AMZN,21,1.0,1,2023-05-16,2023-06-15,113.4000015258789,127.11000061035156,113.8023385825981,0.3311646793608935,0.3033445714605672,0.027820107900326296,8.646516126248672,13.307662027753466,-0.015751127660978612,-0.00013889883112024528,-0.001821673311076366,-0.36905551954536636,0.3212285392803518,-0.040584633988913564,0.08658994094285181,-3.1910445012300923,2.7775077450988666,-0.3509156922630411,0.7487013207332883,-4.908724715756156,0.23182768659038364,12.523896533414883,2268.000030517578,-10.948783767317021,-0.00482750600528802,20,0.17989999999999998,False,8.673617379884035e-17
AMZN,21,1.0,1,2023-06-15,2023-07-18,127.11000061035156,132.8300018310547,127.5609800004486,0.31226721410222535,0.2427252154581732,0.06954199864405217,9.139207226008795,5.269021830606093,-1.8705233402536652,-0.014715784212665119,-0.20467019665890057,-0.8561054974520811,0.36083233943052323,0.2821642039984984,0.008438757364159053,-7.8241255485399135,3.297721523901096,2.578757132104096,0.07712355228105736,1.9210171445731192,0.07864491057591708,13.941226989935622,2542.2000122070312,173.1111070354309,0.06809499890024118,20,0.145,False,1.1102230246251565e-15
AMZN,21,1.0,1,2023-07-18,2023-08-16,132.8300018310547,135.07000732421875,133.30127547533692,0.4456063304230101,0.3857920926988854,0.0598142377241247,13.623780006623935,1.7687318488818278,-2.392017665450526,-0.018008112869658106,-0.17557665084782031,-0.5146976644995817,0.516611215204677,-0.18612038241311785,0.00863018086020224,-7.012127751065435,7.038197544903174,-2.535663144745036,0.11757568545677183,9.386003942523674,0.07702654976790604,19.10222370472291,2656.6000366210938,220.09954284032966,0.08285008650390306,20,0.133,False,8.881784197001252e-16
AMZN,21,1.0,1,2023-08-16,2023-09-15,135.07000732421875,140.38999938964844,135.54922838653474,0.32340541211502855,0.25313062456193547,0.07027478755309308,10.057683116904954,4.8407710031137015,-2.5829990343342355,-0.019123409300882525,-0.2568184943103577,-0.5259977215876267,0.40474873295497293,-0.11919311630736702,-0.01637638937033696,-5.290318403942345,4.070834498029903,-1.1988065935358938,-0.16470853488589982,2.5446383051921364,0.08927477426488052,14.994365498099077,2701.400146484375,243.30553793532445,0.09006645618642034,20,0.1678,False,0.0
AMZN,21,1.0,1,2023-09-15,2023-10-16,140.38999938964844,132.5500030517578,140.8880954953557,0.2765723924612849,0.3153454884531468,-0.038773095991861906,8.940856026638858,8.338092443597901,1.6205042936465657,0.011542875565864932,0.1812471075273273,-0.43195342702420386,0.3967100027816288,0.37645148130305434,-0.159960949533152,-3.8620334012366615,3.546927019198044,3.365798495345539,-1.4301878196603566,2.5670211069653166,-0.34375323027779336,12.424495274951594,2807.7999877929688,-174.47492463960816,-0.062139370823472255,20,0.1379,False,4.440892098500626e-16
AMZN,21,1.0,1,2023-10-16,2023-11-14,132.5500030517578,145.8000030517578,133.020283275553,0.41400154272376377,0.4044771342824585,0.009524408441305254,12.632018123254145,12.779719776204814,-1.7703842593710701,-0.013356350196987733,-0.14015054776655117,-0.4124816258956466,0.4576653799257492,-0.10253804651485414,-0.08279625528179953,-5.210475373823144,5.781237373608057,-1.295262461898714,-1.0458837972572683,-2.0014499992378365,0.08336408691609754,17.392389643729373,2651.0000610351562,159.64603629337762,0.06022106096483431,20,0.1721,False,1.3322676295501878e-15
AMZN,21,1.0,1,2023-11-14,2023-12-14,145.8000030517578,147.4199981689453,146.31729355712088,0.274092076629577,0.1815338006442951,0.09255827598528191,9.202168395497067,1.1027046118244357,-4.778402509013579,-0.03277367907404834,-0.5192691878309696,-0.7541177165570965,0.34585810420401536,-0.051627604604703274,-0.05938197087318518,-6.939518217786128,3.1826445158327212,-0.4750859114286193,-0.546442895631552,3.3086972985258716,0.012363976133181125,15.617945472585955,2916.0000610351562,462.2223054287719,0.15851244710354592,20,0.1416,False,0.0
AMZN,21,1.0,1,2023-12-14,2024-01-17,147.4199981689453,151.7100067138672,147.94303632914594,0.26176393044143653,0.2137565378744046,0.04800739256703193,8.886123123382355,3.7669703847212475,-1.5534367011394823,-0.010537489624434961,-0.17481602264230078,-0.81440569611586,0.371856758874707,0.26420659573827676,0.0035263188605753463,-7.236909288069446,3.3043649436225504,2.3477723397400347,0.0313353035673779,3.3916343922995082,0.17408164522211647,14.079165839630127,2948.3999633789062,141.2645042743181,0.047912259540400716,20,0.12480000000000001,False,1.1102230246251565e-15
AMZN,21,1.0,1,2024-01-17,2024-02-15,151.7100067138672,169.8000030517578,152.24826559177538,0.38016790736997935,0.3401644033116887,0.04000350405829067,13.277650082492324,17.551737459982434,0.02323595475959269,0.0001531603304415963,0.0017500050547522119,-0.3453417142279501,0.4180348116757357,-0.19028462321320272,0.11934153082016932,-4.585326440406782,5.550519951730995,-2.5265326431038018,1.5845750865391814,-4.551651155457129,0.30079973272660937,17.286142299018948,3034.2001342773438,-19.609737774978218,-0.006462901887534414,20,0.1479,False,5.204170427930421e-16
AMZN,21,1.0,1,2024-02-15,2024-03-18,169.8000030517578,174.47999572753906,170.40244425580985,0.2779429195697299,0.23159293690994479,0.0463499826597851,10.86741534805128,4.077551471729208,-2.043879739331975,-0.01203698293638409,-0.18807413482162336,-0.6191052787508138,0.4066009447505949,-0.03696941647935816,0.06139961565795368,-6.728074208356159,4.418701347514765,-0.4017620040562768,0.6672551255656956,4.526787733388413,0.2191964036016836,17.414324944698613,3396.0000610351562,186.9736489884989,0.05505702168082596,20,0.1401,False,4.440892098500626e-16
AMZN,21,1.0,1,2024-03-18,2024-04-17,174.47999572753906,181.27999877929688,175.09904129184955,0.2685602645246883,0.16607598842821397,0.10248427609647431,10.790164998200417,6.18095748744733,-2.4978702426641006,-0.014316083813783869,-0.23149509234387938,-0.7908620561598955,0.1653578545910352,0.38727837604349025,0.0067307331814907305,-8.533532076781317,1.7842385347857022,4.178797577744367,0.07262572158714742,1.852702871339535,0.25863439674945127,14.856013375176738,3489.5999145507812,234.93101089123334,0.0673231936737585,20,0.1433,False,8.881784197001252e-16
AMZN,21,1.0,1,2024-04-17,2024-05-16,181.27999877929688,183.6300048828125,181.92317038573003,0.42116568464966236,0.2731362398224824,0.14802944482717995,17.5745773247992,1.7068344970824683,-9.070020579585545,-0.05003321183065558,-0.5160875514648643,-0.48744907923554226,0.286026420653223,-0.26765017736795677,-0.04701471551458841,-8.56671153492721,5.026793446705611,-4.703838738149377,-0.8262637532145707,6.670222430066794,0.1274998180643931,23.608903545124633,3625.5999755859375,883.39315441343,0.2436543359339205,20,0.1821,False,1.7763568394002505e-15
AMZN,21,1.0,1,2024-05-16,2024-06-17,183.6300048828125,184.05999755859375,184.28151418348057,0.2534930077195541,0.15292006512779413,0.10057294259175995,10.719195141071934,0.22151662488681723,-6.960999139582611,-0.0379077435848511,-0.6493956913715168,-0.7798751439780987,0.27882227375060764,-0.004047833170978179,-0.1442949879730476,-8.35963385397281,2.988750362010142,-0.043389513658219095,-1.546726133961725,3.5994891826455246,-0.06280980604301976,16.82413260384792,3672.60009765625,679.2757813544132,0.18495773111477828,20,0.1242,False,0.0
AMZN,21,1.0,1,2024-06-17,2024-07-18,184.05999755859375,183.75,184.71303244996074,0.26341566324695964,0.27459613647856146,-0.011180473231601817,11.16466821262702,0.9630324499607354,-1.4220037058488741,-0.007725761842391597,-0.12736640971028731,-0.9049606325702984,0.5255604766339208,0.42585827259168846,-0.17382452636559823,-10.103585208136451,5.8677083472878415,4.754566319088677,-1.940693164088942,8.478200767564108,0.30143128925330376,17.20693413972512,3681.199951171875,124.9934364451623,0.03395453604886956,20,0.1275,False,4.440892098500626e-16
AMZN,21,1.0,1,2024-07-18,2024-08-16,183.75,177.05999755859375,184.40193503683756,0.45857353074334484,0.4340942822998253,0.024479248443519563,19.394060773983473,7.341937478243807,0.547884804373374,0.0029816860101952326,0.02825013341756381,-0.34082250770470135,0.4423133837926116,-0.09843381251654612,0.025193069846199585,-6.609932427566428,8.578252646420186,-1.9090313421607905,0.4885959276804052,12.915263475349498,-0.3152553752364571,24.399834191118178,3675.0,-79.18831462845557,-0.021547840715226006,20,0.1593,False,1.5543122344752192e-15
AMZN,21,1.0,1,2024-08-16,2024-09-17,177.05999755859375,186.8800048828125,177.68819682950976,0.28417889771376204,0.2931142111769046,-0.00893531346314258,11.58617146859369,9.191808053302736,1.5753528540128199,0.008897282704928846,0.13596837042185028,-0.6397432799063179,0.7017388249263208,0.0751027492905333,-0.0011299238886858462,-7.412175336875127,8.1304663517658,0.870153331042922,-0.013091491920774384,3.9254141726204943,0.04430209668327703,19.979948525265975,3541.199951171875,-177.51523392654795,-0.05012855426811004,20,0.14800000000000002,False,1.3322676295501878e-15
AMZN,21,1.0,1,2024-09-17,2024-10-16,186.8800048828125,186.88999938964844,187.54304500726136,0.2926031043376628,0.20302979531493068,0.08957330902273211,12.591054768681156,0.6530456176129178,-8.26108057548899,-0.04420526733541822,-0.656107111537431,-1.0316633093088934,0.27977178171109984,0.2656656806016774,-0.16988126454131466,-12.989729230347123,3.522621826255967,3.345011134614675,-2.138984306012505,3.680024421711603,-0.0030958461323532527,18.412695642879335,3737.60009765625,807.6953619060196,0.21609999486368375,20,0.1761,False,3.552713678800501e-15
AMZN,21,1.0,1,2024-10-16,2024-11-14,186.88999938964844,211.47999572753906,187.55307497406562,0.39200489714799686,0.3280609816544858,0.06394391549351108,16.865348394001806,23.92692075347344,-2.169175092544762,-0.011606694310176715,-0.128617271453238,-0.4162101026698068,0.3839167842428994,-0.18353508121189396,0.08721112818556344,-7.019528386629553,6.474890320561321,-3.0953830871600068,1.470846060683478,-9.49110335756956,0.2603559055531656,22.374806365515916,3737.7999877929688,194.5427028889603,0.05204738175512449,20,0.19579999999999997,False,1.7763568394002505e-15
AMZN,21,1.0,1,2024-11-14,2024-12-16,211.47999572753906,232.92999267578125,212.23031528566173,0.26806687147646807,0.29660757217175476,-0.02854070069528669,13.054298101845479,20.69967739011952,1.4952627894512487,0.007070469168051598,0.11454179901406297,-0.4538666946690485,0.5517361446891358,0.058623293718302764,-0.04195094472432699,-5.924911130709042,7.202528106334928,0.7652859519107698,-0.5476401380854065,-6.233809025978842,0.08369252715605108,20.354401203013595,4229.599914550781,-169.88068014813845,-0.0401647161859708,20,0.1431,False,4.440892098500626e-16
AMZN,21,1.0,1,2024-12-16,2025-01-17,232.92999267578125,225.94000244140625,233.75641566002972,0.2875436035387948,0.2686545764295313,0.018889027109263545,15.422468652764397,7.816413218623467,-0.774300255904307,-0.00332417584789979,-0.05020598668978443,-0.5848408073900409,0.3712069459801633,0.2557760582497429,-0.09234818352964996,-9.019689018830325,5.724927488067475,3.944698240484301,-1.42423696562576,7.260506617267453,-0.42875143903082885,21.902071253277107,4658.599853515625,55.527954337153595,0.011919451355163993,20,0.1469,False,1.887379141862766e-15
AMZN,21,1.0,1,2025-01-17,2025-02-19,225.94000244140625,226.6300048828125,226.74162531930946,0.37080980998550767,0.23966713082721472,0.13114267915829295,19.287968005563858,0.1116204364969633,-12.116866206009316,-0.053628689364786666,-0.6282085392569116,-0.6972123828050112,0.27400152522375343,-0.1053586461052381,-0.09963903557041562,-13.447810132625998,5.284932651991454,-2.0321541951873576,-1.9218345301874156,6.808879854303315,0.2506015087542642,27.037988479907995,4518.800048828125,1184.6486321210236,0.2621600025051435,20,0.1597,False,1.7763568394002505e-15
AMZN,21,1.0,1,2025-02-19,2025-03-20,226.6300048828125,194.9499969482422,227.434075851965,0.2762518418656558,0.31194050020972136,-0.03568865834406554,14.416404536423075,32.4840789037228,3.017897703403025,0.01331640841186736,0.2093377510167879,-0.24378308168280244,0.314067975851653,0.2933673218053417,-0.15431446495740436,-3.51447552467515,4.527730991812984,4.229301988912816,-2.2246597526476237,-14.445736703203046,-0.6040399606936546,18.55591313140099,4532.60009765625,-320.3456834717035,-0.0706759203480912,20,0.1527,False,4.440892098500626e-16
AMZN,21,1.0,1,2025-03-20,2025-04-21,194.9499969482422,167.32000732421875,195.64166896697378,0.3439265198959655,0.6468376935527693,-0.3029111736568038,15.436896599524065,28.321661642755032,13.74514479729882,0.07050600160280103,0.8904085551575566,-0.6657259087074917,1.273489712594303,0.5208658587633972,-0.23822110749265196,-10.276742016341746,19.658729013875874,8.040552403952868,-3.677394604188176,1.091806423774746,-0.23142666970689402,23.955227762882767,3898.9999389648438,-1398.4697074927649,-0.35867394957283544,20,0.198,False,3.552713678800501e-15
AMZN,21,1.0,1,2025-04-21,2025-05-20,167.32000732421875,204.07000732421875,167.91364963789806,0.536479364964075,0.4026562089876371,0.1338231559764379,20.65458629951207,36.15635768632069,-4.352135363436228,-0.026010848511397823,-0.2107103623537132,-0.21402818281640223,0.15523322508282544,-0.2150406948253836,0.06312529020524718,-4.420663572509126,3.2062780440247995,-4.441576589177924,1.3038267542260218,-20.299310344249548,0.4454035940047028,24.41495699441246,3346.400146484375,410.79857934921034,0.12275835565593753,20,0.3382,False,0.0
AMZN,21,1.0,1,2025-05-20,2025-06-20,204.07000732421875,209.69000244140625,204.79403664526558,0.3227129305556105,0.2008005856416762,0.12191234491393432,15.16309874782958,4.895965796140672,-5.488584909634465,-0.026895598141055622,-0.3619698717862727,-0.5538835678068046,0.22585417372978903,-0.05045789349872813,0.016517415789470843,-8.398591233454738,3.424649138874248,-0.7650980217286828,0.2504552066747059,4.542293300644438,0.23625474141000227,20.79642636751126,4081.400146484375,528.0620645959352,0.1293825759894667,20,0.1809,False,1.7763568394002505e-15
AMZN,21,1.0,1,2025-06-20,2025-07-22,209.69000244140625,227.47000122070312,210.43397120040547,0.31389669096632955,0.210761809752498,0.10313488121383155,15.155327975177446,17.03603002029766,-2.621739562374719,-0.012502930668367523,-0.1729912784908914,-0.5517571316239424,0.2147544743762067,0.10731127347809936,0.05670010527874485,-8.362060292403998,3.2546744933082534,1.6263375449945567,0.8593086917264682,-4.878361436806532,0.37591982931160095,20.70504076073015,4193.800048828125,241.46891547674173,0.05757759374918589,20,0.20620000000000002,False,4.440892098500626e-16
AMZN,21,1.0,1,2025-07-22,2025-08-20,227.47000122070312,223.80999755859375,228.27705245131676,0.36185826209511596,0.37361014232843587,-0.011751880233319911,18.950236836565107,4.467054892723013,0.8770667512099044,0.003855746896308006,0.04628262742962532,-0.6021043050297568,0.7324740535032257,-0.16865547808254402,0.08456835703870033,-11.41001918062933,13.88055679052499,-3.196061253448325,1.602590394762569,15.471529131093533,-0.11128043604153698,28.55284781055803,4549.4000244140625,-116.25952293154847,-0.025554913242987917,20,0.165,False,6.661338147750939e-16
AMZN,21,1.0,1,2025-08-20,2025-09-19,223.80999755859375,231.47999572753906,224.60406329466437,0.28176293852479156,0.25663752501365245,0.025125413511139116,14.520884935594712,6.875932432874691,-1.4007335653478932,-0.006258583533477673,-0.09646337475716148,-0.6176726859585736,0.4868885307439927,-0.026506130364341855,0.060826910821761344,-8.969154000664174,7.070052331394286,-0.3848924691084812,0.8832605730304772,5.934544538451136,0.30967439892099186,23.011366236180795,4476.199951171875,117.06199029860853,0.026152091411368154,20,0.15689999999999998,False,8.881784197001252e-16
AMZN,21,1.0,1,2025-09-19,2025-10-20,231.47999572753906,216.47999572753906,232.30127420123588,0.29296751455103814,0.26499731768143714,0.027970196869601005,15.615394390499914,15.821278473696822,0.9394116761380489,0.004058284488840983,0.060159330763337474,-0.6813979155792984,0.37949598383284067,0.43984325131805074,-0.07778198880825545,-10.64029718863531,5.925979457160586,6.868325839331133,-1.214596431718359,1.1517750962943287,-0.4182475033531878,21.673776531844766,4629.599914550781,-115.61494414564966,-0.024972988223512183,20,0.1545,False,4.440892098500626e-16
AMZN,21,1.0,1,2025-10-20,2025-11-18,216.47999572753906,222.5500030517578,217.24805501455526,0.45781248363717963,0.45919192787002877,-0.0013794442328491363,22.810713705375218,5.30194803720255,1.359297357825714,0.006279089914324096,0.059590303722298836,-0.2760171820526256,0.4472979164556255,-0.21439285262945157,0.10270242194875066,-6.296148917566874,10.203184713280116,-4.89045398180912,2.3427155439215954,18.38454320710562,0.48351981889276235,28.416793849970688,4329.599914550781,-164.34652963254206,-0.03795882595992565,20,0.18230000000000002,False,3.774758283725532e-15
AMZN,21,1.0,1,2025-11-18,2025-12-18,222.5500030517578,226.75999450683594,223.3395983956367,0.4052503554405754,0.22054246994683357,0.18470788549374184,20.761219198396997,3.4203961111992385,-10.400031752601025,-0.04673121370473457,-0.5009355015819122,-0.6208254218007677,0.3170895921335503,-0.2197950448318404,0.022595372917145688,-12.889092665943013,6.583166527814939,-4.5632131044753335,0.4691074900023846,6.786154567276976,0.15463676731976048,27.968385180264615,4451.000061035156,1012.034790079838,0.22737245028131317,20,0.2469,False,3.552713678800501e-15
AMZN,21,1.0,1,2025-12-18,2026-01-21,226.75999450683594,231.30999755859375,227.56452667212625,0.2970410548330342,0.2489055380126571,0.04813551682037712,15.509554313265332,3.7454708864675013,-3.266126983885889,-0.01440345326780041,-0.21058806190790205,-0.7919205996465131,0.3584203356497283,0.23074922340143203,-0.007837021312549285,-12.282335552011245,5.5589396627382515,3.578817613088306,-0.12154870770120108,8.183790090781264,0.314166352130678,22.558556338911863,4535.199890136719,304.05414204967707,0.06704316224538254,20,0.16870000000000002,False,0.0
AMZN,21,1.0,1,2026-01-21,2026-02-20,231.30999755859375,210.11000061035156,232.13067288800465,0.4222270090546869,0.3431909014549324,0.07903610759975449,22.481282660748285,22.02067227765309,-0.38858510560774495,-0.00167993216769332,-0.017284828071051483,-0.3653011010030605,0.28546836795296093,-0.05725258834462477,0.11980049332367264,-8.212437307932362,6.4176950706530125,-1.2871116216349723,2.6932687533065724,0.3488125958827215,-0.27678731839527265,28.539454640891215,4626.199951171875,10.319055919883283,0.0022305685073705766,20,0.16899999999999998,False,4.218847493575595e-15
AMZN,21,1.0,1,2026-02-20,2026-03-23,210.11000061035156,210.13999938964844,210.85545950008134,0.3566926149673844,0.26691833127428916,0.08977428369309526,17.25434414749501,0.7154601104329004,-7.8928813723489375,-0.037565472130887595,-0.45744314039863565,-0.798191304447247,0.43248246759864634,0.002946540375216216,-0.09468084392525138,-13.772267462470765,7.462201333704904,0.05084062167846967,-1.6336558652615496,8.668982590452826,-0.02297992573965172,26.093916195427003,4202.200012207031,763.1942210394667,0.181617776122615,20,0.1909,False,3.552713678800501e-15
AMZN,21,1.0,1,2026-03-23,2026-04-22,210.13999938964844,255.36000061035156,210.8855647134206,0.34738658036639947,0.3633043385198001,-0.01591775815340063,16.80696344791147,44.47443589693097,3.8994023964085747,0.018556212085916,0.232011118992059,-0.47935267985318536,0.4474724552423865,0.2695513490604514,-0.005660005457593427,-8.056462968950896,7.5206531992059915,4.530339670994233,-0.09512750484075216,-24.044298323166693,0.27622827055577026,22.71528985374463,4202.799987792969,-412.6555294946021,-0.09818585959197676,20,0.2615,False,1.7763568394002505e-15
AMZN,21,1.0,1,2026-04-22,2026-05-21,255.36000061035156,268.4599914550781,256.26600404656784,0.43153117786664613,0.22177923404943856,0.20975194381720758,25.364934673979143,12.193987408510282,-11.493404197291099,-0.04500863161740292,-0.45312177401669856,-0.49381744894145235,0.22588764516231777,-0.22685326987496454,0.04166129963740076,-12.52564733327097,5.729625363201171,-5.754118370957036,1.0567361437357412,1.2675764579339237,0.4099666102438408,33.64819363741864,5107.200012207031,1115.6922260916913,0.21845477432350544,20,0.1892,False,5.329070518200751e-15
AMZN,21,1.0,1,2026-05-21,2026-06-23,268.4599914550781,234.11000061035156,269.4124729485131,0.31263172084859375,0.3595424879486382,-0.04691076710004444,19.324785634188906,35.30247233816152,1.2066993454500765,0.004494894523797211,0.06244309087264676,-0.3068836418609616,0.30594463333291994,0.11786432938588093,-0.05448222998519241,-5.930460593602285,5.912314455089203,2.277702899299581,-1.0528574153364223,-14.214229749431446,-0.556757609091091,25.474771996639397,5369.1998291015625,-146.14470654164705,-0.027219085002113192,20,0.16760000000000003,False,6.661338147750939e-16
