ticker,entry_date,in_sample,iv_minus_trailing_rv,term_slope,vix_percentile,entry_iv,trailing_realized_vol,realized_vol,short_return_on_capital,short_net_pnl
AAPL,2011-01-07,True,0.2178064475510713,-0.05625201476765751,0.05511811023622047,0.3169784813144947,0.09917203376342336,0.22350635237369787,0.11891429533110821,28.549623766642828
AAPL,2011-02-08,True,0.015956020455015096,-0.029885083140558988,0.02027027027027027,0.23946237282871297,0.22350635237369787,0.21735680644704308,0.051078511857639196,12.959347622433583
AAPL,2011-03-10,True,0.09680351684920607,-0.01225145337025818,0.6627218934911243,0.31416032329624916,0.21735680644704308,0.2449950733091681,0.1251721334929428,30.9953016670099
AAPL,2011-04-08,True,0.06451185443467106,-0.03652668008937665,0.28421052631578947,0.30950692774383914,0.2449950733091681,0.1720965300514693,0.1364640807010561,32.65975399119279
AAPL,2011-05-10,True,0.056971187404748436,-0.03423100994192019,0.07582938388625593,0.22906771745621773,0.1720965300514693,0.19550434011991216,0.00945073988891917,2.3589721867093902
AAPL,2011-06-09,True,0.04151328468803711,-0.019246865534524232,0.3620689655172414,0.23701762480794927,0.19550434011991216,0.2495235973682171,-0.02020425241570891,-4.783934268205671
AAPL,2011-07-11,True,0.053427465652219064,-0.0253650996572507,0.45454545454545453,0.3029510630204362,0.2495235973682171,0.3797497441350279,-0.25746739218470277,-65.10246636053154
AAPL,2011-08-09,True,0.02706442682787491,0.04506177620170487,0.9963503649635036,0.4068141709629028,0.3797497441350279,0.3178326344584083,0.16403633818468025,43.82230799633692
AAPL,2011-09-08,True,0.04483810381774078,0.006259689504390209,0.9559322033898305,0.3626707382761491,0.3178326344584083,0.23315192818702843,0.17107973799564666,46.941836967474096
AAPL,2011-10-07,True,0.24274739957977562,-0.01415276974518509,0.9208860759493671,0.47589932776680405,0.23315192818702843,0.35390084502727087,0.0914403675317897,24.153319888208834
AAPL,2011-11-07,True,-0.04557359731205485,-0.015318998205186785,0.8160237388724035,0.308327247715216,0.35390084502727087,0.28067797065844097,0.0543326267643428,15.513128305760077
AAPL,2011-12-07,True,0.05429740599693206,-0.022074543250850953,0.7793296089385475,0.334975376655373,0.28067797065844097,0.18373392349339657,0.12945277546373135,35.97770030352583
AAPL,2012-01-09,True,0.13777057812980908,-0.04499254288780885,0.48284960422163586,0.32150450162320565,0.18373392349339657,0.2608781091970575,0.023377948735601613,7.042273078259781
AAPL,2012-02-08,True,-0.013138019402448381,-0.03324114175050438,0.28,0.24774008979460913,0.2608781091970575,0.2372376648479907,-0.06313860412085885,-21.497793425012865
AAPL,2012-03-09,True,0.058759799919474054,-0.06853672881327427,0.1496437054631829,0.29599746476746475,0.2372376648479907,0.26681919319248126,-0.04343968471782665,-16.915724165951854
AAPL,2012-04-10,True,0.1625789049293188,-0.04544790518909286,0.497737556561086,0.4293980981218001,0.26681919319248126,0.4479116519313941,-0.0124886211439636,-5.60596378054537
AAPL,2012-05-09,True,-0.11450836752294608,-0.02332360364834457,0.5075593952483801,0.333403284408448,0.4479116519313941,0.29369701170615925,0.12207808639613031,49.63171537619799
AAPL,2012-06-08,True,-0.0020921878762025226,-0.03203140832600032,0.5681818181818182,0.2916048238299567,0.29369701170615925,0.1957188447725567,0.08658398516355041,35.890297801801054
AAPL,2012-07-10,True,0.1557411215152793,-0.03905764823075736,0.3821782178217822,0.351459966287836,0.1957188447725567,0.22644019258233636,0.14828448613778875,64.42007898004896
AAPL,2012-08-08,True,0.015302566782840754,-0.0496285562597609,0.02574257425742574,0.2417427593651771,0.22644019258233636,0.1854987524600246,0.016458020174152,7.286906086256975
AAPL,2012-09-07,True,0.10153077369006228,-0.06179452006121988,0.011881188118811881,0.28702952615008687,0.1854987524600246,0.2446949746513529,0.046039683957034463,22.376602906532682
AAPL,2012-10-08,True,0.15057770994520667,-0.056895717904534016,0.061386138613861385,0.39527268459655956,0.2446949746513529,0.3555408685269608,0.09067992784191009,41.33515054892696
AAPL,2012-11-08,True,0.021430302602898632,-0.02646636962195492,0.5089108910891089,0.37697117112985945,0.3555408685269608,0.3960782094280109,-0.051381262345320214,-19.735909315842928
AAPL,2012-12-10,True,0.02143151115657882,-0.03275292759809534,0.18811881188118812,0.41750972058458974,0.3960782094280109,0.31496491775097557,0.1819716837986319,68.86588786285206
AAPL,2013-01-10,True,0.09138190634919646,-0.07647162144484587,0.0039603960396039604,0.40634682410017203,0.31496491775097557,0.5592841100809847,-0.24589468925294514,-91.94881200014817
AAPL,2013-02-11,True,-0.25049188420777574,-0.04015421590090018,0.013861386138613862,0.3087922258732089,0.5592841100809847,0.24837375573113066,0.03321285509874094,11.385603245784711
AAPL,2013-03-13,True,0.04842845488143557,-0.06484089937406179,0.0039603960396039604,0.29680221061256623,0.24837375573113066,0.2349067857698541,0.16983400670042262,51.96313943946375
AAPL,2013-04-12,True,0.12737376322539498,-0.05689079166946731,0.009900990099009901,0.3622805489952491,0.2349067857698541,0.3314890098380193,-0.0009511052051423799,-0.2919893052350675
AAPL,2013-05-13,True,-0.06451425432220564,-0.05132975914537535,0.027722772277227723,0.2669747555158137,0.3314890098380193,0.20565864953001087,0.07764855421926851,25.22135786439224
AAPL,2013-06-12,True,0.06678532483114072,-0.006823494419750942,0.5841584158415841,0.2724439743611516,0.20565864953001087,0.22407349429635157,0.08758175640757777,27.037113701082713
AAPL,2013-07-12,True,0.07245848305147515,-0.0375068615628415,0.1485148514851485,0.2965319773478267,0.22407349429635157,0.24932935981521606,0.04347007823116805,13.243159399455422
AAPL,2013-08-12,True,-0.004238213061759977,-0.0436006623255045,0.07326732673267326,0.24509114675345609,0.24932935981521606,0.3149273205803757,-0.06294555498673836,-21.013025412495647
AAPL,2013-09-11,True,-0.019206048221556415,-0.03704590653722317,0.1900990099009901,0.2957212723588193,0.3149273205803757,0.2779387052280395,0.006329983537073612,2.1147120255708107
AAPL,2013-10-10,True,0.05186284227600857,-0.014163532216520225,0.499009900990099,0.32980154750404805,0.2779387052280395,0.18929795042837577,0.10682011385583323,37.35957119157112
AAPL,2013-11-08,True,0.039160296959676266,-0.029629042460552757,0.0891089108910891,0.22845824738805204,0.18929795042837577,0.1918101204703678,0.015458254239610386,5.747820647977732
AAPL,2013-12-10,True,0.06480006052269802,-0.023397648317838082,0.2712871287128713,0.2566101809930658,0.1918101204703678,0.19828048517942534,0.03945350414014992,15.937806059889486
AAPL,2014-01-10,True,0.1072989247599371,-0.04379765451329748,0.015841584158415842,0.30557940993936245,0.19828048517942534,0.35000626075208413,-0.07171327726765066,-27.299195439267216
AAPL,2014-02-11,True,-0.12650460486711348,-0.01849677176047501,0.4,0.22350165588497065,0.35000626075208413,0.14155933028881532,0.12050205073673831,46.13163114237698
AAPL,2014-03-13,True,0.06528149514158577,-0.011247106770701842,0.6455445544554456,0.20684082543040108,0.14155933028881532,0.139394442323664,0.07083517505100446,26.84906163523637
AAPL,2014-04-11,True,0.14182594608877896,0.003848226717330261,0.7564356435643564,0.28122038841244296,0.139394442323664,0.3251121105086768,-0.10652425015712133,-39.53647723378975
AAPL,2014-05-13,True,-0.14489627118833687,-0.027423290794370697,0.015841584158415842,0.1802158393203399,0.3251121105086768,0.16386671481919068,-0.015019293279848902,-6.3698965368395
AAPL,2014-06-12,True,0.0519027056203821,-0.025758584240271942,0.10693069306930693,0.21576942043957278,0.16386671481919068,0.12865945445318624,0.08200161771260549,37.83964686885542
AAPL,2014-07-14,True,0.15450184400237668,-0.025745234672143014,0.055445544554455446,0.2831612984555629,0.12865945445318624,0.1808854754999666,0.17193158774430556,82.91400556622352
AAPL,2014-08-12,True,0.08634606932090458,-0.028733569373545098,0.5168316831683168,0.2672315448208712,0.1808854754999666,0.21470998092787874,0.0500771571484931,24.029524163351123
AAPL,2014-09-11,True,0.0391956676962521,-0.03605048902222141,0.23564356435643563,0.25390564862413084,0.21470998092787874,0.21228332434639516,0.10077331421885526,51.107186459860316
AAPL,2014-10-10,True,0.08425758376804007,0.01777986513790558,0.996039603960396,0.29654090811443523,0.21228332434639516,0.18541637727414015,0.08840093788893548,44.523133851542745
AAPL,2014-11-10,True,0.039006201123922724,-0.04053249524065708,0.22178217821782178,0.22442257839806287,0.18541637727414015,0.21800668870911252,-0.0044435365125592595,-2.417950433990913
AAPL,2014-12-10,True,0.08609887573671285,-0.009708778787222039,0.9544554455445544,0.30410556444582537,0.21800668870911252,0.27522407518800995,0.02725230408200372,15.254476794064423
AAPL,2015-01-12,True,0.13265403115355012,-0.017754284350302685,0.9663366336633663,0.4078781063415601,0.27522407518800995,0.328494638799542,0.05297238638479443,28.936166062693957
AAPL,2015-02-11,True,-0.06596897878524927,-0.04113122881100706,0.8613861386138614,0.2625256600142927,0.328494638799542,0.20949477782600115,0.08504642318341052,53.10298546778664
AAPL,2015-03-13,True,0.06820508741458434,-0.03173759625580097,0.7722772277227723,0.2776998652405855,0.20949477782600115,0.19267805244132416,0.1272503566011403,78.63435553165104
AAPL,2015-04-14,True,0.16435868403725637,-0.0550210368596849,0.4178217821782178,0.35703673647858053,0.19267805244132416,0.23120544456644276,0.2109158561402587,133.19336637089393
AAPL,2015-05-13,True,0.01749816490478015,-0.044156191178701426,0.43366336633663366,0.24870360947122291,0.23120544456644276,0.16280401419511759,0.12123844127828315,76.38628122234856
AAPL,2015-06-12,True,0.05261025046112125,-0.027666062503360594,0.4514851485148515,0.21541426465623884,0.16280401419511759,0.18851420180096692,0.06208872033712288,39.47911225792037
AAPL,2015-07-14,True,0.087822806437127,-0.04174676056666371,0.38415841584158417,0.27633700823809393,0.18851420180096692,0.33009393216484023,0.0004457117434823785,0.2799292618543121
AAPL,2015-08-12,True,0.014653015985631679,-0.05530861635793899,0.4277227722772277,0.3447469481504719,0.33009393216484023,0.43136264263825996,0.03802012622445581,21.90719632443268
AAPL,2015-09-11,True,-0.06317350138548411,-0.022759734031920942,0.9643564356435643,0.36818914125277585,0.43136264263825996,0.2070240643771729,0.196888496892944,112.43317524943166
AAPL,2015-10-12,True,0.19115097854532426,-0.0734570971085784,0.7742574257425743,0.39817504292249717,0.2070240643771729,0.2767863843705541,0.10528556957420733,58.74934701914254
AAPL,2015-11-10,True,0.03011354527380733,-0.05292121199407224,0.691089108910891,0.3068999296443614,0.2767863843705541,0.2338146211985063,0.11905057011592135,69.50767336395639
AAPL,2015-12-10,True,0.037201579930802,-0.019276758574372,0.8811881188118812,0.2710162011293083,0.2338146211985063,0.29045492842797616,-0.01946249344852852,-11.304789141393343
AAPL,2016-01-12,True,0.09066567665515302,-0.0009877373115312893,0.9346534653465347,0.38112060508312917,0.29045492842797616,0.3880443739033246,-0.03756656899601385,-18.775771012241616
AAPL,2016-02-11,True,-0.03824920752408145,0.005069503435742029,0.9900990099009901,0.3497951663792431,0.3880443739033246,0.22889407696783265,0.08631589387276943,40.438994962316464
AAPL,2016-03-14,True,0.002745600902114398,-0.0330850807397256,0.700990099009901,0.23163967786994705,0.22889407696783265,0.18610829010841107,0.012474456948933102,6.39440642264349
AAPL,2016-04-13,True,0.1323648288381568,-0.07584214462584626,0.3683168316831683,0.3184731189465679,0.18610829010841107,0.30231356700133755,0.011056273726158646,6.193724592005678
AAPL,2016-05-12,True,-0.04125879962812534,-0.058341016640627796,0.44356435643564357,0.2610547673732122,0.30231356700133755,0.19187771454613883,0.018475343039261936,8.34531211254098
AAPL,2016-06-13,True,0.05203823276826794,-0.010149710262406159,0.8633663366336634,0.24391594731440677,0.19187771454613883,0.17301913567624994,0.14239666311241161,69.30445332944996
AAPL,2016-07-13,True,0.07241198891867312,-0.05318349171931941,0.16237623762376238,0.24543112459492306,0.17301913567624994,0.2685923264838115,-0.0812588466460341,-39.35772348892706
AAPL,2016-08-11,True,-0.06140869756663023,-0.06175545056611162,0.011881188118811881,0.20718362891718126,0.2685923264838115,0.1654700802823674,0.048624757086908506,26.240350236145666
AAPL,2016-09-12,True,0.032422975311137886,-0.02663197898966596,0.5108910891089109,0.19789305559350528,0.1654700802823674,0.22421676843831823,-0.0724412430455806,-38.19102421792261
AAPL,2016-10-11,True,0.0525866467701856,-0.027560319299199554,0.5425742574257426,0.2768034152085038,0.22421676843831823,0.14772572063386522,0.12340374480495105,71.75927948707074
AAPL,2016-11-09,True,0.08413188897790166,-0.029627544095366665,0.4079207920792079,0.23185760961176688,0.14772572063386522,0.20134343643889172,0.0707897130412437,39.24581593791673
AAPL,2016-12-09,True,0.0009287827915902824,-0.05747689616509394,0.015841584158415842,0.202272219230482,0.20134343643889172,0.09901110012518163,0.08428078260886965,48.0189746053808
AAPL,2017-01-11,True,0.14165858998224906,-0.06603897798646222,0.0019801980198019802,0.2406696901074307,0.09901110012518163,0.22140485609370364,-0.030424518407950497,-18.21668039676036
AAPL,2017-02-10,True,-0.04909440433938067,-0.04677988898475166,0.007920792079207921,0.17231045175432297,0.22140485609370364,0.10237928913474838,0.02303001619328116,15.213628135025278
AAPL,2017-03-14,True,0.02997225371586172,-0.02420545588118453,0.17227722772277226,0.1323515428506101,0.10237928913474838,0.11848396784938812,-0.0010828027331464603,-0.7524937891401979
AAPL,2017-04-12,True,0.10617693618630482,0.006781009817326267,0.6712871287128713,0.22466090403569294,0.11848396784938812,0.1606376231184085,0.07952976369948098,56.3866036764599
AAPL,2017-05-12,True,0.03464967802506139,-0.04650734190536662,0.011881188118811881,0.1952873011434699,0.1606376231184085,0.22179214049714333,-0.02576279889631609,-20.107865324792936
AAPL,2017-06-13,True,-0.03838556786719066,-0.03921546875283419,0.03564356435643564,0.18340657262995266,0.22179214049714333,0.16918541150829425,0.06641459000876934,48.67857253084002
AAPL,2017-07-13,True,0.07499958192305056,-0.06294904870047546,0.011881188118811881,0.2441849934313448,0.16918541150829425,0.24409024684770692,-0.003200092998974562,-2.3643887806537167
AAPL,2017-08-11,True,0.01771811100587739,-0.014396630981760083,0.6613861386138614,0.2618083578535843,0.24409024684770692,0.1554438875090407,0.11587480237635467,91.23981691578884
AAPL,2017-09-12,True,0.06225706717448845,-0.059027175140456495,0.09702970297029703,0.21770095468352915,0.1554438875090407,0.14317479792892465,0.05923139300221791,47.63980957244373
AAPL,2017-10-11,True,0.10266673008364147,-0.05749456921642285,0.04356435643564356,0.24584152801256612,0.14317479792892465,0.2212721553854033,-0.021938674119125007,-17.1724975015027
AAPL,2017-11-09,True,-0.01168277022355399,-0.050777525665119255,0.16633663366336635,0.2095893851618493,0.2212721553854033,0.16439342244749441,0.04330824993014891,38.08527604590327
AAPL,2017-12-11,True,-0.004125596812167093,-0.048509904881862714,0.005940594059405941,0.16026782563532732,0.16439342244749441,0.14565364184822782,0.052568554918096824,45.3850614072594
AAPL,2018-01-11,True,0.10262866858718511,-0.05524557639245625,0.0891089108910891,0.24828231043541293,0.14565364184822782,0.32340775884781686,-0.030805619851516503,-26.998045049846482
AAPL,2018-02-12,True,-0.046877738715011996,0.028897086745858253,0.9861386138613861,0.27653002013280487,0.32340775884781686,0.20363830235335478,0.03871312139675029,31.495061211899976
AAPL,2018-03-14,True,0.005758622133819308,-0.018239907439640907,0.9168316831683169,0.2093969244871741,0.20363830235335478,0.2757677851379237,-0.02274838312790519,-20.296107704407234
AAPL,2018-04-13,True,8.557854683011179e-06,-0.01749707272115697,0.8851485148514852,0.2757763429926067,0.2757677851379237,0.30537832313315194,-0.08224014646282819,-71.84910220041078
AAPL,2018-05-14,True,-0.10474733568445743,-0.024016254037311197,0.6099009900990099,0.2006309874486945,0.30537832313315194,0.11009691174938087,0.10922778545728934,102.75603583557746
AAPL,2018-06-13,True,0.05956541584508031,-0.02509158079698401,0.6316831683168317,0.16966232759446118,0.11009691174938087,0.16226677811306733,0.08353236918286676,79.64811274126065
AAPL,2018-07-13,True,0.07695476082446043,-0.04474460321733606,0.5168316831683168,0.23922153893752776,0.16226677811306733,0.243766032974493,-0.05474039836796642,-52.36740259987839
AAPL,2018-08-13,True,-0.048166057480536095,-0.018321155413186935,0.7920792079207921,0.1955999754939569,0.243766032974493,0.17893259813615156,0.012518736095165517,13.073941735352902
AAPL,2018-09-12,True,0.08000307273264848,-0.04150467390117285,0.6554455445544555,0.25893567086880004,0.17893259813615156,0.2618811144642497,-0.08113423354562614,-89.68172802088223
AAPL,2018-10-11,True,0.14097586675126883,0.05371010898271078,0.9881188118811881,0.40285698121551855,0.2618811144642497,0.3995785798669736,-0.021560210083841493,-23.117934933416343
AAPL,2018-11-09,True,-0.1214115901964975,-0.017079539478304706,0.8772277227722772,0.2781669896704761,0.3995785798669736,0.4303463006250566,-0.15608551778099078,-159.5740300560663
AAPL,2018-12-12,True,-0.09320488362007806,-0.0019820677997701153,0.9465346534653465,0.3371414170049785,0.4303463006250566,0.5350329063737556,-0.14314948899224064,-121.03289731151517
AAPL,2019-01-14,False,-0.1805027669241529,-0.015500466216443798,0.8435643564356435,0.35453013944960265,0.5350329063737556,0.31893010106413106,-0.025095831003882543,-18.821873252911907
AAPL,2019-02-13,False,-0.07379894501552603,-0.019871824350770506,0.699009900990099,0.24513115604860503,0.31893010106413106,0.16575115253135886,0.06304533835607377,53.64527609839393
AAPL,2019-03-15,False,0.03676714957959917,-0.031904290241736855,0.5128712871287129,0.20251830211095803,0.16575115253135886,0.19206001419785199,-0.029119771796261577,-27.098858922669095
AAPL,2019-04-15,False,0.10671402287905171,-0.05175963652710219,0.42574257425742573,0.2987740370769037,0.19206001419785199,0.32821266761515805,-0.11688469572247948,-116.43468714702145
AAPL,2019-05-15,False,-0.053347062466263195,-0.017010984867401324,0.7346534653465346,0.27486560514889485,0.32821266761515805,0.2562547905627967,0.09049687597141107,86.38831697378536
AAPL,2019-06-14,False,0.03176866250123539,-0.024095060054794393,0.6178217821782178,0.2880234530640321,0.2562547905627967,0.17827605922977824,0.07938123123847124,76.49969472478537
AAPL,2019-07-16,False,0.10255486124404306,-0.04976546307342067,0.39603960396039606,0.2808309204738213,0.17827605922977824,0.3303009391839224,-0.1566712163375652,-160.19631870516042
AAPL,2019-08-14,False,0.014650855167532895,0.012131481137034383,0.9287128712871288,0.3449517943514553,0.3303009391839224,0.2788039613732107,0.07420845869571722,75.22882500278334
AAPL,2019-09-13,False,-0.014049526262345291,-0.054467485553737816,0.44554455445544555,0.2647544351108654,0.2788039613732107,0.2166822613346567,0.035169828315859485,38.466999720471314
AAPL,2019-10-14,False,0.0997285757110096,-0.05348800344591992,0.45544554455445546,0.3164108370456663,0.2166822613346567,0.18357559072219007,0.09266929192549912,109.28952716990351
AAPL,2019-11-12,False,0.031085050574195888,-0.04588163006664775,0.23366336633663368,0.21466064129638596,0.18357559072219007,0.17123109892091948,0.04133673868003957,54.14285855701982
AAPL,2019-12-12,False,0.06375434834431123,-0.035027776291661455,0.3940594059405941,0.2349854472652307,0.17123109892091948,0.19733660788192828,0.012165076096206817,16.51165726563339
AAPL,2020-01-14,False,0.15235578485613674,-0.06132462321721416,0.12673267326732673,0.349692392738065,0.19733660788192828,0.28406866942796205,0.05519717735830241,86.29526506058897
AAPL,2020-02-13,False,-0.0036245454690059797,-0.02934694513795716,0.39801980198019804,0.28044412395895607,0.28406866942796205,0.9630900952642643,-0.21739311181302412,-353.12249586603673
AAPL,2020-03-16,False,0.05041437074764432,0.17907978476252884,1.0,1.0135044660119086,0.9630900952642643,0.6553422252404625,0.23221634774001876,490.41475326249787
AAPL,2020-04-15,False,-0.17650544130265056,0.0177707399230424,0.9485148514851485,0.4788367839378119,0.6553422252404625,0.28864032801634587,0.21503024220493133,305.8052510771004
AAPL,2020-05-14,False,0.09372047278290974,-0.0260137789734749,0.900990099009901,0.3823608007992556,0.28864032801634587,0.2793311678766147,0.17020039863966666,263.41916424635764
AAPL,2020-06-15,False,0.094427161190825,-0.02137508994055054,0.9108910891089109,0.3737583290674397,0.2793311678766147,0.25655302756584786,0.06522624459425683,111.85974498204553
AAPL,2020-07-15,False,0.21503557247846322,-0.06242325085031847,0.8198019801980198,0.4715886000443111,0.25655302756584786,0.4796862411292024,-0.11543593862307502,-225.61953851597485
AAPL,2020-08-13,False,-0.0625944469549104,-0.10961559480839889,0.7188118811881188,0.417091794174292,0.4796862411292024,0.5161027924132058,0.03785030049942033,87.06326282590594
AAPL,2020-09-14,False,-0.02126148815260437,-0.08559665427960766,0.7782178217821782,0.4948413042606014,0.5161027924132058,0.4309860807492126,0.06470682694628092,149.2915919203376
AAPL,2020-10-13,False,0.07264098274339531,-0.04265199983233514,0.7485148514851485,0.5036270634926079,0.4309860807492126,0.3897803029422985,0.16043038188813757,388.5623800371225
AAPL,2020-11-11,False,-0.03288359776611888,-0.03197670625102278,0.6455445544554456,0.3568967051761796,0.3897803029422985,0.21210029674504585,0.1926779978934123,460.4618711335845
AAPL,2020-12-11,False,0.1862985827729167,-0.045309597815109515,0.6376237623762376,0.39839887951796255,0.21210029674504585,0.3336802072991278,0.036833870059987596,90.17668337865486
AAPL,2021-01-13,False,0.13986055962183558,-0.06883367833675014,0.596039603960396,0.47354076692096336,0.3336802072991278,0.30375185283312667,0.2524556999845722,660.8785283378784
AAPL,2021-02-12,False,0.04540373982895002,-0.10973847623955685,0.49504950495049505,0.3491555926620767,0.30375185283312667,0.37279951116328836,-0.015857174559490272,-42.93171285381176
AAPL,2021-03-16,False,-0.010167029732920718,-0.08687862280283054,0.4514851485148515,0.36263248143036764,0.37279951116328836,0.26818290961537394,0.10605660670330014,266.3505614273498
AAPL,2021-04-15,False,0.08533590521570306,-0.08613339946892601,0.3326732673267327,0.353518814831077,0.26818290961537394,0.23421328767326483,0.13602939617025617,365.9190756979891
AAPL,2021-05-14,False,0.06428807482856586,-0.05286765627617185,0.401980198019802,0.2985013625018307,0.23421328767326483,0.17757000473660103,0.15440976164706502,393.5904730139448
AAPL,2021-06-15,False,0.07554025614410972,-0.05250734985527239,0.3089108910891089,0.25311026088071076,0.17757000473660103,0.18279734395010333,0.03866761085288674,100.257380947348
AAPL,2021-07-15,False,0.1362215985238482,-0.07375997396979145,0.29504950495049503,0.3190189424739515,0.18279734395010333,0.18721379831279764,0.24566637151657095,729.5308358636096
AAPL,2021-08-13,False,0.06550505151717281,-0.07566378660163908,0.1801980198019802,0.25271884982997045,0.18721379831279764,0.2174233774691641,0.07549017421956399,225.11170873784897
AAPL,2021-09-14,False,0.07418207138224239,-0.04474536828998765,0.4198019801980198,0.2916054488514065,0.2174233774691641,0.1935837292189409,0.09913376090914132,293.6738436362089
AAPL,2021-10-13,False,0.1046223218327848,-0.044838079213404214,0.3564356435643564,0.2982060510517257,0.1935837292189409,0.17116561878457692,0.08672435104684874,244.4065724721103
AAPL,2021-11-11,False,0.09357210209703959,-0.05380424185177668,0.29306930693069305,0.2647377208816165,0.17116561878457692,0.3030780310648912,-0.038337428263106224,-113.37910660142087
AAPL,2021-12-13,False,0.041925520232532876,-0.06574828373667496,0.40594059405940597,0.34500355129742405,0.3030780310648912,0.26481927884369655,0.1827741410345192,642.4145709882949
AAPL,2022-01-12,False,0.0458394276952776,-0.06733320537840143,0.2297029702970297,0.31065870653897415,0.26481927884369655,0.32151177980116014,0.04531293377212609,159.07558419415307
AAPL,2022-02-11,False,0.02657592069221748,-0.018127256196819597,0.7247524752475247,0.3480877004933776,0.32151177980116014,0.3147260183727854,0.046963909031811774,158.39987180920485
AAPL,2022-03-15,False,0.07575663423495177,-0.027012158606918746,0.8198019801980198,0.3904826526077372,0.3147260183727854,0.25903614689737137,0.09299145739135588,288.4408957256099
AAPL,2022-04-13,False,0.06808090438830983,-0.05387352189180189,0.46534653465346537,0.3271170512856812,0.25903614689737137,0.46149890242555813,-0.1279267755382998,-435.97443541846417
AAPL,2022-05-13,False,-0.048253493481810794,-0.025382807933785834,0.8514851485148515,0.41324540894374734,0.46149890242555813,0.43073841764425114,-0.03870296759370459,-113.87187172664598
AAPL,2022-06-14,False,0.0016207163688758963,-0.007570743881606612,0.9524752475247524,0.43235913401312703,0.43073841764425114,0.3054191914717194,0.09102231401178766,241.6824381640885
AAPL,2022-07-15,False,0.06340617452684177,-0.04197348939743273,0.6396039603960396,0.3688253659985612,0.3054191914717194,0.2825670331176075,0.054145976551730854,162.62202399258356
AAPL,2022-08-15,False,-0.026724518281018073,-0.04175074365159409,0.3485148514851485,0.25584251483658943,0.2825670331176075,0.33013098795237483,-0.046834537983131745,-162.2254749528144
AAPL,2022-09-14,False,0.01752650340548112,-0.01674738452149893,0.7544554455445545,0.34765749135785595,0.33013098795237483,0.3454215670040742,-0.030000392149038654,-93.18721662848097
AAPL,2022-10-13,False,0.11673755317714296,0.001966501849327673,0.9425742574257425,0.4621591201812172,0.3454215670040742,0.5212218377569181,-0.2651858506741748,-758.3785248921927
AAPL,2022-11-11,False,-0.17515464254411756,-0.04783974369571414,0.5405940594059406,0.34606719521280055,0.5212218377569181,0.27746247889593095,0.0842098573399475,252.124307736041
AAPL,2022-12-13,False,0.06158563370621867,-0.025341116512701045,0.5405940594059406,0.3390481126021496,0.27746247889593095,0.34059171843950997,-0.03991200827347817,-116.11999784527166
AAPL,2023-01-13,False,0.013975517549925931,-0.052106388705139506,0.2376237623762376,0.3545672359894359,0.34059171843950997,0.25483546668338863,0.05902960784471577,159.09659257789153
AAPL,2023-02-14,False,0.047124197252425726,-0.03445254387963781,0.30495049504950494,0.30195966393581436,0.25483546668338863,0.23725811146239964,0.10426852108874621,319.4787422518729
AAPL,2023-03-16,False,0.05545902755252488,-0.019367673465672808,0.6336633663366337,0.2927171390149245,0.23725811146239964,0.1957112545446265,0.0753119952584927,234.74749841408058
AAPL,2023-04-17,False,0.08937505447731042,-0.04388344034084868,0.12079207920792079,0.28508630902193693,0.1957112545446265,0.21117730515657787,0.050592794077798625,167.1889429863786
AAPL,2023-05-16,False,0.02776302864896374,-0.03734646073245093,0.22376237623762377,0.2389403338055416,0.21117730515657787,0.14854487931388333,0.06535302419660458,224.9059070433919
AAPL,2023-06-15,False,0.05166760458317052,-0.035731612666463464,0.011881188118811881,0.20021248389705384,0.14854487931388333,0.1486545387207391,0.05253011092313884,195.42251288513077
AAPL,2023-07-18,False,0.10454229389842337,-0.05197716098191779,0.005940594059405941,0.2531968326191625,0.1486545387207391,0.2156190800804403,-0.008020717619712655,-31.077071803974594
AAPL,2023-08-16,False,0.02405190750248004,-0.03025295014703669,0.16633663366336635,0.23967098758292035,0.2156190800804403,0.25578500504416785,0.012990469094064464,45.874544461679996
AAPL,2023-09-15,False,-0.026077383003572374,-0.035893412508798295,0.04950495049504951,0.22970762204059547,0.25578500504416785,0.17009349500410698,0.09265718664548588,324.3186745169071
AAPL,2023-10-16,False,0.1239758486295442,-0.02614021960766455,0.24752475247524752,0.29406934363365117,0.17009349500410698,0.20145456511500517,0.10532235799631874,376.46423899338834
AAPL,2023-11-14,False,-0.004513589117984801,-0.02863502739493723,0.08118811881188119,0.19694097599702037,0.20145456511500517,0.13729940899745544,0.05469880898264255,205.05489778497068
AAPL,2023-12-14,False,0.043133956174489896,-0.03224819043727137,0.009900990099009901,0.18043336517194533,0.13729940899745544,0.17883971477679675,-0.01897482225389719,-75.1820409660177
AAPL,2024-01-17,False,0.08476207704578323,-0.027426261724951606,0.19207920792079208,0.26360179182258,0.17883971477679675,0.1890140803905667,0.14493473177998384,529.5335148006753
AAPL,2024-02-15,False,0.036388402723702,-0.0272351433585738,0.18415841584158416,0.2254024831142687,0.1890140803905667,0.17795860550948678,0.020525078046909527,75.47481724464598
AAPL,2024-03-18,False,0.05500087712339255,-0.02971519616270149,0.22772277227722773,0.23295948263287933,0.17795860550948678,0.2692286022041357,-0.08652595783303486,-300.62579000754647
AAPL,2024-04-17,False,0.042167836529470704,-0.009287581358855268,0.4594059405940594,0.3113964387336064,0.2692286022041357,0.26913733907031046,-0.0032991476586004074,-11.085136132897368
AAPL,2024-05-16,False,-0.0625911962548922,-0.02893902972083859,0.009900990099009901,0.20654614281541825,0.26913733907031046,0.3066083504337421,-0.12763006570131633,-484.5858241068526
AAPL,2024-06-17,False,-0.06145617317190505,-0.037903278072872415,0.07128712871287128,0.24515217726183708,0.3066083504337421,0.2563089767114612,-0.02876337416179122,-124.64320453935986
AAPL,2024-07-18,False,0.03562882101405973,-0.01119499380408473,0.4613861386138614,0.2919377977255209,0.2563089767114612,0.24875504260978196,0.1037178216776039,465.0292100806646
AAPL,2024-08-16,False,-0.011688164347329333,-0.04652884400098742,0.39801980198019804,0.23706687826245262,0.24875504260978196,0.16770754160567117,0.07262486904518892,328.3370373859693
AAPL,2024-09-17,False,0.09329803860913807,-0.0361102427569609,0.601980198019802,0.26100558021480924,0.16770754160567117,0.24131225912215126,-0.004382592118658366,-19.002042319596118
AAPL,2024-10-16,False,0.04070709246402571,-0.010335396597081603,0.7544554455445545,0.28201935158617697,0.24131225912215126,0.16928542764409313,0.11465067932347661,531.4746862728193
AAPL,2024-11-14,False,0.040471128471900236,-0.033563868116029655,0.3425742574257426,0.20975655611599336,0.16928542764409313,0.13478311885402303,0.047973313893338795,218.9693951059791
AAPL,2024-12-16,False,0.0800460002411506,-0.040654520594741866,0.42178217821782177,0.21482911909517363,0.13478311885402303,0.2514501615061817,-0.028659179100043487,-143.8920025772199
AAPL,2025-01-17,False,0.04784561155217776,-0.04022911374590282,0.5485148514851486,0.29929577305835947,0.2514501615061817,0.29067150715794293,-0.012077921518298375,-55.553606783516244
AAPL,2025-02-19,False,-0.05437178486442773,-0.0397595087487157,0.499009900990099,0.2362997222935152,0.29067150715794293,0.29558977547143483,-0.10778920281768682,-527.8868313530501
AAPL,2025-03-20,False,0.01270291407442481,-0.013736406878004925,0.8871287128712871,0.30829268954585964,0.29558977547143483,0.7557849038410916,-0.4274999070891642,-1830.5546543408484
AAPL,2025-04-21,False,-0.26894810904777544,0.02784584339356827,0.9881188118811881,0.4868367947933162,0.7557849038410916,0.3242969107466498,0.11942020734746235,461.34415377131376
AAPL,2025-05-20,False,-0.012016726469492423,-0.04389061901333602,0.7445544554455445,0.31228018427715737,0.3242969107466498,0.22426072748362993,0.10665486101261688,441.2524922833378
AAPL,2025-06-20,False,0.06699292098081952,-0.025438914518644606,0.8633663366336634,0.29125364846444945,0.22426072748362993,0.15039837165514172,0.11027307501097725,443.29776154412855
AAPL,2025-07-22,False,0.1682859024541529,-0.0565105841494975,0.5722772277227722,0.3186842741092946,0.15039837165514172,0.291346892369137,-0.028297350715013183,-121.33903641171008
AAPL,2025-08-20,False,-0.02013499112861905,-0.056858812707446194,0.4772277227722772,0.27121190124051797,0.291346892369137,0.24439878491936148,0.014173399015429935,64.06659667241027
AAPL,2025-09-19,False,0.0023688473233196006,-0.046713937553951895,0.45742574257425744,0.24676763224268108,0.24439878491936148,0.2668631338162776,-0.017013853605027655,-83.53802120068579
AAPL,2025-10-20,False,0.04639809048111382,-0.034585204125739344,0.7346534653465346,0.3132612242973914,0.2668631338162776,0.15253869746430687,0.18496651358561642,970.1123343275688
AAPL,2025-11-18,False,0.12292755697408081,0.001624677278504072,0.9465346534653465,0.2754662544383877,0.15253869746430687,0.1454259179700713,0.14023590114540183,750.0937948939815
AAPL,2025-12-18,False,0.07173517752272804,-0.03383302472917282,0.601980198019802,0.21716109549279933,0.1454259179700713,0.1657583304823848,0.04442035032040472,241.81550524318163
AAPL,2026-01-21,False,0.14652313285504448,-0.043944286523729614,0.6,0.3122814633374293,0.1657583304823848,0.3139799858283844,-0.008832846122920368,-43.7490857685963
AAPL,2026-02-20,False,-0.028746161103131218,-0.028923339131351977,0.7623762376237624,0.28523382472525316,0.3139799858283844,0.20636190938216156,0.061405200968296034,324.9317449531807
AAPL,2026-03-23,False,0.08942666422860687,0.000548986739435986,0.9485148514851485,0.29578857361076843,0.20636190938216156,0.25372265786794246,0.05535111233074281,278.405030882225
AAPL,2026-04-22,False,0.04686527690069259,-0.035656470233421,0.6811881188118812,0.30058793476863505,0.25372265786794246,0.20081542199723865,0.058982058954730486,322.24259673318295
AAPL,2026-05-21,False,0.048948500184082505,-0.04661034179322637,0.44554455445544555,0.24976392218132115,0.20081542199723865,0.23738298953898074,0.006663673166854587,40.64707228168094
AMZN,2011-01-07,True,0.18856471363382507,-0.06644401744333062,0.05511811023622047,0.3744101225282708,0.1858454088944457,0.3878769625779262,-0.06658776339056659,-12.351364089069389
AMZN,2011-02-08,True,-0.085640952650899,-0.037719279977238174,0.02027027027027027,0.3022360099270272,0.3878769625779262,0.2330546683310895,0.025672303984590337,4.699571904742584
AMZN,2011-03-10,True,0.14395773621079344,-0.014702524640255732,0.6627218934911243,0.37701240454188295,0.2330546683310895,0.25061021035269726,0.07449905355339889,12.377272996082414
AMZN,2011-04-08,True,0.10200911743320562,-0.041614620626607646,0.28421052631578947,0.3526193277859029,0.25061021035269726,0.3355304422064612,-0.034579337114724676,-6.387149590621872
AMZN,2011-05-10,True,-0.03191287189436526,-0.04537145689191868,0.07582938388625593,0.30361757031209596,0.3355304422064612,0.2637052847184573,0.007505431559498292,1.5306576446750415
AMZN,2011-06-09,True,0.05645884414299912,-0.02599872453437846,0.3620689655172414,0.3201641288614564,0.2637052847184573,0.28981282672676956,-0.016626451689501172,-3.1537054249634524
AMZN,2011-07-11,True,0.0960891225968813,-0.03231030551578362,0.45454545454545453,0.38590194932365085,0.28981282672676956,0.392583396515449,0.001391821526461836,0.29583165376883214
AMZN,2011-08-09,True,0.09804826368190034,0.05434602736909072,0.9963503649635036,0.49063166019734933,0.392583396515449,0.522461516979569,0.058236356586343026,11.943694825487395
AMZN,2011-09-08,True,-0.03083674001096337,0.008485433567417544,0.9559322033898305,0.4916247769686056,0.522461516979569,0.3999679387805837,0.19687089184715809,42.77216963227231
AMZN,2011-10-07,True,0.15067840283016543,-0.016375671132832892,0.9208860759493671,0.5506463416107491,0.3999679387805837,0.6176544829487968,-0.13198742427265678,-29.662854959557528
AMZN,2011-11-07,True,-0.19000058611782183,-0.021247649458622675,0.8160237388724035,0.42765389683097493,0.6176544829487968,0.43226188332331855,-0.034605918046953184,-7.509484480211043
AMZN,2011-12-07,True,0.029693695902760886,-0.030442411962982197,0.7793296089385475,0.46195557922607944,0.43226188332331855,0.33925406103314504,0.08567001466629591,16.733066911671333
AMZN,2012-01-09,True,0.1262001940469406,-0.06513740998422246,0.48284960422163586,0.46545425508008564,0.33925406103314504,0.4095150400724627,0.10103955351123581,18.041623584593594
AMZN,2012-02-08,True,-0.08544693070955495,-0.04348264331816992,0.28,0.32406810936290775,0.4095150400724627,0.2633185346819058,0.10993691274759518,20.39109894547487
AMZN,2012-03-09,True,0.06123303334437691,-0.07514828825042436,0.1496437054631829,0.3245515680262827,0.2633185346819058,0.2829893034797197,0.07630663110492898,14.06483763980018
AMZN,2012-04-10,True,0.16134350907255374,-0.047028609641281194,0.497737556561086,0.4443328125522734,0.2829893034797197,0.5413284365328778,-0.19181452677718225,-35.86548012899181
AMZN,2012-05-09,True,-0.16345802737905551,-0.026434351626675956,0.5075593952483801,0.37787040915382225,0.5413284365328778,0.2609520635379124,0.16458529699304206,36.69923007601043
AMZN,2012-06-08,True,0.0998199409186068,-0.03962909541604509,0.5681818181818182,0.3607720044565192,0.2609520635379124,0.21863103221530658,0.22143746602674827,48.37965663144104
AMZN,2012-07-10,True,0.20430382168326158,-0.047000632597137826,0.3821782178217822,0.42293485389856816,0.21863103221530658,0.3444720394945397,0.042621401842705776,9.355398029649407
AMZN,2012-08-08,True,-0.04254477769389248,-0.06198412783066565,0.02574257425742574,0.3019272618006472,0.3444720394945397,0.18873859100820278,0.11215214643654674,26.286219773762753
AMZN,2012-09-07,True,0.12160705911486036,-0.06681424297935817,0.011881188118811881,0.31034565012306314,0.18873859100820278,0.18884114537806485,0.2202671504373431,57.0800283896402
AMZN,2012-10-08,True,0.1928879320051608,-0.054946245336739086,0.061386138613861385,0.38172907738322565,0.18884114537806485,0.3556972287919432,0.01126607208852496,2.918588650724872
AMZN,2012-11-08,True,-0.01688387280567477,-0.02378738799975383,0.5089108910891089,0.33881335598626844,0.3556972287919432,0.1992828456178254,0.08928557458221778,20.29907592622311
AMZN,2012-12-10,True,0.12086136431220068,-0.025114768858808256,0.18811881188118812,0.32014420993002607,0.1992828456178254,0.27000059261492154,-0.0009030068494116774,-0.2237380109367928
AMZN,2013-01-10,True,0.12871341916898427,-0.07503517971726104,0.0039603960396039604,0.3987140117839058,0.27000059261492154,0.3709600195264815,0.054773385799159476,14.533570405250616
AMZN,2013-02-11,True,-0.06226808343108137,-0.0401411745836216,0.013861386138613862,0.30869193609540013,0.3709600195264815,0.2255365552597956,0.05838538761474323,15.017305940379845
AMZN,2013-03-13,True,-0.002809261417111325,-0.04865812157565899,0.0039603960396039604,0.22272729384268428,0.2255365552597956,0.23738441418551315,0.014148140556434556,3.8921534994576703
AMZN,2013-04-12,True,0.13744047514890667,-0.05886069442810532,0.009900990099009901,0.3748248893344198,0.23738441418551315,0.36163616908667273,-0.015168129240822701,-4.138927525465623
AMZN,2013-05-13,True,-0.09566583326805927,-0.05113664492737169,0.027722772277227723,0.26597033581861346,0.36163616908667273,0.22165858743613287,0.046306765634431146,12.248602676885307
AMZN,2013-06-12,True,0.06929516851033385,-0.007287081076987056,0.5841584158415841,0.2909537559464667,0.22165858743613287,0.2063462190360105,0.07325027190045413,19.89990123307112
AMZN,2013-07-12,True,0.1632908687232351,-0.046753565005287046,0.1485148514851485,0.3696370877592456,0.2063462190360105,0.1735826123862436,0.21740195753302097,66.86197021477076
AMZN,2013-08-12,True,0.06749229271619314,-0.04288619018579937,0.07326732673267326,0.24107490510243673,0.1735826123862436,0.18577706290963508,0.12432191273302846,36.88506906653297
AMZN,2013-09-11,True,0.062111368854014054,-0.031053740576471894,0.1900990099009901,0.24788843176364914,0.18577706290963508,0.262298300491012,-0.012641845316546994,-3.788002619383797
AMZN,2013-10-10,True,0.12355449636122018,-0.016570687919479687,0.499009900990099,0.38585279685223217,0.262298300491012,0.42929020728464345,-0.10419273660053933,-31.796497635067738
AMZN,2013-11-08,True,-0.14838083461829854,-0.03643149601931889,0.0891089108910891,0.2809093726663449,0.42929020728464345,0.20528107104874746,0.02097100107746766,7.346351016256881
AMZN,2013-12-10,True,0.07577771758286114,-0.02562686588501989,0.2712871287128713,0.2810587886316086,0.20528107104874746,0.16962394721767934,0.1410784709302776,54.70740928512811
AMZN,2014-01-10,True,0.17708729400045484,-0.04969293959223775,0.015841584158415842,0.3467112412181342,0.16962394721767934,0.5060534553849901,-0.31837318769207795,-126.60427812555983
AMZN,2014-02-11,True,-0.2099212748399551,-0.024507600772731564,0.4,0.29613218054503504,0.5060534553849901,0.2097497278143033,0.1351251215692822,48.886918887184216
AMZN,2014-03-13,True,0.07077689021860273,-0.015253820508957683,0.6455445544554456,0.280526618032906,0.2097497278143033,0.3227536625815805,-0.03571294192485099,-13.267715403260592
AMZN,2014-04-11,True,0.1695069817635561,0.00673610677431008,0.7564356435643564,0.4922606443451366,0.3227536625815805,0.46984162462641216,0.018651155467387336,5.814124756459345
AMZN,2014-05-13,True,-0.18255991640028013,-0.04371541288657199,0.015841584158415842,0.287281708226132,0.46984162462641216,0.2748809471070353,-0.02703089939170894,-8.234693380421255
AMZN,2014-06-12,True,0.028619998836545868,-0.03623198628963903,0.10693069306930693,0.3035009459435812,0.2748809471070353,0.29820331949927925,-0.06024272253989782,-19.63370546397804
AMZN,2014-07-14,True,0.08465560527025573,-0.03480981658961729,0.055445544554455446,0.382858924769535,0.29820331949927925,0.3968318444349293,-0.0905652873625471,-32.17965925993852
AMZN,2014-08-12,True,-0.14192943690324317,-0.027407902069364276,0.5168316831683168,0.25490240753168614,0.3968318444349293,0.21597920647500432,0.03627482894746304,11.583278091678718
AMZN,2014-09-11,True,0.06591525130208295,-0.04002444652407822,0.23564356435643563,0.28189445777708727,0.21597920647500432,0.2167868561979799,0.054010768130759036,17.851638077128996
AMZN,2014-10-10,True,0.1754381846121876,0.023516850925077548,0.996039603960396,0.3922250408101675,0.2167868561979799,0.36670639517831966,0.00218798115401136,0.6813154502121597
AMZN,2014-11-10,True,-0.09549145815229376,-0.04898356583669561,0.22178217821782178,0.2712149370260259,0.36670639517831966,0.2803482703197453,0.037293338620328645,11.378570426947723
AMZN,2014-12-10,True,0.08579923224928243,-0.011689510227853028,0.9544554455445544,0.3661475025690277,0.2803482703197453,0.22906028227553915,0.16396958577368434,50.148457512549065
AMZN,2015-01-12,True,0.23957414567321778,-0.020398910264568637,0.9663366336633663,0.4686344279487569,0.22906028227553915,0.5186223915425423,-0.09933544895697671,-28.94734392326453
AMZN,2015-02-11,True,-0.23863516239885862,-0.04386702155302363,0.8613861386138614,0.2799872291436837,0.5186223915425423,0.20430960096093043,0.09059777967088128,33.98685101043791
AMZN,2015-03-13,True,0.07008192653491163,-0.03135949492856582,0.7722772277227723,0.27439152749584206,0.20430960096093043,0.13595171501530062,0.14100027187248507,52.251878857191315
AMZN,2015-04-14,True,0.26222753466064297,-0.06136129124767564,0.4178217821782178,0.3981792496759436,0.13595171501530062,0.5067566925470317,-0.2579245093622927,-99.32931189355286
AMZN,2015-05-13,True,-0.2652822554140922,-0.042872684612344364,0.43366336633663366,0.2414744371329395,0.5067566925470317,0.15609578264109103,0.15847971890540508,67.65023804442781
AMZN,2015-06-12,True,0.07034993877128665,-0.029082853413681664,0.4514851485148515,0.22644572141237768,0.15609578264109103,0.22694058835746878,-0.014068799578932385,-6.048458396550292
AMZN,2015-07-14,True,0.1679985781004607,-0.05966421553754114,0.38415841584158417,0.3949391664579295,0.22694058835746878,0.3664778470469318,-0.091956267520488,-42.81207873988013
AMZN,2015-08-12,True,-0.07723164484324618,-0.04640449267644248,0.4277227722772277,0.28924620220368563,0.3664778470469318,0.4557070089845408,0.005052547182813476,2.65718506886854
AMZN,2015-09-11,True,-0.07650323473263382,-0.023440607228415733,0.9643564356435643,0.379203774251907,0.4557070089845408,0.2838325775426483,0.15468004437381866,81.89380307091137
AMZN,2015-10-12,True,0.21466450015401656,-0.09196495083152167,0.7742574257425743,0.49849707769666485,0.2838325775426483,0.30175347976226435,0.15975576020251497,87.89602331469015
AMZN,2015-11-10,True,-0.0029853441320322194,-0.05151898164682983,0.691089108910891,0.29876813563023213,0.30175347976226435,0.2420787026123147,0.17052926058899207,112.49474658049272
AMZN,2015-12-10,True,0.06970009787384071,-0.02217610844124912,0.8811881188118812,0.3117788004861554,0.2420787026123147,0.34089778618490973,-0.10713321826476349,-70.95647554050846
AMZN,2016-01-12,True,0.13302783635220627,-0.001228256919272308,0.9346534653465347,0.473925622537116,0.34089778618490973,0.6144771702749567,-0.14850345132981277,-91.75879971752154
AMZN,2016-02-11,True,-0.15451502094346276,0.006666128981951791,0.9900990099009901,0.459962149331494,0.6144771702749567,0.2973023820278204,0.11570164183402418,58.29280115350872
AMZN,2016-03-14,True,0.0011506459769836108,-0.04262802737145244,0.700990099009901,0.298453028004804,0.2973023820278204,0.23170168470873792,0.05457436312562513,31.29130356797134
AMZN,2016-04-13,True,0.22866141555567238,-0.10963225074111915,0.3683168316831683,0.4603631002644103,0.23170168470873792,0.40690048220185615,0.01826182423158581,11.227734489837196
AMZN,2016-05-12,True,-0.12061477658810632,-0.06397967477570582,0.44356435643564357,0.28628570561374983,0.40690048220185615,0.1389798994483435,0.21703403833977128,155.81524555566722
AMZN,2016-06-13,True,0.12215128912091677,-0.010866062402387244,0.8633663366336634,0.26113118856926026,0.1389798994483435,0.20169728387708705,0.061830735796678554,44.2238167543249
AMZN,2016-07-13,True,0.20182686241636746,-0.08744132647545755,0.16237623762376238,0.4035241462934545,0.20169728387708705,0.11900910802930124,0.3124087359493823,232.00410110352306
AMZN,2016-08-11,True,0.06843315420447334,-0.05587111983642862,0.011881188118811881,0.18744226223377458,0.11900910802930124,0.15851154242888207,0.0056799397487790875,4.380596763049224
AMZN,2016-09-12,True,-0.04206256242682449,-0.01567142808261643,0.5108910891089109,0.11644898000205758,0.15851154242888207,0.16247178093871834,-0.11997586399912737,-92.56018180642027
AMZN,2016-10-11,True,0.16303781087779884,-0.032409817915930506,0.5425742574257426,0.3255095918165172,0.16247178093871834,0.2946472271337598,0.03928827100694303,32.64855260727822
AMZN,2016-11-09,True,-0.04343472190993797,-0.03210077766388125,0.4079207920792079,0.2512125052238218,0.2946472271337598,0.2641579349413352,0.07111389938314577,54.89139917332238
AMZN,2016-12-09,True,-0.026646653127145564,-0.06749029270953541,0.015841584158415842,0.23751128181418965,0.2641579349413352,0.18824203362468256,0.02906466875466086,22.340847504412313
AMZN,2017-01-11,True,0.11956554159427307,-0.08446139468113817,0.0019801980198019802,0.30780757521895563,0.18824203362468256,0.18059524378119846,0.17038685868202819,136.14250855208536
AMZN,2017-02-10,True,-0.010599710479182428,-0.04615142085002663,0.007920792079207921,0.16999553330201603,0.18059524378119846,0.08869901549072058,0.0665654125290386,55.080217713897206
AMZN,2017-03-14,True,-0.017100646710382944,-0.013094453750595272,0.17227722772277226,0.07159836878033764,0.08869901549072058,0.14636097706486856,-0.1251763516851029,-106.71659303925807
AMZN,2017-04-12,True,0.13906230671001535,0.008615019589983952,0.6712871287128713,0.2854232837748839,0.14636097706486856,0.1558941378609948,0.1267070408003632,113.55865256855465
AMZN,2017-05-12,True,0.04100212147933166,-0.0468905125904778,0.011881188118811881,0.19689625934032645,0.1558941378609948,0.18754534024112313,0.0012055167145625652,1.1589235192973373
AMZN,2017-06-13,True,-0.0011238650473903988,-0.0398601065953465,0.03564356435643564,0.18642147519373273,0.18754534024112313,0.19324287000077753,0.00914977233960044,8.974005430755252
AMZN,2017-07-13,True,0.07840916224670127,-0.07002984404255613,0.011881188118811881,0.2716520322474788,0.19324287000077753,0.20079146812002938,0.0900661646948774,90.12290956701258
AMZN,2017-08-11,True,0.03158222158481544,-0.012778042259527778,0.6613861386138614,0.23237368970484482,0.20079146812002938,0.16116522982409587,0.10342507865312539,100.1144456098527
AMZN,2017-09-12,True,0.012753979465380982,-0.04715624532718854,0.09702970297029703,0.17391920928947685,0.16116522982409587,0.14443629424412424,0.0811137120666453,79.70071382636203
AMZN,2017-10-11,True,0.1511768314642375,-0.06913457402710965,0.04356435643564356,0.29561312570836173,0.14443629424412424,0.44793895795672045,-0.4158082575964257,-413.7292163084436
AMZN,2017-11-09,True,-0.21773257473432459,-0.055772435819317706,0.16633663366336635,0.23020638322239587,0.44793895795672045,0.19787998387270694,0.03894190447079332,43.970473379459186
AMZN,2017-12-11,True,-0.03902243451575457,-0.04808304211106065,0.005940594059405941,0.15885754935695237,0.19787998387270694,0.14876615711431262,-0.022116198205082316,-25.852066027922447
AMZN,2018-01-11,True,0.13700979777146832,-0.06358832942662074,0.0891089108910891,0.28577595488578095,0.14876615711431262,0.37147696470374475,-0.07857993846756167,-100.32143526722997
AMZN,2018-02-12,True,-4.2560180359862976e-05,0.0388144918325819,0.9861386138613861,0.3714344045233849,0.37147696470374475,0.18539919363367222,0.11208072541765852,155.3696652270764
AMZN,2018-03-14,True,0.059765530873559874,-0.021355527992727885,0.9168316831683169,0.2451647245072321,0.18539919363367222,0.408026126046787,-0.20525516521306603,-326.5609803817691
AMZN,2018-04-13,True,-0.008981562929307685,-0.02531802280094786,0.8851485148514852,0.3990445631174793,0.408026126046787,0.30241752682495504,0.036911808185249466,52.813044095863624
AMZN,2018-05-14,True,-0.06508941723422046,-0.02840903213708923,0.6099009900990099,0.23732810959073458,0.30241752682495504,0.12621009072914827,0.09431643362334693,151.05154766767987
AMZN,2018-06-13,True,0.049672854435305,-0.02601155596517621,0.6316831683168317,0.17588294516445327,0.12621009072914827,0.215350700416865,-0.04065063570236829,-69.3036397069534
AMZN,2018-07-13,True,0.09246374829997905,-0.05757439498788208,0.5168316831683168,0.30781444871684405,0.215350700416865,0.20583091063315714,0.12786760044038442,231.8277876659228
AMZN,2018-08-13,True,0.02223545423582135,-0.02136216686496592,0.7920792079207921,0.2280663648689785,0.20583091063315714,0.20886156232310538,0.016491284230837202,31.270772353275014
AMZN,2018-09-12,True,0.09142352575420071,-0.048132552059034606,0.6554455445544555,0.3002850880773061,0.20886156232310538,0.3162818887753454,0.026653980807606524,53.041421807136985
AMZN,2018-10-11,True,0.17853699803084117,0.06597074787403523,0.9881188118811881,0.4948188868061866,0.3162818887753454,0.6288088008059476,-0.26235898428255733,-451.0895553860302
AMZN,2018-11-09,True,-0.25151102647968626,-0.02316620041549755,0.8772277227722772,0.3772977743262613,0.6288088008059476,0.4958089453099698,-0.22358422146174778,-382.8723198969121
AMZN,2018-12-12,True,-0.07715751499764706,-0.002461268409919226,0.9465346534653465,0.4186514303123227,0.4958089453099698,0.5372052270927059,0.051106575880764504,85.0178352370376
AMZN,2019-01-14,False,-0.08628532923261001,-0.01971473752260855,0.8435643564356435,0.4509198978600959,0.5372052270927059,0.37814733830161573,0.12693716903653163,205.2840503052712
AMZN,2019-02-13,False,-0.1044659658762831,-0.022186278760239042,0.699009900990099,0.27368137242533264,0.37814733830161573,0.19515207823921676,0.09102217295477857,149.27636364583685
AMZN,2019-03-15,False,0.028340616905036725,-0.03520855023208522,0.5128712871287129,0.2234926951442535,0.19515207823921676,0.17999077342781553,-0.015093775475139855,-25.84597623025931
AMZN,2019-04-15,False,0.12380298873438564,-0.05262925407628066,0.42574257425742573,0.30379376216220116,0.17999077342781553,0.2369200558404102,0.049406197992669314,91.14801224949464
AMZN,2019-05-15,False,0.014213983399454344,-0.015542276884314254,0.7346534653465346,0.25113403923986455,0.2369200558404102,0.28441126879577633,0.05501163186150394,102.93501797953229
AMZN,2019-06-14,False,-0.01882859955308097,-0.022217740593133917,0.6178217821782178,0.26558266924269536,0.28441126879577633,0.14224440770522917,0.08867364797997122,165.79045519718903
AMZN,2019-07-16,False,0.13226103976542775,-0.04864453916436612,0.39603960396039606,0.2745054474706569,0.14224440770522917,0.2541173117404048,0.058332206932825474,117.24190591856974
AMZN,2019-08-14,False,0.0848387967300866,0.011920621094096362,0.9287128712871288,0.3389561084704914,0.2541173117404048,0.17943757042455374,0.17325114039440928,305.43483956372074
AMZN,2019-09-13,False,0.04402120137300397,-0.045971798053705076,0.44554455445544555,0.22345877179755771,0.17943757042455374,0.17476929011802428,-0.0013775491362667779,-2.5337813073351265
AMZN,2019-10-14,False,0.1171478146182694,-0.04934743465124847,0.45544554455445546,0.2919171047362937,0.17476929011802428,0.14499394819970415,0.1772458728385662,307.7750604931135
AMZN,2019-11-12,False,0.04032169906178262,-0.03960942221109476,0.23366336633663368,0.18531564726148678,0.14499394819970415,0.13664558217713876,0.06076271506173943,108.0361092341036
AMZN,2019-12-12,False,0.06924260646003175,-0.030690434223095364,0.3940594059405941,0.2058881886371705,0.13664558217713876,0.21050842966451977,-0.03824023602807994,-67.315436507829
AMZN,2020-01-14,False,0.07091212067851677,-0.04935197211537501,0.12673267326732673,0.28142055034303654,0.21050842966451977,0.303337089432475,-0.08580557651606423,-160.4083771716774
AMZN,2020-02-13,False,-0.03301621655280934,-0.02828760222911736,0.39801980198019804,0.27032087287966566,0.303337089432475,0.6009006139741053,-0.10238306609961313,-220.11028181565797
AMZN,2020-03-16,False,0.12327319368077994,0.12795689999847926,1.0,0.7241738076548853,0.6009006139741053,0.49724346505434797,0.18290646871157207,385.79850140265063
AMZN,2020-04-15,False,0.0014782354117662266,0.01850871514104857,0.9485148514851485,0.4987217004661142,0.49724346505434797,0.4100341671316366,0.17609737914556509,406.376409364993
AMZN,2020-05-14,False,-0.08776149636893243,-0.021925704750299202,0.900990099009901,0.32227267076270416,0.4100341671316366,0.2322164773611419,0.11617215867333214,277.5178548652622
AMZN,2020-06-15,False,0.1530559711391282,-0.022033577843889207,0.9108910891089109,0.3852724485002701,0.2322164773611419,0.36714370609561015,0.040864653729189765,105.1316795508908
AMZN,2020-07-15,False,0.23723589915045934,-0.08000053373543581,0.8198019801980198,0.6043796052460695,0.36714370609561015,0.38438318418807166,0.2779643056517787,872.0922049863101
AMZN,2020-08-13,False,-0.012270891098437986,-0.09779456443943518,0.7188118811881188,0.37211229308963367,0.38438318418807166,0.3644779704279935,0.05943233740690209,187.8668010958295
AMZN,2020-09-14,False,0.07072938481033214,-0.07528129362996527,0.7782178217821782,0.43520735523832565,0.3644779704279935,0.42321726541118404,0.01973760085842011,61.24518275740182
AMZN,2020-10-13,False,0.08040979808142384,-0.04265199983233514,0.7485148514851485,0.5036270634926079,0.42321726541118404,0.4486342453011039,0.06693697002707646,230.5061625066904
AMZN,2020-11-11,False,-0.07330155086259493,-0.03362850691081731,0.6455445544554456,0.375332694438509,0.4486342453011039,0.14742993759334655,0.3091442885251303,969.9062416416792
AMZN,2020-12-11,False,0.2188885087475279,-0.04166111485063162,0.6376237623762376,0.36631844634087446,0.14742993759334655,0.23042848316050685,0.2195715483450909,684.2771609411648
AMZN,2021-01-13,False,0.18582589013506035,-0.060506553266774565,0.596039603960396,0.4162543732955672,0.23042848316050685,0.26809765646232725,0.18601488585551007,588.902646999033
AMZN,2021-02-12,False,0.0407513742762774,-0.09707025387424006,0.49504950495049505,0.30884903073860465,0.26809765646232725,0.2723649596084576,0.024812159425453166,81.32706210117712
AMZN,2021-03-16,False,0.04521501164975117,-0.07608505014180222,0.4514851485148515,0.31757997125820875,0.2723649596084576,0.24216192105979917,0.06775941465541198,209.50262693961898
AMZN,2021-04-15,False,0.08480526728040894,-0.07966420531251162,0.3326732673267327,0.3269671883402081,0.24216192105979917,0.23313447307399396,0.09444179312570143,319.12731550513547
AMZN,2021-05-14,False,0.051109508507803075,-0.05034252772211312,0.401980198019802,0.28424398158179703,0.23313447307399396,0.1608043129989816,0.12954208327892264,417.5011912689096
AMZN,2021-06-15,False,0.07833916492721596,-0.049609961355914334,0.3089108910891089,0.23914347792619756,0.1608043129989816,0.23286801714625466,-0.043382354342929495,-146.7681393643254
AMZN,2021-07-15,False,0.10756631604529904,-0.07871139989338599,0.29504950495049503,0.3404343331915537,0.23286801714625466,0.3055103800716811,-0.025832194055672043,-93.80186179361873
AMZN,2021-08-13,False,-0.071324917395443,-0.07011490787118801,0.1801980198019802,0.23418546267623808,0.3055103800716811,0.16135087698556536,0.045348891546377,149.37788972631532
AMZN,2021-09-14,False,0.0856006060231447,-0.037893445065953046,0.4198019801980198,0.24695148300871006,0.16135087698556536,0.21074425074869077,0.006069707577108553,20.94049114102451
AMZN,2021-10-13,False,0.09950242147605218,-0.046648499639248275,0.3564356435643564,0.31024667222474295,0.21074425074869077,0.27315932041638125,0.043038934373481844,141.3519152719333
AMZN,2021-11-11,False,0.006246980066266006,-0.056785425650774546,0.29306930693069305,0.27940630048264725,0.27315932041638125,0.260106617388595,0.05647007879076132,196.09234860091868
AMZN,2021-12-13,False,0.025337368866799215,-0.05439785222114418,0.40594059405940597,0.2854439862553942,0.260106617388595,0.22364122572464284,0.07541660367334058,255.76410623248628
AMZN,2022-01-12,False,0.0945553012576904,-0.06896697775089583,0.2297029702970297,0.31819652698233325,0.22364122572464284,0.643734825953328,-0.10196679999821925,-336.9125840397705
AMZN,2022-02-11,False,-0.2689173538086039,-0.01951925429994028,0.7247524752475247,0.3748174721447241,0.643734825953328,0.4249044941005047,-0.02865768217550524,-87.86072966061226
AMZN,2022-03-15,False,-0.0036759645113426664,-0.029139045678558628,0.8198019801980198,0.421228529589162,0.4249044941005047,0.33339613444708166,0.07920010150998703,233.42883653694744
AMZN,2022-04-13,False,0.07381892448694977,-0.0670650132908992,0.46534653465346537,0.4072150589340314,0.33339613444708166,0.742244627670799,-0.292348443188546,-909.4433861810166
AMZN,2022-05-13,False,-0.21194472804247688,-0.032572655880138135,0.8514851485148515,0.5302998996283221,0.742244627670799,0.5475076736814809,-0.15015300975492196,-339.5109712733153
AMZN,2022-06-14,False,-0.004707890906092804,-0.009504594239147957,0.9524752475247524,0.5427997827753881,0.5475076736814809,0.4498435375486191,0.07660923528040164,156.75781349007252
AMZN,2022-07-15,False,0.07547446131858954,-0.05978284437144532,0.6396039603960396,0.5253179988672086,0.4498435375486191,0.5291132825136574,-0.0882795461279175,-200.48285464465653
AMZN,2022-08-15,False,-0.1737039670815808,-0.057998973428911194,0.3485148514851485,0.3554093154320766,0.5291132825136574,0.4064108901800522,-0.05203995576342555,-149.021609701105
AMZN,2022-09-14,False,0.028836668824830547,-0.020966780276267583,0.7544554455445545,0.43524755900488277,0.4064108901800522,0.3577766324111317,0.014748675617588358,37.91884591300739
AMZN,2022-10-13,False,0.23237116666060004,0.002511097774714921,0.9425742574257425,0.5901477990717318,0.3577766324111317,0.7003514806159388,0.009327563633078545,21.375342962807235
AMZN,2022-11-11,False,-0.2507650548351352,-0.062150067027301636,0.5405940594059406,0.44958642578080354,0.7003514806159388,0.31058498721956834,0.09603263468174991,193.58258674988153
AMZN,2022-12-13,False,0.12311614352409717,-0.0324156675036914,0.5405940594059406,0.4337011307436655,0.31058498721956834,0.402551996403035,0.019245062296652564,35.599515414110144
AMZN,2023-01-13,False,0.12016880141953451,-0.07681785092070659,0.2376237623762376,0.5227207978225695,0.402551996403035,0.48069643688308067,0.21185136062979218,415.737121737247
AMZN,2023-02-14,False,-0.07547699411131387,-0.046234124290005285,0.30495049504950494,0.4052194427717668,0.48069643688308067,0.30288781743993154,0.16640125057602842,331.80408349227434
AMZN,2023-03-16,False,0.09157431413030032,-0.026099646179023384,0.6336633663366337,0.39446213157023186,0.30288781743993154,0.29361053739472837,0.1604383073390439,321.0049682616722
AMZN,2023-04-17,False,0.1563461713889271,-0.06926200157985407,0.12079207920792079,0.44995670878365546,0.29361053739472837,0.35637578091756567,0.13023776122805164,267.612546207043
AMZN,2023-05-16,False,-0.025211101556672166,-0.05176115935198994,0.22376237623762377,0.3311646793608935,0.35637578091756567,0.3033445714605672,-0.00482750600528802,-10.948783767317021
AMZN,2023-06-15,False,0.008922642641658152,-0.0557298472380649,0.011881188118811881,0.31226721410222535,0.3033445714605672,0.2427252154581732,0.06809499890024118,173.1111070354309
AMZN,2023-07-18,False,0.20288111496483693,-0.0914756781566689,0.005940594059405941,0.4456063304230101,0.2427252154581732,0.3857920926988854,0.08285008650390306,220.09954284032966
AMZN,2023-08-16,False,-0.06238668058385688,-0.04082249549129424,0.16633663366336635,0.32340541211502855,0.3857920926988854,0.25313062456193547,0.09006645618642034,243.30553793532445
AMZN,2023-09-15,False,0.02344176789934943,-0.04321635861697165,0.04950495049504951,0.2765723924612849,0.25313062456193547,0.3153454884531468,-0.062139370823472255,-174.47492463960816
AMZN,2023-10-16,False,0.09865605427061697,-0.03680115414612256,0.24752475247524752,0.41400154272376377,0.3153454884531468,0.4044771342824585,0.06022106096483431,159.64603629337762
AMZN,2023-11-14,False,-0.1303850576528815,-0.03985272279315766,0.08118811881188119,0.274092076629577,0.4044771342824585,0.1815338006442951,0.15851244710354592,462.2223054287719
AMZN,2023-12-14,False,0.08023012979714142,-0.04678410265440536,0.009900990099009901,0.26176393044143653,0.1815338006442951,0.2137565378744046,0.047912259540400716,141.2645042743181
AMZN,2024-01-17,False,0.16641136949557475,-0.039554300655034735,0.19207920792079208,0.38016790736997935,0.2137565378744046,0.3401644033116887,-0.006462901887534414,-19.609737774978218
AMZN,2024-02-15,False,-0.062221483741958794,-0.033583548661017204,0.18415841584158416,0.2779429195697299,0.3401644033116887,0.23159293690994479,0.05505702168082596,186.9736489884989
AMZN,2024-03-18,False,0.0369673276147435,-0.03425626143939503,0.22772277227722773,0.2685602645246883,0.23159293690994479,0.16607598842821397,0.0673231936737585,234.93101089123334
AMZN,2024-04-17,False,0.2550896962214484,-0.012561513476677943,0.4594059405940594,0.42116568464966236,0.16607598842821397,0.2731362398224824,0.2436543359339205,883.39315441343
AMZN,2024-05-16,False,-0.019643232102928343,-0.035516720789003975,0.009900990099009901,0.2534930077195541,0.2731362398224824,0.15292006512779413,0.18495773111477828,679.2757813544132
AMZN,2024-06-17,False,0.11049559811916551,-0.040727017986610714,0.07128712871287128,0.26341566324695964,0.15292006512779413,0.27459613647856146,0.03395453604886956,124.9934364451623
AMZN,2024-07-18,False,0.18397739426478338,-0.01758500569431476,0.4613861386138614,0.45857353074334484,0.27459613647856146,0.4340942822998253,-0.021547840715226006,-79.18831462845557
AMZN,2024-08-16,False,-0.14991538458606324,-0.05577546596559041,0.39801980198019804,0.28417889771376204,0.4340942822998253,0.2931142111769046,-0.05012855426811004,-177.51523392654795
AMZN,2024-09-17,False,-0.0005111068392418261,-0.04048177483553228,0.601980198019802,0.2926031043376628,0.2931142111769046,0.20302979531493068,0.21609999486368375,807.6953619060196
AMZN,2024-10-16,False,0.18897510183306618,-0.014366127917235127,0.7544554455445545,0.39200489714799686,0.20302979531493068,0.3280609816544858,0.05204738175512449,194.5427028889603
AMZN,2024-11-14,False,-0.0599941101780177,-0.04289430226694507,0.3425742574257426,0.26806687147646807,0.3280609816544858,0.29660757217175476,-0.0401647161859708,-169.88068014813845
AMZN,2024-12-16,False,-0.00906396863295994,-0.05441509699053104,0.42178217821782177,0.2875436035387948,0.29660757217175476,0.2686545764295313,0.011919451355163993,55.527954337153595
AMZN,2025-01-17,False,0.10215523355597639,-0.04984149916843256,0.5485148514851486,0.37080980998550767,0.2686545764295313,0.23966713082721472,0.2621600025051435,1184.6486321210236
AMZN,2025-02-19,False,0.0365847110384411,-0.04648180462041873,0.499009900990099,0.2762518418656558,0.23966713082721472,0.31194050020972136,-0.0706759203480912,-320.3456834717035
AMZN,2025-03-20,False,0.03198601968624415,-0.0153241214392289,0.8871287128712871,0.3439265198959655,0.31194050020972136,0.6468376935527693,-0.35867394957283544,-1398.4697074927649
AMZN,2025-04-21,False,-0.11035832858869432,0.030685273875021624,0.9881188118811881,0.536479364964075,0.6468376935527693,0.4026562089876371,0.12275835565593753,410.79857934921034
AMZN,2025-05-20,False,-0.07994327843202659,-0.045356929446161875,0.7445544554455445,0.3227129305556105,0.4026562089876371,0.2008005856416762,0.1293825759894667,528.0620645959352
AMZN,2025-06-20,False,0.11309610532465336,-0.027416621667324892,0.8633663366336634,0.31389669096632955,0.2008005856416762,0.210761809752498,0.05757759374918589,241.46891547674173
AMZN,2025-07-22,False,0.15109645234261795,-0.06416639737706015,0.5722772277227722,0.36185826209511596,0.210761809752498,0.37361014232843587,-0.025554913242987917,-116.25952293154847
AMZN,2025-08-20,False,-0.0918472038036443,-0.05907080801470144,0.4772277227722772,0.28176293852479156,0.37361014232843587,0.25663752501365245,0.026152091411368154,117.06199029860853
AMZN,2025-09-19,False,0.0363299895373857,-0.055459729688594916,0.45742574257425744,0.29296751455103814,0.25663752501365245,0.26499731768143714,-0.024972988223512183,-115.61494414564966
AMZN,2025-10-20,False,0.1928151659557425,-0.05054420071752053,0.7346534653465346,0.45781248363717963,0.26499731768143714,0.45919192787002877,-0.03795882595992565,-164.34652963254206
AMZN,2025-11-18,False,-0.053941572429453355,0.0023901332158901,0.9465346534653465,0.4052503554405754,0.45919192787002877,0.22054246994683357,0.22737245028131317,1012.034790079838
AMZN,2025-12-18,False,0.07649858488620065,-0.04627807449092036,0.601980198019802,0.2970410548330342,0.22054246994683357,0.2489055380126571,0.06704316224538254,304.05414204967707
AMZN,2026-01-21,False,0.1733214710420298,-0.05941583744888462,0.6,0.4222270090546869,0.2489055380126571,0.3431909014549324,0.0022305685073705766,10.319055919883283
AMZN,2026-02-20,False,0.013501713512451996,-0.036169418119635144,0.7623762376237624,0.3566926149673844,0.3431909014549324,0.26691833127428916,0.181617776122615,763.1942210394667
AMZN,2026-03-23,False,0.08046824909211031,0.000644753188911662,0.9485148514851485,0.34738658036639947,0.26691833127428916,0.3633043385198001,-0.09818585959197676,-412.6555294946021
AMZN,2026-04-22,False,0.06822683934684604,-0.05118927547853369,0.6811881188118812,0.43153117786664613,0.3633043385198001,0.22177923404943856,0.21845477432350544,1115.6922260916913
AMZN,2026-05-21,False,0.0908524867991552,-0.058342579011786744,0.44554455445544555,0.31263172084859375,0.22177923404943856,0.3595424879486382,-0.027219085002113192,-146.14470654164705
INDEX,2011-01-07,True,0.10834655833875283,-0.030540371654027537,0.05511811023622047,0.17209411370701425,0.06374755536826142,0.11261815727280766,0.04210461450936696,1070.7203469732017
INDEX,2011-02-08,True,0.045920373481880467,-0.019785727154616323,0.02027027027027027,0.15853853075468813,0.11261815727280766,0.1482265867407267,0.006034685512054047,159.86726129145626
INDEX,2011-03-10,True,0.07075486829979355,-0.008539719647698313,0.6627218934911243,0.21898145504052025,0.1482265867407267,0.12432767833470913,0.11472400495099266,2971.604087431054
INDEX,2011-04-08,True,0.054839435328472116,-0.021144534279143534,0.28421052631578947,0.17916711366318125,0.12432767833470913,0.09987576507107536,0.09361377161137367,2486.7001430992923
INDEX,2011-05-10,True,0.05975924959070407,-0.023855250467628125,0.07582938388625593,0.15963501466177943,0.09987576507107536,0.13461946908613373,0.003880989327084491,105.3424721559398
INDEX,2011-06-09,True,0.043394190797097804,-0.01445548607559155,0.3620689655172414,0.17801365988323153,0.13461946908613373,0.16208979669709275,0.028144107732927123,725.5550973548612
INDEX,2011-07-11,True,0.02214532396910504,-0.01542540286695901,0.45454545454545453,0.1842351206661978,0.16208979669709275,0.3658338779952258,-0.0237609631072866,-627.0470595678588
INDEX,2011-08-09,True,-0.015995643166690776,0.03875069594387476,0.9963503649635036,0.34983823482853504,0.3658338779952258,0.3688214383446914,0.04237747447997471,993.7772278706465
INDEX,2011-09-08,True,-0.02574371680010934,0.005921514437449593,0.9559322033898305,0.34307772154458205,0.3688214383446914,0.2952927215180312,0.07950722195357375,1885.752329116748
INDEX,2011-10-07,True,0.06693510996132762,-0.010772293203862526,0.9208860759493671,0.36222783147935883,0.2952927215180312,0.2852307362720112,0.04314888842101076,997.1362585887528
INDEX,2011-11-07,True,0.013586417763677083,-0.014846496637169637,0.8160237388724035,0.29881715403568826,0.2852307362720112,0.2746982333955826,0.1309733117908414,3303.4612465229557
INDEX,2011-12-07,True,0.0124092120067954,-0.01892009431993713,0.7793296089385475,0.287107445402378,0.2746982333955826,0.18625684861835445,0.16958341069962451,4276.92756764843
INDEX,2012-01-09,True,0.025103521091503406,-0.029578560956197597,0.48284960422163586,0.21136036970985786,0.18625684861835445,0.09066290761784576,0.09385431925934266,2403.9844418541943
INDEX,2012-02-08,True,0.09148122317851465,-0.02443964106028987,0.28,0.1821441307963604,0.09066290761784576,0.0966845510447367,0.10461670473409687,2824.5672527250276
INDEX,2012-03-09,True,0.07534386682793048,-0.03983231759494302,0.1496437054631829,0.17202841787266718,0.0966845510447367,0.12465289621546204,0.020870382158117175,572.2116137438386
INDEX,2012-04-10,True,0.07972215562168787,-0.021631250859141055,0.497737556561086,0.2043750518371499,0.12465289621546204,0.1318793902544431,0.10560780469389003,2869.5540753886057
INDEX,2012-05-09,True,0.06922418291833057,-0.014068427793894861,0.5075593952483801,0.20110357317277366,0.1318793902544431,0.1667825778992093,0.03285858329542533,890.1915663267305
INDEX,2012-06-08,True,0.046031805390924135,-0.02337665172777545,0.5681818181818182,0.21281438329013344,0.1667825778992093,0.17049647579220636,0.0495647056495694,1314.1189877102863
INDEX,2012-07-10,True,0.017162696167528052,-0.02085451154819673,0.3821782178217822,0.18765917195973442,0.17049647579220636,0.145625155601165,0.024677272848169174,662.0764096933304
INDEX,2012-08-08,True,0.008302486687883776,-0.03160056034495168,0.02574257425742574,0.1539276422890488,0.145625155601165,0.091487901550719,0.053498293630388986,1500.3275145414245
INDEX,2012-09-07,True,0.053031866867987235,-0.0311136273977711,0.011881188118811881,0.14451976841870623,0.091487901550719,0.09090515661894458,0.07202099800655128,2071.2087323713095
INDEX,2012-10-08,True,0.06068292115399995,-0.021819652221764185,0.061386138613861385,0.15158807777294453,0.09090515661894458,0.14889412673848904,0.007962163876476585,231.83910366724967
INDEX,2012-11-08,True,0.03628645121557847,-0.013001147032676547,0.5089108910891089,0.1851805779540675,0.14889412673848904,0.10721777053502128,0.0763051076350893,2102.2209912715784
INDEX,2012-12-10,True,0.053555526379150134,-0.012612391745427803,0.18811881188118812,0.16077329691417142,0.10721777053502128,0.14386446289426394,0.0018331402932333294,52.008025049498855
INDEX,2013-01-10,True,-0.008382044280538792,-0.02549684066463101,0.0039603960396039604,0.13548241861372515,0.14386446289426394,0.07943200386583454,0.03852655016778634,1134.314096897674
INDEX,2013-02-11,True,0.05034296861871637,-0.016875464558546577,0.013861386138613862,0.12977497248455092,0.07943200386583454,0.11111519586842006,0.023629231951124676,716.9156278585973
INDEX,2013-03-13,True,0.0077866040485003035,-0.025975883494586918,0.0039603960396039604,0.11890179991692036,0.11111519586842006,0.09401394389117068,0.023682692468594696,736.3043911766483
INDEX,2013-04-12,True,0.027013851701147992,-0.01900562181534006,0.009900990099009901,0.12102779559231867,0.09401394389117068,0.14045283834605118,-0.014268781664268135,-453.41906797827
INDEX,2013-05-13,True,-0.014398166347425828,-0.02423583435946053,0.027722772277227723,0.12605467199862536,0.14045283834605118,0.12574063893479798,-0.006018035943714285,-196.64173402603706
INDEX,2013-06-12,True,0.06025765277926037,-0.004658419436767175,0.5841584158415841,0.18599829171405835,0.12574063893479798,0.15492277574227387,0.04972770045708397,1603.7382502460239
INDEX,2013-07-12,True,-0.01613337545502594,-0.017554784038881527,0.1485148514851485,0.13878940028724793,0.15492277574227387,0.0630724615932322,0.10513942771166983,3533.084177727144
INDEX,2013-08-12,True,0.06554767728066262,-0.022880970274056195,0.07326732673267326,0.1286201388738948,0.0630724615932322,0.10758612917811515,0.052084759720508925,1759.9127495817504
INDEX,2013-09-11,True,0.0309987465085204,-0.01736095043555183,0.1900990099009901,0.13858487568663555,0.10758612917811515,0.12303516758226868,0.03990971412215885,1348.2539122006767
INDEX,2013-10-10,True,0.041915651928101955,-0.007083915354423459,0.499009900990099,0.16495081951037063,0.12303516758226868,0.10620761612958297,0.04663650991190563,1578.7018789820597
INDEX,2013-11-08,True,0.02316514029297502,-0.016778518338065457,0.0891089108910891,0.129372756422558,0.10620761612958297,0.07085651286870678,0.052061633048909366,1843.6169466021568
INDEX,2013-12-10,True,0.06852059051331372,-0.012708367360450168,0.2712871287128713,0.1393771033820205,0.07085651286870678,0.09112012623860252,0.05497813690227443,1982.0937774866002
INDEX,2014-01-10,True,0.030670222962443455,-0.017455795331301094,0.015841584158415842,0.12179034920104598,0.09112012623860252,0.1636980872779757,-0.043980145211230094,-1620.5539983613437
INDEX,2014-02-11,True,-0.018336857923832967,-0.012029948823150727,0.4,0.14536122935414272,0.1636980872779757,0.0893384676998429,0.04311840184633253,1569.2942351972724
INDEX,2014-03-13,True,0.07305060241056878,-0.008830013156862715,0.6455445544554456,0.16238907011041168,0.0893384676998429,0.13038244508298868,-0.007991859988040901,-295.1138099432032
INDEX,2014-04-11,True,0.039869357784551446,0.002329729861220542,0.7564356435643564,0.17025180286754013,0.13038244508298868,0.08378910899867563,0.05891733874639218,2139.51238672498
INDEX,2014-05-13,True,0.03792682256901496,-0.01852140965120916,0.015841584158415842,0.12171593156769059,0.08378910899867563,0.07523348630252688,0.04232399668784343,1606.1533089749423
INDEX,2014-06-12,True,0.050698852020941265,-0.015033820541720061,0.10693069306930693,0.12593233832346815,0.07523348630252688,0.06516619972199003,0.04964463971003687,1916.392296470457
INDEX,2014-07-14,True,0.05326856842184413,-0.010768176710004629,0.055445544554455446,0.11843476814383416,0.06516619972199003,0.113869419710924,-0.0053622120110788886,-212.03258472381384
INDEX,2014-08-12,True,0.02776530378190832,-0.015229007323638133,0.5168316831683168,0.14163472349283232,0.113869419710924,0.06120854161600836,0.04538147100347263,1755.128391059304
INDEX,2014-09-11,True,0.06719889822551181,-0.018231776352605034,0.23564356435643563,0.12840743984152017,0.06120854161600836,0.1562227690297415,-0.021467402578627594,-857.6012446493334
INDEX,2014-10-10,True,0.055920339368729505,0.01271958017949193,0.996039603960396,0.212143108398471,0.1562227690297415,0.13871672521653997,0.05916536108271087,2255.5374001896207
INDEX,2014-11-10,True,-0.011493724397593358,-0.022977481642019015,0.22178217821782178,0.1272230008189466,0.13871672521653997,0.07868233323561223,0.026123415531019226,1064.9262639073345
INDEX,2014-12-10,True,0.10674300763905527,-0.005919831224982686,0.9544554455445544,0.1854253408746675,0.07868233323561223,0.17516598363552727,0.037164808063129044,1506.022095068693
INDEX,2015-01-12,True,0.02101587855575071,-0.008539484006525988,0.9663366336633663,0.19618186219127798,0.17516598363552727,0.1493811804036665,0.06205702018855812,2517.3554474734096
INDEX,2015-02-11,True,0.02081894168511042,-0.02666611776126454,0.8613861386138614,0.1702001220887769,0.1493811804036665,0.10717849726739465,0.05936241386169735,2455.8587136894007
INDEX,2015-03-13,True,0.05322575702319626,-0.018332185562917547,0.7722772277227723,0.1604042542905909,0.10717849726739465,0.11431347306001127,0.052802117997392706,2168.477278787787
INDEX,2015-04-14,True,0.022861686795587227,-0.02113933597166648,0.4178217821782178,0.1371751598555985,0.11431347306001127,0.10610207100954269,0.07133365640689979,2990.07873426793
INDEX,2015-05-13,True,0.03205544478876282,-0.024529236601490978,0.43366336633663366,0.1381575157983055,0.10610207100954269,0.09119703681400707,0.06845575517289416,2873.0606355637697
INDEX,2015-06-12,True,0.04699703054925977,-0.01774852613111308,0.4514851485148515,0.13819406736326684,0.09119703681400707,0.13023466448610657,0.03262300169525381,1366.3231516894393
INDEX,2015-07-14,True,0.0039202302177175075,-0.020267036629495055,0.38415841584158417,0.13415489470382408,0.13023466448610657,0.09967898060761858,0.043887260651623405,1851.1207241661707
INDEX,2015-08-12,True,0.03691507948926416,-0.021914127179957776,0.4277227722772277,0.13659406009688274,0.09967898060761858,0.3072263157510521,-0.1415563681557947,-5905.873374066551
INDEX,2015-09-11,True,-0.07491769249664906,-0.014360234689708068,0.9643564356435643,0.23230862325440302,0.3072263157510521,0.1711857843954414,0.08332414584329226,3268.056405491002
INDEX,2015-10-12,True,-0.008802671052269145,-0.02995715662662579,0.7742574257425743,0.16238311334317226,0.1711857843954414,0.11842124789323774,0.02552455745087035,1029.8954535555974
INDEX,2015-11-10,True,0.03507891318828943,-0.026469261739920286,0.691089108910891,0.15350016108152717,0.11842124789323774,0.1497592493018346,0.011068448054563664,460.8281871975066
INDEX,2015-12-10,True,0.04393821299826969,-0.013777254649976145,0.8811881188118812,0.1936974623001043,0.1497592493018346,0.18974914295441522,-0.002136661322119936,-87.6984084672506
INDEX,2016-01-12,True,0.03496300598858956,-0.0005823788346918657,0.9346534653465347,0.22471214894300479,0.18974914295441522,0.225638192140238,-0.006980919076587059,-270.67537140699017
INDEX,2016-02-11,True,0.05567749754001067,0.004077045632517373,0.9900990099009901,0.28131568968024867,0.225638192140238,0.1741476168325967,0.06669668770955835,2439.871492495844
INDEX,2016-03-14,True,-0.004405592165662747,-0.0242442427941168,0.700990099009901,0.16974202466693394,0.1741476168325967,0.10137854448724776,0.06795869250956092,2745.0418947099656
INDEX,2016-04-13,True,0.037796320249743054,-0.03314352010172755,0.3683168316831683,0.1391748647369908,0.10137854448724776,0.08700394633950741,0.05634343985951773,2346.6140326085133
INDEX,2016-05-12,True,0.0578477747944159,-0.032371738536443845,0.44356435643564357,0.1448517211339233,0.08700394633950741,0.09624840862884242,0.06955185930100523,2871.2539154637807
INDEX,2016-06-13,True,0.11363741062364464,-0.008733665334536622,0.8633663366336634,0.20988581925248706,0.09624840862884242,0.19179501944751098,0.013342287636511145,554.7883463067906
INDEX,2016-07-13,True,-0.06073761302991082,-0.028399374775590708,0.16237623762376238,0.13105740641760016,0.19179501944751098,0.05595981214485502,0.0820897950342739,3533.8506382803016
INDEX,2016-08-11,True,0.06168261788687455,-0.03506580761362098,0.011881188118811881,0.11764243003172957,0.05595981214485502,0.10854732036345258,0.01602324744376023,700.4690931200955
INDEX,2016-09-12,True,0.043508367563437456,-0.020463294550599892,0.5108910891089109,0.15205568792689003,0.10854732036345258,0.11325703118382631,0.05163930998418281,2229.8267569082122
INDEX,2016-10-11,True,0.04067853933038869,-0.015326810443001632,0.5425742574257426,0.153935570514215,0.11325703118382631,0.10120939595267976,0.07166356338074871,3062.5136876573642
INDEX,2016-11-09,True,0.04299961902211298,-0.01842751228768913,0.4079207920792079,0.14420901497479274,0.10120939595267976,0.07528573452975337,0.06837560825580373,2958.2843796636103
INDEX,2016-12-09,True,0.04301683271555093,-0.03361640268491059,0.015841584158415842,0.1183025672453043,0.07528573452975337,0.06851076642538473,0.08385649333714752,3789.525296936363
INDEX,2017-01-11,True,0.04482845191880888,-0.03109991184138705,0.0019801980198019802,0.11333921834419361,0.06851076642538473,0.06001229006404091,0.06220091875462122,2830.5399742556137
INDEX,2017-02-10,True,0.04919147170782848,-0.02964730113811656,0.007920792079207921,0.10920376177186938,0.06001229006404091,0.06805919077877895,0.02004438553227313,928.4960657751465
INDEX,2017-03-14,True,0.0554555267525188,-0.02258931011673518,0.17227722772277226,0.12351471753129775,0.06805919077877895,0.06395757599490244,0.07863420418744961,3720.1054891128383
INDEX,2017-04-12,True,0.09364484645362416,0.0047569628478307535,0.6712871287128713,0.1576024224485266,0.06395757599490244,0.06816367388123962,0.08672659716923453,4067.3558714295427
INDEX,2017-05-12,True,0.03641860891443943,-0.02490609453222517,0.011881188118811881,0.10458228279567905,0.06816367388123962,0.08346035429845011,0.026662961229028507,1274.969427973589
INDEX,2017-06-13,True,0.02125726141684342,-0.022390421063262028,0.03564356435643564,0.10471761571529353,0.08346035429845011,0.08032867120936786,0.060100312323022605,2933.3160609331867
INDEX,2017-07-13,True,0.019277073948041026,-0.025677609482270575,0.011881188118811881,0.09960574515740889,0.08032867120936786,0.0601438756813461,0.035135066006993905,1720.0934273765383
INDEX,2017-08-11,True,0.09513901649108572,-0.00853888132034794,0.6613861386138614,0.15528289217243182,0.0601438756813461,0.09304145623234508,0.07220493688274596,3525.5072289293944
INDEX,2017-09-12,True,0.013443800381235077,-0.028872284465373543,0.09702970297029703,0.10648525661358016,0.09304145623234508,0.03814777845472413,0.055783478607353075,2785.246751683275
INDEX,2017-10-11,True,0.06089267352579841,-0.023162433815205122,0.04356435643564356,0.09904045198052254,0.03814777845472413,0.04668029692420448,0.05377790164178312,2748.3088973195017
INDEX,2017-11-09,True,0.05891896143469271,-0.02558368615565032,0.16633663366336635,0.10559925835889719,0.04668029692420448,0.06853040831133125,0.033387019870893084,1725.8552642249815
INDEX,2017-12-11,True,0.02555516626025625,-0.02847784485208031,0.005940594059405941,0.0940855745715875,0.06853040831133125,0.06965079442229379,0.01566137241049288,833.1818769048772
INDEX,2018-01-11,True,0.029662129751871408,-0.0220982305569825,0.0891089108910891,0.09931292417416519,0.06965079442229379,0.24374912179067335,-0.18797175248570874,-10404.46228646636
INDEX,2018-02-12,True,0.01182409421802863,0.02670712347749657,0.9861386138613861,0.255573216008702,0.24374912179067335,0.14682170351128546,0.11130721300913504,5912.639155045254
INDEX,2018-03-14,True,0.02580552179560497,-0.015037014602153731,0.9168316831683169,0.17262722530689042,0.14682170351128546,0.2261004227559581,-0.039377314323064454,-2165.3427483178216
INDEX,2018-04-13,True,-0.05176250948430655,-0.01106114873185704,0.8851485148514852,0.17433791327165155,0.2261004227559581,0.11319239871511243,0.07183391845997321,3816.2488222548477
INDEX,2018-05-14,True,0.01645071311455372,-0.01551874886069135,0.6099009900990099,0.12964311182966615,0.11319239871511243,0.09410345528558633,0.048507055000113763,2648.6112076608015
INDEX,2018-06-13,True,0.035726853352635285,-0.019200772058721033,0.6316831683168317,0.12983030863822162,0.09410345528558633,0.09673205685834615,0.054880117176899355,3046.5378641690686
INDEX,2018-07-13,True,0.025590291767140325,-0.022879482249670582,0.5168316831683168,0.12232234862548648,0.09673205685834615,0.0686053440944253,0.06608827271032892,3702.674861970625
INDEX,2018-08-13,True,0.07949750620274086,-0.013872268289288031,0.7920792079207921,0.14810285029716616,0.0686053440944253,0.06757063992205939,0.06999894550621918,3950.6423901456187
INDEX,2018-09-12,True,0.06430589942739923,-0.021138426940364802,0.6554455445544555,0.13187653934945862,0.06757063992205939,0.14882814527435834,-0.020024199544630278,-1156.9661796816542
INDEX,2018-10-11,True,0.10032677898322159,0.033218086714239065,0.9881188118811881,0.24915492425757993,0.14882814527435834,0.21153668630897854,0.041561277635411106,2267.8909586517766
INDEX,2018-11-09,True,-0.03770735079135923,-0.010673175138350255,0.8772277227722772,0.1738293355176193,0.21153668630897854,0.2154717035291554,-0.08687463321728042,-4831.984491439483
INDEX,2018-12-12,True,-0.0008453372008599691,-0.001261796944024507,0.9465346534653465,0.21462636632829543,0.2154717035291554,0.2889766702278508,0.005946888986418554,315.312387835005
INDEX,2019-01-14,False,-0.09809892434123524,-0.008345394995696892,0.8435643564356435,0.19087774588661555,0.2889766702278508,0.12682357736237038,0.033538076707883335,1732.3155177853932
INDEX,2019-02-13,False,0.029952172215098716,-0.012709197020415147,0.699009900990099,0.1567757495774691,0.12682357736237038,0.08932980163834135,0.07009737736061576,3859.603696974602
INDEX,2019-03-15,False,0.039928658777374185,-0.020363095060137282,0.5128712871287129,0.12925846041571554,0.08932980163834135,0.1035758685702816,0.020865206720908372,1177.8325651621178
INDEX,2019-04-15,False,0.020110157531447334,-0.021427376411757376,0.42574257425742573,0.12368602610172894,0.1035758685702816,0.12420766974589557,-0.013803189778180054,-802.125464681172
INDEX,2019-05-15,False,0.04041129377497264,-0.010187999680148552,0.7346534653465346,0.16461896352086822,0.12420766974589557,0.12954247139675712,0.07040130936247696,4014.2262837999237
INDEX,2019-06-14,False,0.02353573252736149,-0.01280600061346987,0.6178217821782178,0.1530782039241186,0.12954247139675712,0.08115703395026924,0.04625180692772805,2670.560813217134
INDEX,2019-07-16,False,0.047962938780990755,-0.02288108169911296,0.39603960396039606,0.12911997273126,0.08115703395026924,0.19751881770835322,-0.02788271361609062,-1675.2157620089872
INDEX,2019-08-14,False,0.02332227890714972,0.007766678248217279,0.9287128712871288,0.22084109661550294,0.19751881770835322,0.15109268385284286,0.042423470922280035,2410.162312894915
INDEX,2019-09-13,False,-0.013038568542661055,-0.028401641423467072,0.44554455445544555,0.1380541153101818,0.15109268385284286,0.13235388715364851,0.01600485699439715,962.6569031421659
INDEX,2019-10-14,False,0.013905817660925052,-0.02472462595834557,0.45544554455445546,0.14625970481457357,0.13235388715364851,0.06865912042201486,0.04858173941253873,2882.0144322838255
INDEX,2019-11-12,False,0.0587705112089858,-0.027236847811099862,0.23366336633663368,0.12742963163100066,0.06865912042201486,0.07846004935916713,0.05166246276552855,3194.6414683523585
INDEX,2019-12-12,False,0.061407462804680665,-0.02084915463303849,0.3940594059405941,0.1398675121638478,0.07846004935916713,0.07193624068886997,0.049620930139134795,3144.5478800602823
INDEX,2020-01-14,False,0.052459072145601054,-0.02181487458114509,0.12673267326732673,0.12439531283447103,0.07193624068886997,0.12956953769507884,-0.010488810498875034,-688.7267433016734
INDEX,2020-02-13,False,0.012256207623692728,-0.014841289267408658,0.39801980198019804,0.14182574531877157,0.12956953769507884,0.8173648364490032,-0.1881389467120977,-12695.390136920969
INDEX,2020-03-16,False,0.00677405916044449,0.1456200944243634,1.0,0.8241388956094476,0.8173648364490032,0.6358588213788204,0.12492060967081323,8458.153161597525
INDEX,2020-04-15,False,-0.22776837363215435,0.015145179850940105,0.9485148514851485,0.4080904477466661,0.6358588213788204,0.26807766985440684,0.18886316014583762,10513.483714231068
INDEX,2020-05-14,False,0.0585013168942502,-0.022218683402960127,0.900990099009901,0.32657898674865704,0.26807766985440684,0.28831490644922514,0.07240431385129006,4130.666105216098
INDEX,2020-06-15,False,0.05610744875891649,-0.019697377282478945,0.9108910891089109,0.34442235520814163,0.28831490644922514,0.1981706616186356,0.16785747638510626,10295.00146521803
INDEX,2020-07-15,False,0.08024914989199977,-0.03685388012770824,0.8198019801980198,0.2784198115106354,0.1981706616186356,0.1125102468884388,0.1589366508175429,10256.372987490913
INDEX,2020-08-13,False,0.11017350232934361,-0.05852335616670365,0.7188118811881188,0.22268374921778242,0.1125102468884388,0.2084718523967831,0.08439977369684432,5694.3344562525945
INDEX,2020-09-14,False,0.051046259089046614,-0.044890921345665635,0.7782178217821782,0.2595181114858297,0.2084718523967831,0.19139862449808245,0.08514880834575025,5762.088046326103
INDEX,2020-10-13,False,0.06978215022346687,-0.02211930844696597,0.7485148514851485,0.2611807747215493,0.19139862449808245,0.2143591310008189,0.11897919171280531,8356.931692372184
INDEX,2020-11-11,False,0.020599536500062965,-0.021051481234881625,0.6455445544554456,0.23495866750088187,0.2143591310008189,0.12202857081107023,0.1206878178810458,8623.530576471387
INDEX,2020-12-11,False,0.11165733461328069,-0.026576918094368462,0.6376237623762376,0.23368590542435091,0.12202857081107023,0.10885231776645209,0.10697621158514381,7838.061358299054
INDEX,2021-01-13,False,0.11397269141394191,-0.03238974567498348,0.596039603960396,0.222825009180394,0.10885231776645209,0.16086561869109112,0.09335199381655815,7113.12336653682
INDEX,2021-02-12,False,0.040364891711843154,-0.06324610015884413,0.49504950495049505,0.20123051040293427,0.16086561869109112,0.17702264292409392,0.10701882608222535,8422.01791587937
INDEX,2021-03-16,False,0.021992798215866555,-0.04767964351824783,0.4514851485148515,0.19901544113996048,0.17702264292409392,0.12314759194305563,0.07104605619381606,5630.698291291205
INDEX,2021-04-15,False,0.04350409402425437,-0.04060399514082799,0.3326732673267327,0.16665168596731,0.12314759194305563,0.1417208635766617,0.0605604514380084,5051.2502630962745
INDEX,2021-05-14,False,0.047139231568290696,-0.03344906204355172,0.401980198019802,0.1888600951449524,0.1417208635766617,0.07232969848856761,0.13569710017141987,11327.587096043015
INDEX,2021-06-15,False,0.09868803236453665,-0.03547737572595219,0.3089108910891089,0.17101773085310426,0.07232969848856761,0.09863379958652879,0.06702745080890621,5692.761837151077
INDEX,2021-07-15,False,0.07238770093291388,-0.03954166899546652,0.29504950495049503,0.17102150051944268,0.09863379958652879,0.10629327439686445,0.08882426916914686,7745.529184444326
INDEX,2021-08-13,False,0.049326742736377605,-0.04659248716601527,0.1801980198019802,0.15562001713324206,0.10629327439686445,0.08435996974503568,0.1086420184550212,9708.250769140694
INDEX,2021-09-14,False,0.11091332807493581,-0.029963691222407385,0.4198019801980198,0.1952732978199715,0.08435996974503568,0.14810146659055007,0.06810601540226995,6051.968368621987
INDEX,2021-10-13,False,0.03892951563031696,-0.028121863948110837,0.3564356435643564,0.18703098222086703,0.14810146659055007,0.09502969189877229,0.03999872053401683,3490.9281770818507
INDEX,2021-11-11,False,0.08239983943972286,-0.0360600725276044,0.29306930693069305,0.17742953133849515,0.09502969189877229,0.16885197640921645,0.07018395926580275,6526.083553329983
INDEX,2021-12-13,False,0.03513702291685866,-0.03887474942334407,0.40594059405940597,0.20398899932607512,0.16885197640921645,0.1481333252663121,0.09776972025500477,9129.67823568446
INDEX,2022-01-12,False,0.02895520301633836,-0.03838275893780113,0.2297029702970297,0.17708852828265045,0.1481333252663121,0.21949362006924458,-0.042147582883222685,-3984.0846495218884
INDEX,2022-02-11,False,0.05441145572882308,-0.014264070449956368,0.7247524752475247,0.27390507579806767,0.21949362006924458,0.24243775656323568,0.035619377672673556,3147.7842365883816
INDEX,2022-03-15,False,0.05630801228233495,-0.020666137246585947,0.8198019801980198,0.29874576884557064,0.24243775656323568,0.17498860421253654,0.09601266597244824,8184.9841365347165
INDEX,2022-04-13,False,0.04402624878082226,-0.03606996771031354,0.46534653465346537,0.2190148529933588,0.17498860421253654,0.3175356055991515,-0.10476020197407772,-9316.513002542653
INDEX,2022-05-13,False,-0.028454070435449397,-0.01775627974432753,0.8514851485148515,0.2890815351637021,0.3175356055991515,0.3015187644318209,-0.04879545706072175,-3926.9509294073628
INDEX,2022-06-14,False,0.025501598615127796,-0.0057262290025386076,0.9524752475247524,0.3270203630469487,0.3015187644318209,0.22844653419723016,0.1331871775046158,9950.360704472603
INDEX,2022-07-15,False,0.014462914515603165,-0.02764386105191069,0.6396039603960396,0.24290944871283332,0.22844653419723016,0.19751737103443892,0.011130416997162306,859.9716149699645
INDEX,2022-08-15,False,0.00272029750184824,-0.0326766314574069,0.3485148514851485,0.20023766853628716,0.19751737103443892,0.24817362784829455,-0.03873704383374553,-3329.1701167164297
INDEX,2022-09-14,False,0.013695648682702122,-0.012614787765114044,0.7544554455445545,0.2618692765309967,0.24817362784829455,0.2557768731785794,0.0021877739577917683,172.6595587310175
INDEX,2022-10-13,False,0.06359487711540757,0.0013589370200676187,0.9425742574257425,0.31937175029398696,0.2557768731785794,0.30391819370968204,-0.003940615487082198,-289.23407671709344
INDEX,2022-11-11,False,-0.07802157816787716,-0.031227566029782078,0.5405940594059406,0.22589661554180487,0.30391819370968204,0.17556835335198429,0.09307650336644314,7432.959124486404
INDEX,2022-12-13,False,0.05029678517618333,-0.01688160051289242,0.5405940594059406,0.2258651385281676,0.17556835335198429,0.18245690863140263,0.07992279958241864,6425.233470730164
INDEX,2023-01-13,False,0.001649168912631005,-0.02705580737802235,0.2376237623762376,0.18410607754403363,0.18245690863140263,0.1652713214708968,0.013805313216038465,1104.1738248496974
INDEX,2023-02-14,False,0.02430561229491493,-0.021630066559228084,0.30495049504950494,0.18957693376581172,0.1652713214708968,0.17451955953587783,0.012263015139875821,1014.4284674684499
INDEX,2023-03-16,False,0.05570852893326739,-0.015233076051174077,0.6336633663366337,0.23022808846914522,0.17451955953587783,0.12963314265449377,0.0929710812093101,7363.830324307374
INDEX,2023-04-17,False,0.04045530992987195,-0.026181778028067038,0.12079207920792079,0.17008845258436572,0.12963314265449377,0.1304910213050542,0.08056769579249659,6689.2454547003335
INDEX,2023-05-16,False,0.050043905413202555,-0.02821767444673634,0.22376237623762377,0.18053492671825674,0.1304910213050542,0.12690600616267964,0.0384329447363974,3159.111116378048
INDEX,2023-06-15,False,0.018684817132570114,-0.02598336929105921,0.011881188118811881,0.14559082329524975,0.12690600616267964,0.09642145821007067,0.058160493522676084,5148.180591296472
INDEX,2023-07-18,False,0.03721020345004286,-0.0274323905182344,0.005940594059405941,0.13363166166011353,0.09642145821007067,0.0996318722368751,0.03274042943123852,2982.640012224826
INDEX,2023-08-16,False,0.06863922281088237,-0.02124035579360986,0.16633663366336635,0.16827109504775747,0.0996318722368751,0.11535415126558371,0.0715288373616794,6300.732196907117
INDEX,2023-09-15,False,0.023032397792512038,-0.0216238601352699,0.04950495049504951,0.13838654905809575,0.11535415126558371,0.1252989281014455,0.01104205165978841,982.8132280320783
INDEX,2023-10-16,False,0.04713491871065456,-0.015327876642177357,0.24752475247524752,0.17243384681210006,0.1252989281014455,0.1642956961517885,-0.0038231761548158925,-334.42314955917954
INDEX,2023-11-14,False,-0.022233331397952083,-0.02065573040816665,0.08118811881188119,0.1420623647538364,0.1642956961517885,0.07643844955231355,0.06473621662478178,5820.692434476476
INDEX,2023-12-14,False,0.04887086582586553,-0.02239607215676942,0.009900990099009901,0.12530931537817908,0.07643844955231355,0.0978988314442148,0.06010974769310911,5673.81895969656
INDEX,2024-01-17,False,0.050339590649167626,-0.015423361631636268,0.19207920792079208,0.14823842209338242,0.0978988314442148,0.12429309899299541,0.008156957863209816,773.1507191254285
INDEX,2024-02-15,False,0.016182380919411363,-0.01697350348992968,0.18415841584158416,0.14047547991240678,0.12429309899299541,0.11535847849751935,0.021078254272521996,2120.358549008948
INDEX,2024-03-18,False,0.028348339674205192,-0.018330553638033265,0.22772277227722773,0.14370681817172454,0.11535847849751935,0.11465323070028076,0.00973122246430339,1002.2030164376281
INDEX,2024-04-17,False,0.06756171625791242,-0.005434667626759454,0.4594059405940594,0.18221494695819318,0.11465323070028076,0.12170650580259265,0.053804819332491406,5404.381991961618
INDEX,2024-05-16,False,0.0028832510583832877,-0.01745618014243884,0.009900990099009901,0.12458975686097594,0.12170650580259265,0.08248895313267769,0.04274172696322054,4528.144121417446
INDEX,2024-06-17,False,0.045455797587274124,-0.019781694450639514,0.07128712871287128,0.12794475071995182,0.08248895313267769,0.09032471158332607,0.04651496400630316,5091.741910794465
INDEX,2024-07-18,False,0.06910515189859194,-0.006113687051733596,0.4613861386138614,0.159429863481918,0.09032471158332607,0.21515804523413395,-0.003061963079914579,-339.5465878966369
INDEX,2024-08-16,False,-0.06648898598479924,-0.02917910555994127,0.39801980198019804,0.1486690592493347,0.21515804523413395,0.13852150157903237,0.02944351937877409,3270.73335019112
INDEX,2024-09-17,False,0.03812370470777743,-0.024438946001156092,0.601980198019802,0.1766452062868098,0.13852150157903237,0.10592791475264342,0.05416785260561389,6104.262063328068
INDEX,2024-10-16,False,0.09002449490162713,-0.007181230140910488,0.7544554455445545,0.19595240965427055,0.10592791475264342,0.1293938120928854,0.07355675129355885,8595.062570665741
INDEX,2024-11-14,False,0.014224193553998121,-0.022980811135903556,0.3425742574257426,0.1436180056468835,0.1293938120928854,0.08083064468708469,0.06525637469084249,7764.425230427303
INDEX,2024-12-16,False,0.06670744598650581,-0.027920285532340217,0.42178217821782177,0.1475380906735905,0.08083064468708469,0.1717088909956397,-0.013643616785829467,-1657.4484182475721
INDEX,2025-01-17,False,-0.011529484301872922,-0.021530125553688634,0.5485148514851486,0.1601794066937668,0.1717088909956397,0.10539500608975369,0.06186621942416363,7419.813860774037
INDEX,2025-02-19,False,0.047888628550092405,-0.025791321095704728,0.499009900990099,0.1532836346398461,0.10539500608975369,0.2064542322401469,-0.06109218006288687,-7507.190243347063
INDEX,2025-03-20,False,-0.008266074674951385,-0.00883054727871746,0.8871287128712871,0.1981881575651955,0.2064542322401469,0.47013687645343194,-0.19755129297599808,-22374.225369796313
INDEX,2025-04-21,False,-0.13232767661941564,0.019321838809406633,0.9881188118811881,0.3378091998340163,0.47013687645343194,0.18810595821984105,0.09430923538684613,9729.318327844045
INDEX,2025-05-20,False,-0.006636361895595078,-0.025505342047903917,0.7445544554455445,0.18146959632424597,0.18810595821984105,0.12465285619240979,0.1288377691477406,15307.112181573235
INDEX,2025-06-20,False,0.0819398590238595,-0.01804439000256111,0.8633663366336634,0.2065927152162693,0.12465285619240979,0.084890304531448,0.0712319886463602,8502.02199986592
INDEX,2025-07-22,False,0.08077732378623828,-0.029376957733670717,0.5722772277227722,0.16566762831768628,0.084890304531448,0.10421479675337064,0.07600836696098583,9591.678425032118
INDEX,2025-08-20,False,0.05344784609448883,-0.033053529876985205,0.4772277227722772,0.15766264284785947,0.10421479675337064,0.08845668989005258,0.054871213007260465,7018.883898776783
INDEX,2025-09-19,False,0.06671465394997277,-0.029374454017442292,0.45742574257425744,0.15517134384002534,0.08845668989005258,0.13036879963655623,0.046348043483535536,6177.600814665766
INDEX,2025-10-20,False,0.05237526816957003,-0.020175624678791304,0.7346534653465346,0.18274406780612626,0.13036879963655623,0.12676187049682544,0.05928565717131393,7985.932024733873
INDEX,2025-11-18,False,0.12010788711057171,0.0014560174956902427,0.9465346534653465,0.24686975760739716,0.12676187049682544,0.11904401240055731,0.12497437875602319,16539.908681233097
INDEX,2025-12-18,False,0.05024931851272943,-0.02637537556289951,0.601980198019802,0.16929333091328674,0.11904401240055731,0.10746604047006753,0.04285437855142117,5806.562391820622
INDEX,2026-01-21,False,0.06206678093701745,-0.023856679802474468,0.6,0.16953282140708498,0.10746604047006753,0.11593978232496717,0.11138661609400703,15317.041168027914
INDEX,2026-02-20,False,0.0753853657426745,-0.019400792129919492,0.7623762376237624,0.19132514806764167,0.11593978232496717,0.14082987172313247,0.04256389272407384,5881.912648800062
INDEX,2026-03-23,False,0.1206600268543386,0.0004853280336798993,0.9485148514851485,0.26148989857747107,0.14082987172313247,0.18358444043434122,0.07989000784515495,10515.122832579294
INDEX,2026-04-22,False,0.006112815263543209,-0.02250234879307289,0.6811881188118812,0.18969725569788443,0.18358444043434122,0.11017644998204024,0.06316766087199671,9017.688807390168
INDEX,2026-05-21,False,0.05814053175334147,-0.03141090986950035,0.44554455445544555,0.1683169817353817,0.11017644998204024,0.16561208498621738,-0.013701995737466968,-2040.424532923214
